/*
SQLyog Ultimate v9.50 
MySQL - 5.5.25 : Database - mekoo
*********************************************************************
*/

/*!40101 SET NAMES utf8 */;

/*!40101 SET SQL_MODE=''*/;

/*!40014 SET @OLD_UNIQUE_CHECKS=@@UNIQUE_CHECKS, UNIQUE_CHECKS=0 */;
/*!40014 SET @OLD_FOREIGN_KEY_CHECKS=@@FOREIGN_KEY_CHECKS, FOREIGN_KEY_CHECKS=0 */;
/*!40101 SET @OLD_SQL_MODE=@@SQL_MODE, SQL_MODE='NO_AUTO_VALUE_ON_ZERO' */;
/*!40111 SET @OLD_SQL_NOTES=@@SQL_NOTES, SQL_NOTES=0 */;
CREATE DATABASE /*!32312 IF NOT EXISTS*/`mekoo` /*!40100 DEFAULT CHARACTER SET utf8 */;

USE `mekoo`;

/*Data for the table `banners` */

/*Data for the table `cart_items` */

insert  into `cart_items`(`id`,`order_id`,`user_id`,`job_id`,`plan_id`,`itemName`,`note`,`source`,`section`,`quantity`,`price`,`details`) values (2,8,51,4,1,'Lorem ipsum dolor sit amet, consectetur adipiscing elit.',NULL,'model_plans','jobs',1,'10.00',NULL),(3,9,51,4,1,'Lorem ipsum dolor sit amet, consectetur adipiscing elit.',NULL,'model_plans','jobs',1,'10.00',NULL),(4,10,51,4,1,'Lorem ipsum dolor sit amet, consectetur adipiscing elit.',NULL,'model_plans','jobs',1,'10.00',NULL),(5,12,51,4,2,'Lorem ipsum dolor sit amet, consectetur adipiscing elit.',NULL,'model_plans','jobs',1,'20.00',NULL),(6,13,51,4,3,'Lorem ipsum dolor sit amet, consectetur adipiscing elit.',NULL,'model_plans','jobs',1,'40.00',NULL),(7,14,51,4,1,'Lorem ipsum dolor sit amet, consectetur adipiscing elit.',NULL,'model_plans','jobs',1,'10.00',NULL),(8,15,51,1,1,'Pellentesque sit amet nisi ac augue mollis sagittis.',NULL,'model_plans','jobs',1,'10.00',NULL),(9,16,51,1,1,'Pellentesque sit amet nisi ac augue mollis sagittis.',NULL,'model_plans','jobs',1,'10.00',NULL),(10,17,51,4,2,'Lorem ipsum dolor sit amet, consectetur adipiscing elit.',NULL,'model_plans','jobs',1,'20.00',NULL),(12,19,52,8,5,'asdasd',NULL,'model_plans','jobs',1,'0.05',NULL),(13,20,52,8,5,'asdasd',NULL,'model_plans','jobs',1,'0.05',NULL),(14,21,52,8,5,'asdasd',NULL,'model_plans','jobs',1,'0.05',NULL),(15,22,52,10,1,'Test job',NULL,'model_plans','jobs',1,'10.00',NULL),(16,23,52,11,1,'Aliquam vitae adipiscing ipsum. Nunc semper ut felis ac porta. D',NULL,'model_plans','jobs',1,'10.00',NULL),(17,24,51,1,1,'Pellentesque sit amet nisi ac augue mollis sagittis.',NULL,'model_plans','jobs',1,'10.00',NULL),(18,25,51,4,1,'Lorem ipsum dolor sit amet, consectetur adipiscing elit.',NULL,'model_plans','jobs',1,'10.00',NULL),(19,26,51,1,1,'Pellentesque sit amet nisi ac augue mollis sagittis.',NULL,'model_plans','jobs',1,'10.00',NULL),(20,28,51,NULL,9,'1 month ($ 1.00)',NULL,'model_plans','profile',1,'1.00',NULL),(21,29,51,NULL,11,'6 month ($ 6.00)',NULL,'model_plans','profile',1,'6.00',NULL),(22,30,51,1,1,'Pellentesque sit amet nisi ac augue mollis sagittis.',NULL,'model_plans','jobs',1,'10.00',NULL),(23,31,51,NULL,9,'1 month ($ 1.00)',NULL,'model_plans','profile',1,'1.00',NULL),(24,32,51,NULL,9,'1 month ($ 1.00)',NULL,'model_plans','profile',1,'1.00',NULL),(25,33,51,NULL,9,'1 month ($ 1.00)',NULL,'model_plans','profile',1,'1.00',NULL),(26,34,51,NULL,8,'2 month ($ 2.00)',NULL,'model_plans','profile',1,'2.00',NULL);

/*Data for the table `cart_orders` */

insert  into `cart_orders`(`id`,`user_id`,`amount`,`delivery`,`deliveryCost`,`discount`,`processed`,`isPaid`,`dateTimeAdded`,`dateTimePaid`,`token`,`sessionId`,`transactionId`,`customer`,`email`,`state`,`zip`,`city`,`address`,`phone`,`comment`,`paypalLink`,`paypalRecurringStatus`,`paypalRecurringProfileId`,`paypalMethod`,`paypalToken`,`paypalEmail`,`paypalAck`,`paypalMessage`,`paypalInfo`,`paypalCorrelationId`,`paypalTimestamp`,`position`) values (8,51,'10.00','0',0,NULL,NULL,1,'2014-08-15 04:07:41','2014-08-15 04:07:41','r89n0o','sgar3cdbmrp8427fp7vcf2pno4','0J36669367070801W','Andrew Svorak','andrew.svorak@gmail.com','AZ','77400','Tysmenitsa','Galitska 44','01234567890','',NULL,NULL,NULL,'DoDirectPayment',NULL,NULL,'Success',NULL,NULL,'acf1456d28725','2014-08-15T09:07:31Z',NULL),(9,51,'10.00','0',0,NULL,NULL,1,'2014-08-15 04:24:37','2014-08-15 04:24:37','77odpp','sgar3cdbmrp8427fp7vcf2pno4','5AR30944LT6349832','Andrew Svorak','andrew.svorak@gmail.com','AK','77400','Tysmenitsa','Galitska 44','01234567890','',NULL,NULL,NULL,'DoDirectPayment3333',NULL,NULL,'Success',NULL,NULL,'5b2bebf9e73b','2014-08-15T09:24:27Z',NULL),(10,51,'10.00','0',0,NULL,NULL,1,'2014-08-15 04:32:10','2014-08-15 04:32:10','yvnjy6','sgar3cdbmrp8427fp7vcf2pno4','3R317953FL2811437','Andrew Svorak','andrew.svorak@gmail.com','AS','77400','Tysmenitsa','Galitska 44','01234567890','',NULL,NULL,NULL,'DoDirectPayment',NULL,NULL,'Success',NULL,NULL,'a821980912f0','2014-08-15T09:31:59Z',NULL),(11,51,'0.01','0',0,NULL,NULL,1,'2014-08-15 04:32:49','2014-08-15 04:32:49','vwvw3g','sgar3cdbmrp8427fp7vcf2pno4','43763338PW4239822','Andrew Svorak','andrew.svorak@gmail.com',NULL,NULL,NULL,NULL,'01234567890','',NULL,NULL,NULL,'DoDirectPayment',NULL,NULL,'Success',NULL,NULL,'697897bd6ca2a','2014-08-15T09:32:39Z',NULL),(12,51,'20.00','0',0,NULL,NULL,1,'2014-08-15 04:34:59','2014-08-15 04:34:59','9mjhls','sgar3cdbmrp8427fp7vcf2pno4','89162893M4665462Y','Andrew Svorak','andrew.svorak@gmail.com',NULL,NULL,NULL,NULL,'01234567890','',NULL,NULL,NULL,'DoDirectPayment',NULL,NULL,'Success',NULL,NULL,'f2e9710c422dc','2014-08-15T09:34:49Z',NULL),(13,51,'40.00','0',0,NULL,NULL,1,'2014-08-15 04:35:17','2014-08-15 04:35:17','ravgie','sgar3cdbmrp8427fp7vcf2pno4','5D69079752959970C','Andrew Svorak','andrew.svorak@gmail.com',NULL,NULL,NULL,NULL,'01234567890','',NULL,NULL,NULL,'DoDirectPayment',NULL,NULL,'Success',NULL,NULL,'7ad4784251928','2014-08-15T09:35:07Z',NULL),(14,51,'10.00','0',0,NULL,NULL,1,'2014-08-15 04:35:34','2014-08-15 04:35:34','jqr6ur','sgar3cdbmrp8427fp7vcf2pno4','7FC58998E95082002','Andrew Svorak','andrew.svorak@gmail.com',NULL,NULL,NULL,NULL,'01234567890','',NULL,NULL,NULL,'DoDirectPayment',NULL,NULL,'Success',NULL,NULL,'6c0a325a649fc','2014-08-15T09:35:24Z',NULL),(15,51,'10.00','0',0,NULL,NULL,1,'2014-08-15 04:41:47','2014-08-15 04:41:47','et6cox','sgar3cdbmrp8427fp7vcf2pno4','0U950853HH3255743','Andrew Svorak','andrew.svorak@gmail.com',NULL,NULL,NULL,NULL,'01234567890','',NULL,NULL,NULL,'DoDirectPayment',NULL,NULL,'Success',NULL,NULL,'5e41f9f76e8e9','2014-08-15T09:41:36Z',NULL),(16,51,'10.00','0',0,NULL,NULL,1,'2014-08-15 04:42:24','2014-08-15 04:42:24','q1k328','sgar3cdbmrp8427fp7vcf2pno4','7M9540613F641892A','Andrew Svorak','andrew.svorak@gmail.com','AZ','77400','Tysmenitsa','Galitska 44','01234567890','',NULL,NULL,NULL,'DoDirectPayment',NULL,NULL,'Success',NULL,NULL,'ba04671f5654','2014-08-15T09:42:13Z',NULL),(17,51,'20.00','0',0,NULL,0,1,'2014-08-15 04:42:46','2014-08-15 04:42:46','8c313x','sgar3cdbmrp8427fp7vcf2pno4','20045241K5274302R','Andrew Svorak','andrew.svorak@gmail.com',NULL,NULL,NULL,NULL,'01234567890','',NULL,NULL,NULL,'DoDirectPayment',NULL,NULL,'Success',NULL,NULL,'10ff871beb85f','2014-08-15T09:42:35Z',NULL),(19,52,'0.05','0',0,NULL,NULL,1,'2014-08-15 06:36:00','2014-08-15 06:36:00','aewh0j','tt3bmpr9moti9o3kb1f9cptff5','33X92948K8430070R','vova Stasic','vova@gmail.com',NULL,NULL,NULL,NULL,'','',NULL,NULL,NULL,'DoDirectPayment',NULL,NULL,'Success',NULL,NULL,'7a4fcad6654b','2014-08-15T11:35:50Z',NULL),(20,52,'0.05','0',0,NULL,NULL,1,'2014-08-15 06:37:27','2014-08-15 06:37:27','xm9ffy','tt3bmpr9moti9o3kb1f9cptff5','2XY86783V7918663C','vova Stasic','vova@gmail.com',NULL,NULL,NULL,NULL,'','',NULL,NULL,NULL,'DoDirectPayment',NULL,NULL,'Success',NULL,NULL,'30cf4114d6561','2014-08-15T11:37:17Z',NULL),(21,52,'0.05','0',0,NULL,NULL,1,'2014-08-15 06:38:56','2014-08-15 06:38:56','sj31ep','tt3bmpr9moti9o3kb1f9cptff5','8J716566X6507213Y','vova Stasic','vova@gmail.com','AK','23423','Tysmenitsa','dfafadsfadsfa','34fs323','dfdsfsdf',NULL,NULL,NULL,'DoDirectPayment',NULL,NULL,'Success',NULL,NULL,'7c04253967b08','2014-08-15T11:38:45Z',NULL),(22,52,'10.00','0',0,NULL,NULL,1,'2014-08-15 06:45:27','2014-08-15 06:45:27','mnfy2p','tt3bmpr9moti9o3kb1f9cptff5','4PS85735UR407630D','vova Stasic','vova@gmail.com','AZ','42342','Tysmenitsa','sdfsdfdsf','3312312','asdf ads',NULL,NULL,NULL,'DoDirectPayment',NULL,NULL,'Success',NULL,NULL,'913c6b5d526bf','2014-08-15T11:45:16Z',NULL),(23,52,'10.00','0',0,NULL,NULL,1,'2014-08-15 07:10:59','2014-08-15 07:10:59','3l10w9','tt3bmpr9moti9o3kb1f9cptff5','3FW93371EP807105A','vova Stasic','vova@gmail.com','AS','45456','Tysmenitsa','dfdfgdfg','34534534','sdfgsdgsdg',NULL,NULL,NULL,'DoDirectPayment',NULL,NULL,'Success',NULL,NULL,'a92355a9b243d','2014-08-15T12:10:48Z',NULL),(24,51,'10.00','0',0,NULL,NULL,1,'2014-09-02 09:42:07','2014-09-02 09:42:07','eui4ew','66dnlvdm4kf9otci1c40ner6r0','3JJ61370265938831','Andrew Svorak','andrew.svorak@gmail.com','AZ','77400','Tysmenitsa','Galitska 44','01234567890','',NULL,NULL,NULL,'DoDirectPayment',NULL,NULL,'Success',NULL,NULL,'26a481a18acc9','2014-09-02T14:41:29Z',NULL),(25,51,'10.00','0',0,NULL,NULL,1,'2014-09-23 08:34:33','2014-09-23 08:34:33','fg37ut','qlbqiarc7se0djsqbrvenq1pc2','0J023505CU272964X','Andrew Svorak','andrew.svorak@gmail.com','AK','77400','Tysmenitsa','Galitska 44','01234567890','fdfdf',NULL,NULL,NULL,'DoDirectPayment',NULL,NULL,'Success',NULL,NULL,'763c6c049513b','2014-09-23T13:34:03Z',NULL),(26,51,'10.00','0',0,NULL,NULL,1,'2014-09-24 07:38:20','2014-09-24 07:38:20','mt2xdt','qlbqiarc7se0djsqbrvenq1pc2','53D24930RF3881216','Andrew Svorak','andrew.svorak@gmail.com','AK','77400','Tysmenitsa','Galitska 44','01234567890','tyghhfghfghgh',NULL,NULL,NULL,'DoDirectPayment',NULL,NULL,'Success',NULL,NULL,'fa9c9aaa70164','2014-09-24T12:37:47Z',NULL),(27,51,'1.00','0',0,NULL,NULL,0,'2014-09-24 09:26:12','2014-09-24 09:26:00','mlipz1','qlbqiarc7se0djsqbrvenq1pc2','5EM601909B065593N','Andrew Svorak','andrew.svorak@gmail.com','AR','77400','Tysmenitsa','Galitska 44','01234567890','',NULL,NULL,NULL,'DoDirectPayment',NULL,NULL,'Success',NULL,NULL,'3122352513b8b','2014-09-24T14:25:39Z',NULL),(28,51,'1.00','0',0,NULL,NULL,1,'2014-09-24 09:28:20','2014-09-24 09:28:20','qcap3c','qlbqiarc7se0djsqbrvenq1pc2','9R511855554781902','Andrew Svorak','andrew.svorak@gmail.com','AR','77400','Tysmenitsa','Galitska 44','01234567890','',NULL,NULL,NULL,'DoDirectPayment',NULL,NULL,'Success',NULL,NULL,'57b49771cea79','2014-09-24T14:27:47Z',NULL),(29,51,'6.00','0',0,NULL,NULL,1,'2014-09-24 09:59:10','2014-09-24 09:59:10','kn5pog','9l7krb7km7oo8dkt9ntrginpv2','72R991084V5426310','Andrew Svorak','andrew.svorak@gmail.com','AR','77400','Tysmenitsa','Galitska 44','01234567890','',NULL,NULL,NULL,'DoDirectPayment',NULL,NULL,'Success',NULL,NULL,'68ca6b17c48d2','2014-09-24T14:58:37Z',NULL),(30,51,'10.00','0',0,NULL,NULL,1,'2014-10-10 08:46:45','2014-10-10 08:46:45','rjs0wx','qtcvpdjvv0ujdn75usgiaon9g1','0NJ69417PG5549600','Andrew Svorak','andrew.svorak@gmail.com','AK','77400','Tysmenitsa','Galitska 44','01234567890','',NULL,NULL,NULL,'DoDirectPayment',NULL,NULL,'Success',NULL,NULL,'339d8696232df','2014-10-10T13:47:20Z',NULL),(31,51,'1.00','0',0,NULL,NULL,1,'2014-10-16 10:06:31','2014-10-16 10:06:31','9p946t','hndb8kv9ig416abah5e05rc5o3','8BU42420J4610142B','Andrew Svorak','andrew.svorak@gmail.com','AS','77400','Tysmenitsa','Galitska 44','01234567890','',NULL,NULL,NULL,'DoDirectPayment',NULL,NULL,'Success',NULL,NULL,'2583e90f31822','2014-10-16T15:06:57Z',NULL),(32,51,'1.00','0',0,NULL,NULL,1,'2014-10-17 01:58:03','2014-10-17 01:58:03','m2ct0j','m8dc8lj9ecv1dgljfg92de07s1','8UF941398S315024A','Andrew Svorak','andrew.svorak@gmail.com','AK','77400','Tysmenitsa','Galitska 44','01234567890','',NULL,NULL,NULL,'DoDirectPayment',NULL,NULL,'Success',NULL,NULL,'ed58549e829f4','2014-10-17T06:58:28Z',NULL),(33,51,'1.00','0',0,NULL,NULL,1,'2014-10-17 02:01:13','2014-10-17 02:01:13','kjvcn7','orvno295d66dkocukvij954uj4','0XU34655BP264911K','Andrew Svorak','andrew.svorak@gmail.com','AS','77400','Tysmenitsa','Galitska 44','01234567890','',NULL,NULL,NULL,'DoDirectPayment',NULL,NULL,'Success',NULL,NULL,'b327b96a88e8a','2014-10-17T07:01:38Z',NULL),(34,51,'2.00','0',0,NULL,NULL,1,'2014-10-17 02:15:15','2014-10-17 02:15:15','59tqhh','d97bfhl6bnfcnde6usf4g35685','4G845876EY4035515','Andrew Svorak','andrew.svorak@gmail.com','KY','77400','Tysmenitsa','Galitska 44','01234567890','',NULL,NULL,NULL,'DoDirectPayment',NULL,NULL,'Success',NULL,NULL,'3aa0f9ee621df','2014-10-17T07:15:40Z',NULL);

/*Data for the table `certification_authorities` */

insert  into `certification_authorities`(`id`,`name`) values (1,'sdfsdfdsfds'),(2,'asdfa'),(3,' fadsf'),(4,'dfsg dfsg s'),(5,'dfgh'),(6,'University');

/*Data for the table `certifications` */

insert  into `certifications`(`id`,`name`) values (1,'sdfdsfdsf'),(2,'adsfasdf'),(3,'adsf ads'),(4,'dsgfadsg'),(5,'ghdfgh'),(6,'Name');

/*Data for the table `companies` */

insert  into `companies`(`id`,`name`,`user_id`,`createDate`,`email`,`domain`,`email2`,`url`,`year`,`type`,`size`,`phone`,`address`,`industry`,`companyStatus`,`description`,`avaToken`,`coverToken`,`followers`,`isAgree`) values (3,'Ukietech',NULL,NULL,NULL,NULL,NULL,NULL,NULL,NULL,NULL,NULL,NULL,NULL,NULL,NULL,NULL,NULL,NULL,0),(4,'Ukietech2',NULL,NULL,NULL,NULL,NULL,NULL,NULL,NULL,NULL,NULL,NULL,NULL,NULL,NULL,NULL,NULL,NULL,0),(5,'sdf',NULL,NULL,NULL,NULL,NULL,NULL,NULL,NULL,NULL,NULL,NULL,NULL,NULL,NULL,NULL,NULL,NULL,0),(6,'sdfdsf',NULL,NULL,NULL,NULL,NULL,NULL,NULL,NULL,NULL,NULL,NULL,NULL,NULL,NULL,NULL,NULL,NULL,0),(7,'ghgfh',NULL,NULL,NULL,NULL,NULL,NULL,NULL,NULL,NULL,NULL,NULL,NULL,NULL,NULL,NULL,NULL,NULL,0),(8,'Andrew',NULL,NULL,NULL,NULL,NULL,NULL,NULL,NULL,NULL,NULL,NULL,NULL,NULL,NULL,NULL,NULL,NULL,0),(9,'Andrew1',NULL,NULL,NULL,NULL,NULL,NULL,NULL,NULL,NULL,NULL,NULL,NULL,NULL,NULL,NULL,NULL,NULL,0),(10,'New Position',NULL,NULL,NULL,NULL,NULL,NULL,NULL,NULL,NULL,NULL,NULL,NULL,NULL,NULL,NULL,NULL,NULL,0),(11,'aval',53,'2014-07-10 07:21:27','sdsds@gmail1.com','gmail1.com','','',NULL,3,2,'','',2,NULL,'Fusce varius purus vel sollicitudin aliquet. In vel varius neque. Vestibulum ante ipsum primis in faucibus orci luctus et ultrices posuere cubilia Curae; Duis eleifend varius enim ac viverra. Ut placerat leo nec fringilla vestibulum. Fusce tristique, felis eget aliquam faucibus, dolor diam sagittis odio, nec luctus ante diam a ante. Integer vel mauris porta sapien congue porta. Pellentesque ipsum lectus, tempus a sollicitudin lacinia, molestie vitae lectus. Phasellus volutpat erat ac lacinia accumsan. Etiam at libero nulla. Suspendisse consectetur nulla in lectus commodo vestibulum. In porta justo eget est tempor, at tincidunt nisl suscipit. Nam justo turpis, dignissim eu elit ac, bibendum consectetur enim.','95ove6j7',NULL,4,1),(12,'івавіаі',NULL,NULL,NULL,NULL,NULL,NULL,NULL,NULL,NULL,NULL,NULL,NULL,NULL,NULL,NULL,NULL,NULL,0),(13,'sdsdsdsd',NULL,NULL,NULL,NULL,NULL,NULL,NULL,NULL,NULL,NULL,NULL,NULL,NULL,NULL,NULL,NULL,NULL,0),(14,'My company',52,'2014-07-10 08:54:52','sdsds@sdsds.sdd','sdsds.sdd','','',NULL,NULL,2,'','',2,NULL,'Lorem ipsum dolor sit amet, consectetur adipiscing elit. Nullam quis tellus ac nulla pulvinar cursus. Ut porttitor posuere elit at condimentum. Integer felis ante, luctus quis pellentesque sed, mollis et purus. Vivamus at purus consectetur, imperdiet dolor nec, feugiat est. Pellentesque ornare, nibh vitae lacinia egestas, tortor nunc eleifend lorem, sit amet fermentum dolor nibh eu dolor. Sed quis laoreet nisl. Nulla id placerat sapien. Phasellus sapien lacus, sagittis a lacus sed, ultrices facilisis purus. Sed vulputate quis mi at mattis. Proin aliquam nibh vel rhoncus pharetra.\r\n\r\nPraesent faucibus, dui venenatis pellentesque interdum, leo ligula dapibus lectus, sed consectetur nunc odio sit amet mi. Nunc ac elit eu quam semper interdum. Fusce convallis commodo tincidunt. Etiam interdum ac eros sed suscipit. Sed bibendum ullamcorper nisl, sit amet egestas diam posuere vitae. Quisque scelerisque, elit gravida vulputate viverra, eros quam scelerisque turpis, at fringilla turpis dolor eget felis. Aenean eu nibh id nisl sollicitudin bibendum et hendrerit orci. Nulla eget tortor venenatis, sagittis metus sed, auctor erat. Phasellus magna lorem, pulvinar a velit ut, consectetur pulvinar odio. Nunc tempus elementum suscipit.','uw0ixe8h','yblay9cw',2,1),(15,'asdasd',NULL,NULL,NULL,NULL,NULL,NULL,NULL,NULL,NULL,NULL,NULL,NULL,NULL,NULL,NULL,NULL,NULL,0),(16,'Test Company',NULL,NULL,NULL,NULL,NULL,NULL,NULL,NULL,NULL,NULL,NULL,NULL,NULL,NULL,NULL,NULL,NULL,0),(17,'rerere',NULL,NULL,NULL,NULL,NULL,NULL,NULL,NULL,NULL,NULL,NULL,NULL,NULL,NULL,NULL,NULL,NULL,0),(18,'Ukkkkkki',NULL,NULL,NULL,NULL,NULL,NULL,NULL,NULL,NULL,NULL,NULL,NULL,NULL,NULL,NULL,NULL,NULL,0),(19,'hahaha ',NULL,NULL,NULL,NULL,NULL,NULL,NULL,NULL,NULL,NULL,NULL,NULL,NULL,NULL,NULL,NULL,NULL,0),(20,'ttttt',NULL,NULL,NULL,NULL,NULL,NULL,NULL,NULL,NULL,NULL,NULL,NULL,NULL,NULL,NULL,NULL,NULL,0),(21,'gdfgdfg',NULL,NULL,NULL,NULL,NULL,NULL,NULL,NULL,NULL,NULL,NULL,NULL,NULL,NULL,NULL,NULL,NULL,0),(22,'dfssd',NULL,NULL,NULL,NULL,NULL,NULL,NULL,NULL,NULL,NULL,NULL,NULL,NULL,NULL,NULL,NULL,NULL,0),(23,'dfgdf',NULL,NULL,NULL,NULL,NULL,NULL,NULL,NULL,NULL,NULL,NULL,NULL,NULL,NULL,NULL,NULL,NULL,0),(25,'ghvjhgjh',NULL,NULL,NULL,NULL,NULL,NULL,NULL,NULL,NULL,NULL,NULL,NULL,NULL,NULL,NULL,NULL,NULL,0),(26,'dasfasdfasdfasdfa',NULL,NULL,NULL,NULL,NULL,NULL,NULL,NULL,NULL,NULL,NULL,NULL,NULL,NULL,NULL,NULL,NULL,0),(27,'test',61,'2014-07-11 02:33:25','dsfsdfs@df.fff','df.fff','','',NULL,NULL,NULL,'','',NULL,NULL,'Lorem ipsum dolor sit amet, consectetur adipiscing elit. Nullam quis tellus ac nulla pulvinar cursus. Ut porttitor posuere elit at condimentum. Integer felis ante, luctus quis pellentesque sed, mollis et purus. Vivamus at purus consectetur, imperdiet dolor nec, feugiat est. Pellentesque ornare, nibh vitae lacinia egestas, tortor nunc eleifend lorem, sit amet fermentum dolor nibh eu dolor. Sed quis laoreet nisl. Nulla id placerat sapien. Phasellus sapien lacus, sagittis a lacus sed, ultrices facilisis purus. Sed vulputate quis mi at mattis. Proin aliquam nibh vel rhoncus pharetra.\r\n\r\nPraesent faucibus, dui venenatis pellentesque interdum, leo ligula dapibus lectus, sed consectetur nunc odio sit amet mi. Nunc ac elit eu quam semper interdum. Fusce convallis commodo tincidunt. Etiam interdum ac eros sed suscipit. Sed bibendum ullamcorper nisl, sit amet egestas diam posuere vitae. Quisque scelerisque, elit gravida vulputate viverra, eros quam scelerisque turpis, at fringilla turpis dolor eget felis. Aenean eu nibh id nisl sollicitudin bibendum et hendrerit orci. Nulla eget tortor venenatis, sagittis metus sed, auctor erat. Phasellus magna lorem, pulvinar a velit ut, consectetur pulvinar odio. Nunc tempus elementum suscipit.',NULL,NULL,2,1),(28,'bla',61,'2014-07-11 02:42:40','sdfdsf@dsfdsfd.sfdsf','dsfdsfd.sfdsf','','',NULL,2,NULL,'','',8,NULL,'Aenean tempus vehicula erat. Praesent sed risus interdum, iaculis sapien quis, scelerisque turpis. In condimentum diam sit amet risus ultrices, non imperdiet nisl suscipit. Pellentesque et turpis id neque pulvinar accumsan. Pellentesque bibendum porta volutpat. Quisque vel congue leo. Nulla varius interdum tincidunt. Integer in sollicitudin ante. Etiam ac massa eget tellus fermentum consequat. Sed congue eros dui, vel vulputate neque gravida id. Fusce eleifend luctus arcu, id sodales enim fermentum in. Sed arcu tellus, lacinia nec turpis vestibulum, tincidunt suscipit felis. Etiam egestas accumsan mi, ac volutpat enim tristique vel. Suspendisse viverra tempor felis sed adipiscing. Fusce sed enim fermentum, placerat arcu ac, consectetur justo. Phasellus id dapibus felis.\r\n\r\nFusce varius purus vel sollicitudin aliquet. In vel varius neque. Vestibulum ante ipsum primis in faucibus orci luctus et ultrices posuere cubilia Curae; Duis eleifend varius enim ac viverra. Ut placerat leo nec fringilla vestibulum. Fusce tristique, felis eget aliquam faucibus, dolor diam sagittis odio, nec luctus ante diam a ante. Integer vel mauris porta sapien congue porta. Pellentesque ipsum lectus, tempus a sollicitudin lacinia, molestie vitae lectus. Phasellus volutpat erat ac lacinia accumsan. Etiam at libero nulla. Suspendisse consectetur nulla in lectus commodo vestibulum. In porta justo eget est tempor, at tincidunt nisl suscipit. Nam justo turpis, dignissim eu elit ac, bibendum consectetur enim.',NULL,NULL,4,1),(29,'test2',52,'2014-07-11 05:15:45','dsfdsdsfds@df.fdfd','df.fdfd','','',NULL,NULL,NULL,'','',NULL,NULL,'Ut tristique urna id lacus placerat blandit. Nam bibendum convallis neque, ac tristique dui laoreet id. Curabitur auctor augue sed dolor volutpat, at tristique augue ullamcorper. Maecenas placerat nibh in ultrices cursus. Duis vulputate mollis nisl. Aenean purus ligula, dapibus eu fermentum sed, ullamcorper in nisi. Aenean ultricies lorem vel elit convallis, dapibus pellentesque odio varius. Maecenas rutrum massa non ligula porttitor, id porttitor libero posuere.','wxtas1ru','n8sflbzk',1,1),(35,'My company 1',NULL,NULL,NULL,NULL,NULL,NULL,NULL,NULL,NULL,NULL,NULL,NULL,NULL,NULL,NULL,NULL,NULL,0),(36,'My company 1121212121212122',NULL,NULL,NULL,NULL,NULL,NULL,NULL,NULL,NULL,NULL,NULL,NULL,NULL,NULL,NULL,NULL,NULL,0),(37,'My',NULL,NULL,NULL,NULL,NULL,NULL,NULL,NULL,NULL,NULL,NULL,NULL,NULL,NULL,NULL,NULL,NULL,0),(38,'aval1',51,'2014-07-24 05:05:09','sdsd@sfdf.df','sfdf.df','mekooshar@meko.com','http://mekooshar.ukietech.net/groups/9/',NULL,NULL,NULL,'','',NULL,NULL,'Lorem ipsum dolor sit amet, consectetur adipiscing elit. Nulla sit amet quam bibendum mauris hendrerit lacinia. Etiam aliquet hendrerit ante eget scelerisque. Quisque in laoreet mauris. Praesent a tincidunt erat, aliquam pellentesque tellus. Sed in est eu augue mattis pulvinar. Integer tincidunt in felis quis mattis. Fusce non bibendum magna. Lorem ipsum dolor sit amet, consectetur adipiscing elit. Cum sociis natoque penatibus et magnis dis parturient montes, nascetur ridiculus mus. Vestibulum ut convallis elit. Etiam in elit ut orci molestie facilisis. Donec et ultricies turpis, vel luctus mauris. Morbi malesuada diam quis eleifend fringilla. Suspendisse sed viverra urna. Integer venenatis massa sed augue tempus, at pretium nibh aliquet. Lorem ipsum dolor sit amet, consectetur adipiscing elit.\r\n\r\nEtiam eu nulla ac nulla laoreet pulvinar non ut massa. Ut luctus ipsum eu dui mollis varius. In sed velit rutrum, tempor nunc vitae, feugiat tellus. Curabitur orci orci, porttitor at libero sit amet, hendrerit semper orci. Aenean ac diam feugiat justo ornare luctus. Nulla sodales risus ante, eget ullamcorper quam consectetur id. Aliquam velit tellus, ultrices vitae cursus quis, elementum at urna. Proin imperdiet diam et ante porta cursus. Lorem ipsum dolor sit amet, consectetur adipiscing elit. Vestibulum erat ligula, feugiat sit amet dapibus sed, tristique sit amet augue. Aliquam vitae lacus tortor.',NULL,'rx9rkhpc',3,1),(39,'dsfdsfdsf',NULL,NULL,NULL,NULL,NULL,NULL,NULL,NULL,NULL,NULL,NULL,NULL,NULL,NULL,NULL,NULL,NULL,0),(40,'олролпролпр',NULL,NULL,NULL,NULL,NULL,NULL,NULL,NULL,NULL,NULL,NULL,NULL,NULL,NULL,NULL,NULL,NULL,0);

/*Data for the table `company_follow` */

insert  into `company_follow`(`user_id`,`company_id`) values (51,11),(52,11),(53,11),(61,11),(52,14),(53,14),(52,27),(61,27),(51,28),(52,28),(53,28),(61,28),(52,29),(51,38),(52,38),(53,38);

/*Data for the table `company_locations` */

/*Data for the table `company_post_clicks` */

insert  into `company_post_clicks`(`user_id`,`post_id`,`company_id`,`createDate`) values (51,163,14,'2014-07-24 05:09:22'),(51,166,14,'2014-07-24 05:08:27'),(51,180,14,'2014-08-05 09:55:55'),(51,181,14,'2014-08-05 11:55:15'),(51,185,14,'2014-07-30 05:06:21'),(51,189,38,'2014-07-24 05:10:40'),(52,163,14,'2014-07-15 08:26:49'),(52,164,14,'2014-07-15 12:11:36'),(52,165,14,'2014-07-15 08:26:30'),(52,166,14,'2014-07-15 08:19:13'),(52,167,14,'2014-07-15 09:04:46'),(52,171,29,'2014-07-17 03:53:10'),(52,172,11,'2014-08-01 04:17:49'),(52,180,14,'2014-07-18 07:11:39'),(52,184,14,'2014-07-18 07:42:57'),(52,185,14,'2014-07-18 02:51:24'),(53,163,14,'2014-07-15 11:55:03');

/*Data for the table `company_post_comments` */

insert  into `company_post_comments`(`id`,`user_id`,`post_id`,`company_id`,`comment_id`,`createDate`) values (33,52,168,14,235,'2014-07-15 11:54:31'),(34,52,168,14,236,'2014-07-15 11:54:33'),(35,52,166,14,237,'2014-07-15 11:54:39'),(36,53,185,14,238,'2014-07-18 07:07:11'),(37,53,180,14,239,'2014-07-18 07:08:00'),(38,53,180,14,240,'2014-07-18 07:08:54'),(39,53,179,14,241,'2014-07-18 07:17:38'),(40,53,180,14,242,'2014-07-21 09:18:52'),(41,53,180,14,243,'2014-07-21 09:24:26'),(42,53,180,14,244,'2014-07-21 09:24:28'),(43,53,180,14,245,'2014-07-21 09:24:30'),(44,53,180,14,246,'2014-07-21 09:24:32'),(45,53,179,14,247,'2014-07-21 09:24:43'),(46,53,178,14,248,'2014-07-21 09:24:48'),(47,53,177,14,249,'2014-07-21 09:24:52'),(48,53,176,14,250,'2014-07-21 09:24:57'),(49,53,175,14,251,'2014-07-21 09:25:02'),(50,53,175,14,252,'2014-07-21 09:51:35'),(51,53,176,14,253,'2014-07-21 09:51:39'),(52,53,177,14,254,'2014-07-21 09:51:41'),(53,53,178,14,255,'2014-07-21 09:51:43'),(54,53,179,14,256,'2014-07-21 09:51:46'),(55,53,180,14,257,'2014-07-21 09:51:50'),(56,53,180,14,258,'2014-07-21 10:19:17'),(57,53,181,14,259,'2014-07-21 10:19:21'),(58,53,182,14,260,'2014-07-21 10:19:25'),(59,53,183,14,261,'2014-07-21 10:19:28'),(60,53,183,14,262,'2014-07-21 10:22:51'),(61,53,182,14,263,'2014-07-21 10:22:54'),(62,53,185,14,264,'2014-07-24 03:30:50'),(63,51,213,38,281,'2014-07-31 04:32:40'),(64,51,213,38,282,'2014-07-31 04:32:42'),(65,52,185,14,283,'2014-07-31 04:33:40'),(66,52,173,14,284,'2014-07-31 04:33:43'),(67,52,184,14,285,'2014-07-31 04:33:47'),(68,52,183,14,286,'2014-07-31 04:33:52'),(69,52,182,14,287,'2014-07-31 04:33:56'),(70,52,181,14,288,'2014-07-31 04:34:02'),(71,52,180,14,289,'2014-07-31 04:34:23'),(72,52,163,14,290,'2014-07-31 04:34:31'),(73,52,164,14,291,'2014-07-31 04:34:43'),(74,52,213,38,292,'2014-07-31 04:34:53'),(75,52,182,14,303,'2014-07-31 04:36:54'),(76,52,183,14,304,'2014-07-31 04:36:58'),(77,52,183,14,305,'2014-07-31 04:37:03'),(78,52,182,14,306,'2014-07-31 04:37:09'),(79,52,181,14,307,'2014-07-31 04:37:14'),(80,52,180,14,308,'2014-07-31 04:37:19'),(81,52,213,38,312,'2014-07-31 04:40:29'),(82,51,213,38,327,'2014-08-01 03:50:49'),(83,51,206,38,336,'2014-09-15 11:03:28'),(84,51,188,38,337,'2014-09-15 11:03:37');

/*Data for the table `company_post_impressions` */

insert  into `company_post_impressions`(`id`,`user_id`,`post_id`,`company_id`,`createDate`) values (1,52,168,14,'2014-07-15 07:31:19'),(2,52,167,14,'2014-07-15 07:31:19'),(3,52,166,14,'2014-07-15 07:31:19'),(4,52,165,14,'2014-07-15 07:31:19'),(5,52,164,14,'2014-07-15 07:31:19'),(6,52,163,14,'2014-07-15 07:31:19'),(8,52,168,14,'2014-07-15 07:31:40'),(9,52,167,14,'2014-07-15 07:31:40'),(10,52,166,14,'2014-07-15 07:31:41'),(11,52,165,14,'2014-07-15 07:31:41'),(12,52,164,14,'2014-07-15 07:31:41'),(13,52,163,14,'2014-07-15 07:31:41'),(15,52,168,14,'2014-07-15 07:32:07'),(16,52,167,14,'2014-07-15 07:32:07'),(17,52,166,14,'2014-07-15 07:32:07'),(18,52,165,14,'2014-07-15 07:32:07'),(19,52,164,14,'2014-07-15 07:32:07'),(20,52,163,14,'2014-07-15 07:32:07'),(22,52,168,14,'2014-07-15 07:32:29'),(23,52,167,14,'2014-07-15 07:32:29'),(24,52,166,14,'2014-07-15 07:32:29'),(25,52,165,14,'2014-07-15 07:32:29'),(26,52,164,14,'2014-07-15 07:32:29'),(27,52,163,14,'2014-07-15 07:32:29'),(28,52,168,14,'2014-07-15 07:45:51'),(29,52,167,14,'2014-07-15 07:45:51'),(30,52,166,14,'2014-07-15 07:45:51'),(31,52,165,14,'2014-07-15 07:45:51'),(32,52,164,14,'2014-07-15 07:45:51'),(33,52,163,14,'2014-07-15 07:45:52'),(35,52,168,14,'2014-07-15 07:46:29'),(36,52,167,14,'2014-07-15 07:46:30'),(37,52,166,14,'2014-07-15 07:46:30'),(38,52,165,14,'2014-07-15 07:46:30'),(39,52,164,14,'2014-07-15 07:46:30'),(40,52,163,14,'2014-07-15 07:46:30'),(42,52,168,14,'2014-07-15 07:46:35'),(43,52,167,14,'2014-07-15 07:46:35'),(44,52,166,14,'2014-07-15 07:46:35'),(45,52,165,14,'2014-07-15 07:46:35'),(46,52,164,14,'2014-07-15 07:46:35'),(47,52,163,14,'2014-07-15 07:46:35'),(49,52,168,14,'2014-07-15 07:47:45'),(50,52,167,14,'2014-07-15 07:47:45'),(51,52,166,14,'2014-07-15 07:47:45'),(52,52,165,14,'2014-07-15 07:47:45'),(53,52,164,14,'2014-07-15 07:47:45'),(54,52,163,14,'2014-07-15 07:47:45'),(56,52,168,14,'2014-07-15 07:48:26'),(57,52,167,14,'2014-07-15 07:48:26'),(58,52,166,14,'2014-07-15 07:48:26'),(59,52,165,14,'2014-07-15 07:48:26'),(60,52,164,14,'2014-07-15 07:48:26'),(61,52,163,14,'2014-07-15 07:48:27'),(63,52,168,14,'2014-07-15 07:48:34'),(64,52,167,14,'2014-07-15 07:48:34'),(65,52,166,14,'2014-07-15 07:48:34'),(66,52,165,14,'2014-07-15 07:48:34'),(67,52,164,14,'2014-07-15 07:48:34'),(68,52,163,14,'2014-07-15 07:48:34'),(70,52,168,14,'2014-07-15 07:49:17'),(71,52,167,14,'2014-07-15 07:49:17'),(72,52,166,14,'2014-07-15 07:49:17'),(73,52,165,14,'2014-07-15 07:49:17'),(74,52,164,14,'2014-07-15 07:49:17'),(75,52,163,14,'2014-07-15 07:49:17'),(77,52,168,14,'2014-07-15 08:17:13'),(78,52,167,14,'2014-07-15 08:17:13'),(79,52,166,14,'2014-07-15 08:17:13'),(80,52,165,14,'2014-07-15 08:17:13'),(81,52,164,14,'2014-07-15 08:17:13'),(82,52,163,14,'2014-07-15 08:17:13'),(84,52,168,14,'2014-07-15 08:26:18'),(85,52,167,14,'2014-07-15 08:26:18'),(86,52,166,14,'2014-07-15 08:26:18'),(87,52,165,14,'2014-07-15 08:26:18'),(88,52,164,14,'2014-07-15 08:26:18'),(89,52,163,14,'2014-07-15 08:26:18'),(91,52,168,14,'2014-07-15 09:04:27'),(92,52,167,14,'2014-07-15 09:04:27'),(93,52,166,14,'2014-07-15 09:04:27'),(94,52,165,14,'2014-07-15 09:04:27'),(95,52,164,14,'2014-07-15 09:04:27'),(96,52,163,14,'2014-07-15 09:04:27'),(98,52,168,14,'2014-07-15 09:07:49'),(99,52,167,14,'2014-07-15 09:07:49'),(100,52,166,14,'2014-07-15 09:07:49'),(101,52,165,14,'2014-07-15 09:07:49'),(102,52,164,14,'2014-07-15 09:07:49'),(103,52,163,14,'2014-07-15 09:07:49'),(105,52,168,14,'2014-07-15 09:08:51'),(106,52,167,14,'2014-07-15 09:08:51'),(107,52,166,14,'2014-07-15 09:08:51'),(108,52,165,14,'2014-07-15 09:08:51'),(109,52,164,14,'2014-07-15 09:08:51'),(110,52,163,14,'2014-07-15 09:08:51'),(111,52,168,14,'2014-07-15 09:16:10'),(112,52,167,14,'2014-07-15 09:16:10'),(113,52,166,14,'2014-07-15 09:16:10'),(114,52,165,14,'2014-07-15 09:16:10'),(115,52,164,14,'2014-07-15 09:16:10'),(116,52,163,14,'2014-07-15 09:16:10'),(117,53,168,14,'2014-07-15 10:02:39'),(118,53,167,14,'2014-07-15 10:02:39'),(119,53,166,14,'2014-07-15 10:02:39'),(120,53,165,14,'2014-07-15 10:02:39'),(121,53,164,14,'2014-07-15 10:02:39'),(122,53,163,14,'2014-07-15 10:02:39'),(123,52,168,14,'2014-07-15 11:51:12'),(124,52,167,14,'2014-07-15 11:51:12'),(125,52,166,14,'2014-07-15 11:51:12'),(126,52,165,14,'2014-07-15 11:51:12'),(127,52,164,14,'2014-07-15 11:51:12'),(128,52,163,14,'2014-07-15 11:51:12'),(130,52,168,14,'2014-07-15 12:08:57'),(131,52,167,14,'2014-07-15 12:08:57'),(132,52,166,14,'2014-07-15 12:08:57'),(133,52,165,14,'2014-07-15 12:08:57'),(134,52,164,14,'2014-07-15 12:08:57'),(135,52,163,14,'2014-07-15 12:08:57'),(137,52,168,14,'2014-07-15 12:11:31'),(138,52,167,14,'2014-07-15 12:11:31'),(139,52,166,14,'2014-07-15 12:11:31'),(140,52,165,14,'2014-07-15 12:11:31'),(141,52,164,14,'2014-07-15 12:11:31'),(142,52,163,14,'2014-07-15 12:11:31'),(144,52,168,14,'2014-07-15 12:14:18'),(145,52,167,14,'2014-07-15 12:14:18'),(146,52,166,14,'2014-07-15 12:14:18'),(147,52,165,14,'2014-07-15 12:14:18'),(148,52,164,14,'2014-07-15 12:14:18'),(149,52,163,14,'2014-07-15 12:14:18'),(151,52,168,14,'2014-07-16 04:27:05'),(152,52,167,14,'2014-07-16 04:27:05'),(153,52,166,14,'2014-07-16 04:27:06'),(154,52,165,14,'2014-07-16 04:27:06'),(155,52,164,14,'2014-07-16 04:27:06'),(156,52,163,14,'2014-07-16 04:27:06'),(158,52,168,14,'2014-07-16 07:04:07'),(159,52,167,14,'2014-07-16 07:04:07'),(160,52,166,14,'2014-07-16 07:04:07'),(161,52,165,14,'2014-07-16 07:04:07'),(162,52,164,14,'2014-07-16 07:04:07'),(163,52,163,14,'2014-07-16 07:04:08'),(164,53,168,14,'2014-07-16 07:04:25'),(165,53,167,14,'2014-07-16 07:04:25'),(166,53,166,14,'2014-07-16 07:04:25'),(167,53,165,14,'2014-07-16 07:04:26'),(168,53,164,14,'2014-07-16 07:04:26'),(169,53,163,14,'2014-07-16 07:04:26'),(170,52,168,14,'2014-07-16 07:05:12'),(171,52,167,14,'2014-07-16 07:05:12'),(172,52,166,14,'2014-07-16 07:05:12'),(173,52,165,14,'2014-07-16 07:05:12'),(174,52,164,14,'2014-07-16 07:05:12'),(175,52,163,14,'2014-07-16 07:05:12'),(176,52,168,14,'2014-07-16 07:18:21'),(177,52,167,14,'2014-07-16 07:18:21'),(178,52,166,14,'2014-07-16 07:18:22'),(179,52,165,14,'2014-07-16 07:18:22'),(180,52,164,14,'2014-07-16 07:18:22'),(181,52,163,14,'2014-07-16 07:18:22'),(184,52,168,14,'2014-07-16 07:39:57'),(185,52,167,14,'2014-07-16 07:39:57'),(186,52,166,14,'2014-07-16 07:39:57'),(187,52,165,14,'2014-07-16 07:39:57'),(188,52,164,14,'2014-07-16 07:39:57'),(189,52,163,14,'2014-07-16 07:39:57'),(191,52,168,14,'2014-07-16 07:48:09'),(192,52,167,14,'2014-07-16 07:48:09'),(193,52,166,14,'2014-07-16 07:48:09'),(194,52,165,14,'2014-07-16 07:48:09'),(195,52,164,14,'2014-07-16 07:48:09'),(196,52,163,14,'2014-07-16 07:48:09'),(197,52,168,14,'2014-07-16 08:19:09'),(198,52,167,14,'2014-07-16 08:19:09'),(199,52,166,14,'2014-07-16 08:19:09'),(200,52,165,14,'2014-07-16 08:19:09'),(201,52,164,14,'2014-07-16 08:19:09'),(202,52,163,14,'2014-07-16 08:19:09'),(203,52,168,14,'2014-07-16 09:38:52'),(204,52,167,14,'2014-07-16 09:38:52'),(205,52,166,14,'2014-07-16 09:38:53'),(206,52,165,14,'2014-07-16 09:38:53'),(207,52,164,14,'2014-07-16 09:38:53'),(208,52,163,14,'2014-07-16 09:38:53'),(209,52,168,14,'2014-07-16 09:40:40'),(210,52,167,14,'2014-07-16 09:40:40'),(211,52,166,14,'2014-07-16 09:40:40'),(212,52,165,14,'2014-07-16 09:40:40'),(213,52,164,14,'2014-07-16 09:40:40'),(214,52,163,14,'2014-07-16 09:40:40'),(217,52,168,14,'2014-07-16 09:42:05'),(218,52,167,14,'2014-07-16 09:42:05'),(219,52,166,14,'2014-07-16 09:42:06'),(220,52,165,14,'2014-07-16 09:42:06'),(221,52,164,14,'2014-07-16 09:42:06'),(222,52,163,14,'2014-07-16 09:42:06'),(224,52,168,14,'2014-07-16 09:44:00'),(225,52,167,14,'2014-07-16 09:44:00'),(226,52,166,14,'2014-07-16 09:44:00'),(227,52,165,14,'2014-07-16 09:44:00'),(228,52,164,14,'2014-07-16 09:44:00'),(229,52,163,14,'2014-07-16 09:44:00'),(231,52,168,14,'2014-07-16 09:46:33'),(232,52,167,14,'2014-07-16 09:46:33'),(233,52,166,14,'2014-07-16 09:46:33'),(234,52,165,14,'2014-07-16 09:46:33'),(235,52,164,14,'2014-07-16 09:46:33'),(236,52,163,14,'2014-07-16 09:46:34'),(238,52,168,14,'2014-07-16 09:48:46'),(239,52,167,14,'2014-07-16 09:48:46'),(240,52,166,14,'2014-07-16 09:48:46'),(241,52,165,14,'2014-07-16 09:48:46'),(242,52,164,14,'2014-07-16 09:48:46'),(243,52,163,14,'2014-07-16 09:48:46'),(245,52,168,14,'2014-07-16 09:54:29'),(246,52,167,14,'2014-07-16 09:54:29'),(247,52,166,14,'2014-07-16 09:54:29'),(248,52,165,14,'2014-07-16 09:54:30'),(249,52,164,14,'2014-07-16 09:54:30'),(250,52,163,14,'2014-07-16 09:54:30'),(252,52,171,29,'2014-07-16 10:00:10'),(253,52,168,14,'2014-07-16 10:00:20'),(254,52,167,14,'2014-07-16 10:00:20'),(255,52,166,14,'2014-07-16 10:00:20'),(256,52,165,14,'2014-07-16 10:00:20'),(257,52,164,14,'2014-07-16 10:00:20'),(258,52,163,14,'2014-07-16 10:00:20'),(259,52,172,11,'2014-07-16 10:03:32'),(260,52,172,11,'2014-07-16 10:05:17'),(261,52,172,11,'2014-07-16 10:06:22'),(262,52,172,11,'2014-07-16 10:07:30'),(263,52,172,11,'2014-07-16 10:12:58'),(264,52,172,11,'2014-07-16 10:24:38'),(265,52,172,11,'2014-07-16 10:50:52'),(266,52,172,11,'2014-07-17 02:32:45'),(267,52,172,11,'2014-07-17 03:21:13'),(268,52,172,11,'2014-07-17 03:28:33'),(269,53,185,14,'2014-07-17 03:51:27'),(270,53,184,14,'2014-07-17 03:51:27'),(271,53,183,14,'2014-07-17 03:51:28'),(272,53,182,14,'2014-07-17 03:51:28'),(273,53,181,14,'2014-07-17 03:51:28'),(274,53,180,14,'2014-07-17 03:51:28'),(275,53,179,14,'2014-07-17 03:51:28'),(276,53,178,14,'2014-07-17 03:51:28'),(277,53,177,14,'2014-07-17 03:51:28'),(278,53,176,14,'2014-07-17 03:51:28'),(279,53,175,14,'2014-07-17 03:52:02'),(280,53,174,14,'2014-07-17 03:52:02'),(281,53,173,14,'2014-07-17 03:52:02'),(282,53,168,14,'2014-07-17 03:52:02'),(283,53,167,14,'2014-07-17 03:52:02'),(284,53,166,14,'2014-07-17 03:52:02'),(285,53,165,14,'2014-07-17 03:52:02'),(286,53,164,14,'2014-07-17 03:52:02'),(287,53,163,14,'2014-07-17 03:52:03'),(288,52,172,11,'2014-07-17 03:56:20'),(289,52,172,11,'2014-07-17 05:12:47'),(290,53,185,14,'2014-07-18 02:00:23'),(291,53,184,14,'2014-07-18 02:00:23'),(292,53,183,14,'2014-07-18 02:00:23'),(293,53,182,14,'2014-07-18 02:00:23'),(294,53,181,14,'2014-07-18 02:00:23'),(295,53,180,14,'2014-07-18 02:00:24'),(296,53,179,14,'2014-07-18 02:00:24'),(297,53,178,14,'2014-07-18 02:00:24'),(298,53,177,14,'2014-07-18 02:00:24'),(299,53,176,14,'2014-07-18 02:00:24'),(300,53,185,14,'2014-07-18 02:09:26'),(301,53,184,14,'2014-07-18 02:09:26'),(302,53,183,14,'2014-07-18 02:09:26'),(303,53,182,14,'2014-07-18 02:09:26'),(304,53,181,14,'2014-07-18 02:09:27'),(305,53,180,14,'2014-07-18 02:09:27'),(306,53,179,14,'2014-07-18 02:09:27'),(307,53,178,14,'2014-07-18 02:09:27'),(308,53,177,14,'2014-07-18 02:09:27'),(309,53,176,14,'2014-07-18 02:09:27'),(310,53,185,14,'2014-07-18 02:13:04'),(311,53,184,14,'2014-07-18 02:13:04'),(312,53,183,14,'2014-07-18 02:13:04'),(313,53,182,14,'2014-07-18 02:13:04'),(314,53,181,14,'2014-07-18 02:13:04'),(315,53,180,14,'2014-07-18 02:13:04'),(316,53,179,14,'2014-07-18 02:13:04'),(317,53,178,14,'2014-07-18 02:13:04'),(318,53,177,14,'2014-07-18 02:13:04'),(319,53,176,14,'2014-07-18 02:13:04'),(320,53,185,14,'2014-07-18 02:47:23'),(321,53,184,14,'2014-07-18 02:47:23'),(322,53,183,14,'2014-07-18 02:47:24'),(323,53,182,14,'2014-07-18 02:47:24'),(324,53,181,14,'2014-07-18 02:47:24'),(325,53,180,14,'2014-07-18 02:47:24'),(326,53,179,14,'2014-07-18 02:47:24'),(327,53,178,14,'2014-07-18 02:47:24'),(328,53,177,14,'2014-07-18 02:47:24'),(329,53,176,14,'2014-07-18 02:47:24'),(330,53,175,14,'2014-07-18 02:56:08'),(331,53,174,14,'2014-07-18 02:56:08'),(332,53,173,14,'2014-07-18 02:56:08'),(333,53,166,14,'2014-07-18 02:56:08'),(334,53,168,14,'2014-07-18 02:56:08'),(335,53,167,14,'2014-07-18 02:56:08'),(336,52,172,11,'2014-07-18 02:57:14'),(337,53,185,14,'2014-07-18 02:58:18'),(338,53,184,14,'2014-07-18 02:58:18'),(339,53,183,14,'2014-07-18 02:58:18'),(340,53,182,14,'2014-07-18 02:58:18'),(341,53,181,14,'2014-07-18 02:58:18'),(342,53,180,14,'2014-07-18 02:58:18'),(343,53,179,14,'2014-07-18 02:58:19'),(344,53,178,14,'2014-07-18 02:58:19'),(345,53,177,14,'2014-07-18 02:58:19'),(346,53,176,14,'2014-07-18 02:58:19'),(347,53,175,14,'2014-07-18 02:58:21'),(348,53,174,14,'2014-07-18 02:58:21'),(349,53,173,14,'2014-07-18 02:58:21'),(350,53,166,14,'2014-07-18 02:58:21'),(351,53,168,14,'2014-07-18 02:58:21'),(352,53,167,14,'2014-07-18 02:58:21'),(353,52,172,11,'2014-07-18 03:02:27'),(354,52,172,11,'2014-07-18 03:10:50'),(355,53,185,14,'2014-07-18 03:13:31'),(356,53,184,14,'2014-07-18 03:13:31'),(357,53,183,14,'2014-07-18 03:13:31'),(358,53,182,14,'2014-07-18 03:13:31'),(359,53,181,14,'2014-07-18 03:13:31'),(360,53,180,14,'2014-07-18 03:13:31'),(361,53,179,14,'2014-07-18 03:13:31'),(362,53,178,14,'2014-07-18 03:13:31'),(363,53,177,14,'2014-07-18 03:13:31'),(364,53,176,14,'2014-07-18 03:13:31'),(365,53,175,14,'2014-07-18 03:13:35'),(366,53,174,14,'2014-07-18 03:13:35'),(367,53,173,14,'2014-07-18 03:13:36'),(368,53,166,14,'2014-07-18 03:13:36'),(369,53,168,14,'2014-07-18 03:13:36'),(370,53,167,14,'2014-07-18 03:13:36'),(371,52,172,11,'2014-07-18 03:14:22'),(372,52,172,11,'2014-07-18 03:17:37'),(373,52,172,11,'2014-07-18 03:20:54'),(374,53,185,14,'2014-07-18 03:21:12'),(375,53,184,14,'2014-07-18 03:21:12'),(376,53,183,14,'2014-07-18 03:21:12'),(377,53,182,14,'2014-07-18 03:21:12'),(378,53,181,14,'2014-07-18 03:21:12'),(379,53,180,14,'2014-07-18 03:21:12'),(380,53,179,14,'2014-07-18 03:21:12'),(381,53,178,14,'2014-07-18 03:21:12'),(382,53,177,14,'2014-07-18 03:21:12'),(383,53,176,14,'2014-07-18 03:21:12'),(384,52,172,11,'2014-07-18 03:22:12'),(385,53,175,14,'2014-07-18 03:22:16'),(386,53,174,14,'2014-07-18 03:22:16'),(387,53,173,14,'2014-07-18 03:22:16'),(388,53,166,14,'2014-07-18 03:22:16'),(389,53,168,14,'2014-07-18 03:22:17'),(390,53,167,14,'2014-07-18 03:22:17'),(391,53,185,14,'2014-07-18 03:24:20'),(392,53,184,14,'2014-07-18 03:24:20'),(393,53,183,14,'2014-07-18 03:24:20'),(394,53,182,14,'2014-07-18 03:24:20'),(395,53,181,14,'2014-07-18 03:24:20'),(396,53,180,14,'2014-07-18 03:24:20'),(397,53,179,14,'2014-07-18 03:24:20'),(398,53,178,14,'2014-07-18 03:24:20'),(399,53,177,14,'2014-07-18 03:24:21'),(400,53,176,14,'2014-07-18 03:24:21'),(401,52,172,11,'2014-07-18 03:25:42'),(402,53,185,14,'2014-07-18 03:26:38'),(403,53,184,14,'2014-07-18 03:26:38'),(404,53,183,14,'2014-07-18 03:26:38'),(405,53,182,14,'2014-07-18 03:26:38'),(406,53,181,14,'2014-07-18 03:26:38'),(407,53,180,14,'2014-07-18 03:26:38'),(408,53,179,14,'2014-07-18 03:26:38'),(409,53,178,14,'2014-07-18 03:26:38'),(410,53,177,14,'2014-07-18 03:26:38'),(411,53,176,14,'2014-07-18 03:26:38'),(412,53,175,14,'2014-07-18 03:26:43'),(413,53,174,14,'2014-07-18 03:26:43'),(414,53,173,14,'2014-07-18 03:26:43'),(415,53,166,14,'2014-07-18 03:26:43'),(416,53,168,14,'2014-07-18 03:26:43'),(417,53,167,14,'2014-07-18 03:26:43'),(418,52,172,11,'2014-07-18 03:26:51'),(419,53,185,14,'2014-07-18 03:30:58'),(420,53,184,14,'2014-07-18 03:30:59'),(421,53,183,14,'2014-07-18 03:30:59'),(422,53,182,14,'2014-07-18 03:30:59'),(423,53,181,14,'2014-07-18 03:30:59'),(424,53,180,14,'2014-07-18 03:30:59'),(425,53,179,14,'2014-07-18 03:30:59'),(426,53,178,14,'2014-07-18 03:30:59'),(427,53,177,14,'2014-07-18 03:30:59'),(428,53,176,14,'2014-07-18 03:30:59'),(429,52,172,11,'2014-07-18 03:31:01'),(430,52,172,11,'2014-07-18 03:32:30'),(431,53,175,14,'2014-07-18 03:32:58'),(432,53,174,14,'2014-07-18 03:32:58'),(433,53,173,14,'2014-07-18 03:32:58'),(434,53,166,14,'2014-07-18 03:32:58'),(435,53,168,14,'2014-07-18 03:32:58'),(436,53,167,14,'2014-07-18 03:32:58'),(437,52,172,11,'2014-07-18 03:36:02'),(438,53,166,14,'2014-07-18 03:36:08'),(439,53,165,14,'2014-07-18 03:36:08'),(440,53,164,14,'2014-07-18 03:36:08'),(441,53,163,14,'2014-07-18 03:36:08'),(442,52,172,11,'2014-07-18 03:39:57'),(443,52,172,11,'2014-07-18 03:42:35'),(444,52,172,11,'2014-07-18 03:45:16'),(445,52,172,11,'2014-07-18 03:46:39'),(446,52,172,11,'2014-07-18 03:48:08'),(447,52,172,11,'2014-07-18 03:53:24'),(448,52,172,11,'2014-07-18 04:52:37'),(449,52,172,11,'2014-07-18 05:06:27'),(450,52,172,11,'2014-07-18 05:07:37'),(451,52,172,11,'2014-07-18 05:09:34'),(452,52,172,11,'2014-07-18 05:10:41'),(453,52,172,11,'2014-07-18 05:12:15'),(454,53,185,14,'2014-07-18 06:28:11'),(455,53,184,14,'2014-07-18 06:28:11'),(456,53,183,14,'2014-07-18 06:28:11'),(457,53,182,14,'2014-07-18 06:28:11'),(458,53,181,14,'2014-07-18 06:28:11'),(459,53,180,14,'2014-07-18 06:28:12'),(460,53,179,14,'2014-07-18 06:28:12'),(461,53,178,14,'2014-07-18 06:28:12'),(462,53,177,14,'2014-07-18 06:28:12'),(463,53,176,14,'2014-07-18 06:28:12'),(464,53,185,14,'2014-07-18 06:29:32'),(465,53,184,14,'2014-07-18 06:29:32'),(466,53,183,14,'2014-07-18 06:29:32'),(467,53,182,14,'2014-07-18 06:29:32'),(468,53,181,14,'2014-07-18 06:29:32'),(469,53,180,14,'2014-07-18 06:29:32'),(470,53,179,14,'2014-07-18 06:29:32'),(471,53,178,14,'2014-07-18 06:29:32'),(472,53,177,14,'2014-07-18 06:29:32'),(473,53,176,14,'2014-07-18 06:29:32'),(474,53,185,14,'2014-07-18 06:31:42'),(475,53,184,14,'2014-07-18 06:31:43'),(476,53,183,14,'2014-07-18 06:31:43'),(477,53,182,14,'2014-07-18 06:31:43'),(478,53,181,14,'2014-07-18 06:31:43'),(479,53,180,14,'2014-07-18 06:31:43'),(480,53,179,14,'2014-07-18 06:31:43'),(481,53,178,14,'2014-07-18 06:31:43'),(482,53,177,14,'2014-07-18 06:31:43'),(483,53,176,14,'2014-07-18 06:31:43'),(484,53,185,14,'2014-07-18 06:40:45'),(485,53,184,14,'2014-07-18 06:40:46'),(486,53,183,14,'2014-07-18 06:40:46'),(487,53,182,14,'2014-07-18 06:40:46'),(488,53,181,14,'2014-07-18 06:40:46'),(489,53,180,14,'2014-07-18 06:40:46'),(490,53,179,14,'2014-07-18 06:40:46'),(491,53,178,14,'2014-07-18 06:40:46'),(492,53,177,14,'2014-07-18 06:40:46'),(493,53,176,14,'2014-07-18 06:40:46'),(494,53,175,14,'2014-07-18 06:53:39'),(495,53,174,14,'2014-07-18 06:53:39'),(496,53,173,14,'2014-07-18 06:53:39'),(497,53,166,14,'2014-07-18 06:53:39'),(498,53,168,14,'2014-07-18 06:53:39'),(499,53,167,14,'2014-07-18 06:53:39'),(500,53,185,14,'2014-07-18 06:53:39'),(501,53,184,14,'2014-07-18 06:53:39'),(502,53,183,14,'2014-07-18 06:53:39'),(503,53,182,14,'2014-07-18 06:53:39'),(504,53,181,14,'2014-07-18 06:53:39'),(505,53,180,14,'2014-07-18 06:53:39'),(506,53,179,14,'2014-07-18 06:53:39'),(507,53,178,14,'2014-07-18 06:53:40'),(508,53,177,14,'2014-07-18 06:53:40'),(509,53,176,14,'2014-07-18 06:53:40'),(510,53,166,14,'2014-07-18 06:55:48'),(511,53,165,14,'2014-07-18 06:55:49'),(512,53,164,14,'2014-07-18 06:55:49'),(513,53,163,14,'2014-07-18 06:55:49'),(514,53,185,14,'2014-07-18 06:58:29'),(515,53,184,14,'2014-07-18 06:58:29'),(516,53,183,14,'2014-07-18 06:58:29'),(517,53,182,14,'2014-07-18 06:58:29'),(518,53,181,14,'2014-07-18 06:58:29'),(519,53,180,14,'2014-07-18 06:58:29'),(520,53,179,14,'2014-07-18 06:58:29'),(521,53,178,14,'2014-07-18 06:58:29'),(522,53,177,14,'2014-07-18 06:58:29'),(523,53,176,14,'2014-07-18 06:58:29'),(524,53,175,14,'2014-07-18 06:58:36'),(525,53,174,14,'2014-07-18 06:58:36'),(526,53,173,14,'2014-07-18 06:58:36'),(527,53,166,14,'2014-07-18 06:58:36'),(528,53,168,14,'2014-07-18 06:58:36'),(529,53,167,14,'2014-07-18 06:58:36'),(530,53,165,14,'2014-07-18 06:58:36'),(531,53,164,14,'2014-07-18 06:58:36'),(532,53,163,14,'2014-07-18 06:58:37'),(533,53,185,14,'2014-07-18 06:59:47'),(534,53,184,14,'2014-07-18 06:59:47'),(535,53,183,14,'2014-07-18 06:59:47'),(536,53,182,14,'2014-07-18 06:59:47'),(537,53,181,14,'2014-07-18 06:59:47'),(538,53,180,14,'2014-07-18 06:59:47'),(539,53,179,14,'2014-07-18 06:59:47'),(540,53,178,14,'2014-07-18 06:59:47'),(541,53,177,14,'2014-07-18 06:59:48'),(542,53,176,14,'2014-07-18 06:59:48'),(543,53,175,14,'2014-07-18 07:02:21'),(544,53,174,14,'2014-07-18 07:02:21'),(545,53,173,14,'2014-07-18 07:02:21'),(546,53,166,14,'2014-07-18 07:02:21'),(547,53,168,14,'2014-07-18 07:02:22'),(548,53,167,14,'2014-07-18 07:02:22'),(549,53,185,14,'2014-07-18 07:35:25'),(550,53,184,14,'2014-07-18 07:35:25'),(551,53,183,14,'2014-07-18 07:35:25'),(552,53,182,14,'2014-07-18 07:35:25'),(553,53,181,14,'2014-07-18 07:35:26'),(554,53,180,14,'2014-07-18 07:35:26'),(555,53,179,14,'2014-07-18 07:35:26'),(556,53,178,14,'2014-07-18 07:35:26'),(557,53,177,14,'2014-07-18 07:35:26'),(558,53,176,14,'2014-07-18 07:35:26'),(559,52,172,11,'2014-07-18 07:38:04'),(560,52,172,11,'2014-07-18 07:39:19'),(561,53,185,14,'2014-07-18 07:41:03'),(562,53,184,14,'2014-07-18 07:41:03'),(563,53,183,14,'2014-07-18 07:41:03'),(564,53,182,14,'2014-07-18 07:41:03'),(565,53,181,14,'2014-07-18 07:41:03'),(566,53,180,14,'2014-07-18 07:41:03'),(567,53,179,14,'2014-07-18 07:41:03'),(568,53,178,14,'2014-07-18 07:41:04'),(569,53,177,14,'2014-07-18 07:41:04'),(570,53,176,14,'2014-07-18 07:41:04'),(571,52,172,11,'2014-07-18 07:41:22'),(572,52,172,11,'2014-07-18 07:44:59'),(573,61,172,11,'2014-07-21 08:54:20'),(574,61,166,14,'2014-07-21 08:54:21'),(575,61,172,11,'2014-07-21 08:54:21'),(576,61,168,14,'2014-07-21 08:54:21'),(577,53,185,14,'2014-07-21 08:55:41'),(578,53,184,14,'2014-07-21 08:55:41'),(579,53,183,14,'2014-07-21 08:55:42'),(580,53,182,14,'2014-07-21 08:55:42'),(581,53,181,14,'2014-07-21 08:55:42'),(582,53,180,14,'2014-07-21 08:55:42'),(583,53,179,14,'2014-07-21 08:55:42'),(584,53,178,14,'2014-07-21 08:55:42'),(585,53,177,14,'2014-07-21 08:55:42'),(586,53,176,14,'2014-07-21 08:55:42'),(587,53,185,14,'2014-07-21 08:57:41'),(588,53,184,14,'2014-07-21 08:57:41'),(589,53,183,14,'2014-07-21 08:57:41'),(590,53,182,14,'2014-07-21 08:57:41'),(591,53,181,14,'2014-07-21 08:57:41'),(592,53,180,14,'2014-07-21 08:57:41'),(593,53,179,14,'2014-07-21 08:57:41'),(594,53,178,14,'2014-07-21 08:57:41'),(595,53,177,14,'2014-07-21 08:57:41'),(596,53,176,14,'2014-07-21 08:57:41'),(597,53,185,14,'2014-07-21 08:59:08'),(598,53,184,14,'2014-07-21 08:59:09'),(599,53,183,14,'2014-07-21 08:59:09'),(600,53,182,14,'2014-07-21 08:59:09'),(601,53,181,14,'2014-07-21 08:59:09'),(602,53,180,14,'2014-07-21 08:59:09'),(603,53,179,14,'2014-07-21 08:59:09'),(604,53,178,14,'2014-07-21 08:59:09'),(605,53,177,14,'2014-07-21 08:59:09'),(606,53,176,14,'2014-07-21 08:59:09'),(607,53,185,14,'2014-07-21 09:00:14'),(608,53,184,14,'2014-07-21 09:00:14'),(609,53,183,14,'2014-07-21 09:00:14'),(610,53,182,14,'2014-07-21 09:00:14'),(611,53,181,14,'2014-07-21 09:00:14'),(612,53,180,14,'2014-07-21 09:00:14'),(613,53,179,14,'2014-07-21 09:00:15'),(614,53,178,14,'2014-07-21 09:00:15'),(615,53,177,14,'2014-07-21 09:00:15'),(616,53,176,14,'2014-07-21 09:00:15'),(617,53,185,14,'2014-07-21 09:02:12'),(618,53,184,14,'2014-07-21 09:02:12'),(619,53,183,14,'2014-07-21 09:02:12'),(620,53,182,14,'2014-07-21 09:02:12'),(621,53,181,14,'2014-07-21 09:02:12'),(622,53,180,14,'2014-07-21 09:02:12'),(623,53,179,14,'2014-07-21 09:02:12'),(624,53,178,14,'2014-07-21 09:02:12'),(625,53,177,14,'2014-07-21 09:02:12'),(626,53,176,14,'2014-07-21 09:02:12'),(627,53,185,14,'2014-07-21 09:18:05'),(628,53,184,14,'2014-07-21 09:18:05'),(629,53,183,14,'2014-07-21 09:18:05'),(630,53,182,14,'2014-07-21 09:18:05'),(631,53,181,14,'2014-07-21 09:18:05'),(632,53,180,14,'2014-07-21 09:18:05'),(633,53,179,14,'2014-07-21 09:18:05'),(634,53,178,14,'2014-07-21 09:18:05'),(635,53,177,14,'2014-07-21 09:18:05'),(636,53,176,14,'2014-07-21 09:18:05'),(637,53,175,14,'2014-07-21 09:24:49'),(638,53,174,14,'2014-07-21 09:24:49'),(639,53,173,14,'2014-07-21 09:24:49'),(640,53,166,14,'2014-07-21 09:24:49'),(641,53,168,14,'2014-07-21 09:24:49'),(642,53,167,14,'2014-07-21 09:24:49'),(643,53,185,14,'2014-07-21 10:24:52'),(644,53,184,14,'2014-07-21 10:24:52'),(645,53,183,14,'2014-07-21 10:24:52'),(646,53,182,14,'2014-07-21 10:24:52'),(647,53,181,14,'2014-07-21 10:24:52'),(648,53,180,14,'2014-07-21 10:24:52'),(649,53,179,14,'2014-07-21 10:24:52'),(650,53,178,14,'2014-07-21 10:24:52'),(651,53,177,14,'2014-07-21 10:24:52'),(652,53,176,14,'2014-07-21 10:24:52'),(653,53,185,14,'2014-07-24 03:30:43'),(654,53,184,14,'2014-07-24 03:30:43'),(655,53,183,14,'2014-07-24 03:30:43'),(656,53,182,14,'2014-07-24 03:30:44'),(657,53,181,14,'2014-07-24 03:30:44'),(658,53,180,14,'2014-07-24 03:30:44'),(659,53,179,14,'2014-07-24 03:30:44'),(660,53,178,14,'2014-07-24 03:30:44'),(661,53,177,14,'2014-07-24 03:30:44'),(662,53,176,14,'2014-07-24 03:30:44'),(663,53,185,14,'2014-07-24 03:32:07'),(664,53,184,14,'2014-07-24 03:32:07'),(665,53,183,14,'2014-07-24 03:32:07'),(666,53,182,14,'2014-07-24 03:32:07'),(667,53,181,14,'2014-07-24 03:32:07'),(668,53,180,14,'2014-07-24 03:32:07'),(669,53,179,14,'2014-07-24 03:32:07'),(670,53,178,14,'2014-07-24 03:32:07'),(671,53,177,14,'2014-07-24 03:32:07'),(672,53,176,14,'2014-07-24 03:32:07'),(673,51,185,14,'2014-07-24 04:07:46'),(674,51,182,14,'2014-07-24 04:07:46'),(675,51,183,14,'2014-07-24 04:07:46'),(676,51,181,14,'2014-07-24 04:07:46'),(677,51,180,14,'2014-07-24 04:07:46'),(678,51,179,14,'2014-07-24 04:07:46'),(679,51,178,14,'2014-07-24 04:07:46'),(680,51,185,14,'2014-07-24 04:08:51'),(681,51,182,14,'2014-07-24 04:08:51'),(682,51,183,14,'2014-07-24 04:08:51'),(683,51,181,14,'2014-07-24 04:08:51'),(684,51,180,14,'2014-07-24 04:08:51'),(685,51,179,14,'2014-07-24 04:08:51'),(686,51,178,14,'2014-07-24 04:08:51'),(687,51,185,14,'2014-07-24 05:03:44'),(688,51,182,14,'2014-07-24 05:03:44'),(689,51,183,14,'2014-07-24 05:03:44'),(690,51,181,14,'2014-07-24 05:03:44'),(691,51,180,14,'2014-07-24 05:03:45'),(692,51,179,14,'2014-07-24 05:03:45'),(693,51,178,14,'2014-07-24 05:03:45'),(694,53,185,14,'2014-07-24 05:04:16'),(695,53,184,14,'2014-07-24 05:04:16'),(696,53,183,14,'2014-07-24 05:04:16'),(697,53,182,14,'2014-07-24 05:04:16'),(698,53,181,14,'2014-07-24 05:04:16'),(699,53,180,14,'2014-07-24 05:04:16'),(700,53,179,14,'2014-07-24 05:04:16'),(701,53,178,14,'2014-07-24 05:04:16'),(702,53,177,14,'2014-07-24 05:04:16'),(703,53,176,14,'2014-07-24 05:04:16'),(704,53,185,14,'2014-07-24 05:06:44'),(705,53,184,14,'2014-07-24 05:06:44'),(706,53,183,14,'2014-07-24 05:06:45'),(707,53,182,14,'2014-07-24 05:06:45'),(708,53,181,14,'2014-07-24 05:06:45'),(709,53,180,14,'2014-07-24 05:06:45'),(710,53,179,14,'2014-07-24 05:06:45'),(711,53,178,14,'2014-07-24 05:06:45'),(712,53,177,14,'2014-07-24 05:06:46'),(713,53,176,14,'2014-07-24 05:06:46'),(714,51,185,14,'2014-07-24 05:07:55'),(715,51,182,14,'2014-07-24 05:07:55'),(716,51,183,14,'2014-07-24 05:07:55'),(717,51,181,14,'2014-07-24 05:07:55'),(718,51,180,14,'2014-07-24 05:07:55'),(719,51,179,14,'2014-07-24 05:07:55'),(720,51,178,14,'2014-07-24 05:07:58'),(721,51,177,14,'2014-07-24 05:07:58'),(722,51,176,14,'2014-07-24 05:07:58'),(723,51,175,14,'2014-07-24 05:07:58'),(724,51,184,14,'2014-07-24 05:08:00'),(725,51,174,14,'2014-07-24 05:08:19'),(726,51,168,14,'2014-07-24 05:08:19'),(727,51,166,14,'2014-07-24 05:08:19'),(728,51,165,14,'2014-07-24 05:08:19'),(729,51,164,14,'2014-07-24 05:08:19'),(730,51,163,14,'2014-07-24 05:08:30'),(731,51,172,11,'2014-07-24 05:08:30'),(732,51,167,14,'2014-07-24 05:08:30'),(733,51,173,14,'2014-07-24 05:08:30'),(734,51,185,14,'2014-07-24 05:09:52'),(735,51,182,14,'2014-07-24 05:09:52'),(736,51,183,14,'2014-07-24 05:09:53'),(737,51,181,14,'2014-07-24 05:09:53'),(738,51,180,14,'2014-07-24 05:09:53'),(739,53,185,14,'2014-07-24 05:10:03'),(740,53,184,14,'2014-07-24 05:10:03'),(741,53,183,14,'2014-07-24 05:10:03'),(742,53,182,14,'2014-07-24 05:10:03'),(743,53,181,14,'2014-07-24 05:10:03'),(744,53,180,14,'2014-07-24 05:10:03'),(745,53,179,14,'2014-07-24 05:10:03'),(746,53,178,14,'2014-07-24 05:10:04'),(747,53,177,14,'2014-07-24 05:10:04'),(748,53,176,14,'2014-07-24 05:10:04'),(749,53,189,38,'2014-07-24 05:10:25'),(750,53,188,38,'2014-07-24 05:10:25'),(751,51,180,14,'2014-07-24 05:14:16'),(752,51,179,14,'2014-07-24 05:14:16'),(753,51,178,14,'2014-07-24 05:14:16'),(754,51,177,14,'2014-07-24 05:14:16'),(755,51,176,14,'2014-07-24 05:14:16'),(756,51,175,14,'2014-07-24 05:14:16'),(757,51,185,14,'2014-07-24 05:26:27'),(758,51,182,14,'2014-07-24 05:26:27'),(759,51,183,14,'2014-07-24 05:26:27'),(760,51,181,14,'2014-07-24 05:26:27'),(761,51,180,14,'2014-07-24 05:26:27'),(762,53,189,38,'2014-07-24 06:16:51'),(763,53,188,38,'2014-07-24 06:16:51'),(764,53,189,38,'2014-07-24 08:32:45'),(765,53,188,38,'2014-07-24 08:32:46'),(766,51,185,14,'2014-07-24 08:34:22'),(767,51,182,14,'2014-07-24 08:34:22'),(768,51,183,14,'2014-07-24 08:34:22'),(769,51,181,14,'2014-07-24 08:34:22'),(770,51,180,14,'2014-07-24 08:34:22'),(771,53,189,38,'2014-07-24 08:34:27'),(772,53,188,38,'2014-07-24 08:34:27'),(773,53,185,14,'2014-07-24 08:34:27'),(774,53,184,14,'2014-07-24 08:34:27'),(775,53,183,14,'2014-07-24 08:34:27'),(776,53,182,14,'2014-07-24 08:34:27'),(777,53,181,14,'2014-07-24 08:34:27'),(778,53,180,14,'2014-07-24 08:34:27'),(779,53,179,14,'2014-07-24 08:34:28'),(780,53,178,14,'2014-07-24 08:34:28'),(781,51,185,14,'2014-07-24 08:38:56'),(782,51,182,14,'2014-07-24 08:38:56'),(783,51,183,14,'2014-07-24 08:38:56'),(784,51,181,14,'2014-07-24 08:38:56'),(785,51,180,14,'2014-07-24 08:38:56'),(786,52,189,38,'2014-07-24 08:39:01'),(787,52,189,38,'2014-07-24 08:44:15'),(788,51,185,14,'2014-07-24 08:44:35'),(789,51,182,14,'2014-07-24 08:44:35'),(790,51,183,14,'2014-07-24 08:44:35'),(791,51,181,14,'2014-07-24 08:44:35'),(792,51,180,14,'2014-07-24 08:44:35'),(793,51,185,14,'2014-07-24 08:45:53'),(794,51,182,14,'2014-07-24 08:45:53'),(795,51,183,14,'2014-07-24 08:45:54'),(796,51,181,14,'2014-07-24 08:45:54'),(797,51,180,14,'2014-07-24 08:45:54'),(798,51,185,14,'2014-07-24 08:47:00'),(799,51,182,14,'2014-07-24 08:47:00'),(800,51,183,14,'2014-07-24 08:47:00'),(801,51,181,14,'2014-07-24 08:47:01'),(802,51,180,14,'2014-07-24 08:47:02'),(803,52,189,38,'2014-07-24 08:47:34'),(804,51,185,14,'2014-07-24 10:13:37'),(805,51,182,14,'2014-07-24 10:13:37'),(806,51,183,14,'2014-07-24 10:13:37'),(807,51,181,14,'2014-07-24 10:13:38'),(808,51,180,14,'2014-07-24 10:13:38'),(809,51,172,11,'2014-07-25 08:57:42'),(810,51,172,11,'2014-07-25 09:29:53'),(811,51,172,11,'2014-07-25 09:34:55'),(812,53,189,38,'2014-07-28 03:41:57'),(813,53,188,38,'2014-07-28 03:41:57'),(814,53,185,14,'2014-07-28 03:41:57'),(815,53,184,14,'2014-07-28 03:41:57'),(816,53,183,14,'2014-07-28 03:41:57'),(817,53,182,14,'2014-07-28 03:41:57'),(818,53,181,14,'2014-07-28 03:41:57'),(819,53,180,14,'2014-07-28 03:41:57'),(820,53,179,14,'2014-07-28 03:41:58'),(821,53,178,14,'2014-07-28 03:41:58'),(822,51,185,14,'2014-07-28 04:07:25'),(823,51,182,14,'2014-07-28 04:07:25'),(824,51,183,14,'2014-07-28 04:07:25'),(825,51,181,14,'2014-07-28 04:07:25'),(826,51,180,14,'2014-07-28 04:07:25'),(827,51,172,11,'2014-07-30 03:52:50'),(828,51,185,14,'2014-07-30 05:06:09'),(829,51,182,14,'2014-07-30 05:06:09'),(830,51,183,14,'2014-07-30 05:06:09'),(831,51,181,14,'2014-07-30 05:06:09'),(832,51,180,14,'2014-07-30 05:06:09'),(833,51,172,11,'2014-07-30 06:24:12'),(834,51,185,14,'2014-07-30 07:49:15'),(835,51,182,14,'2014-07-30 07:49:15'),(836,51,183,14,'2014-07-30 07:49:15'),(837,51,181,14,'2014-07-30 07:49:15'),(838,51,180,14,'2014-07-30 07:49:15'),(839,51,172,11,'2014-07-30 08:28:42'),(840,51,185,14,'2014-07-30 09:34:33'),(841,51,182,14,'2014-07-30 09:34:33'),(842,51,183,14,'2014-07-30 09:34:33'),(843,51,185,14,'2014-07-31 04:12:09'),(844,51,182,14,'2014-07-31 04:12:09'),(845,51,185,14,'2014-07-31 04:20:11'),(846,51,182,14,'2014-07-31 04:20:11'),(847,51,183,14,'2014-07-31 04:20:13'),(848,51,181,14,'2014-07-31 04:20:13'),(849,51,180,14,'2014-07-31 04:20:13'),(850,51,179,14,'2014-07-31 04:20:13'),(851,51,178,14,'2014-07-31 04:20:14'),(852,51,177,14,'2014-07-31 04:20:14'),(853,51,176,14,'2014-07-31 04:20:14'),(854,51,175,14,'2014-07-31 04:20:19'),(855,51,184,14,'2014-07-31 04:20:21'),(856,51,174,14,'2014-07-31 04:20:22'),(857,51,168,14,'2014-07-31 04:20:23'),(858,51,166,14,'2014-07-31 04:20:23'),(859,51,165,14,'2014-07-31 04:20:23'),(860,51,164,14,'2014-07-31 04:20:23'),(861,51,163,14,'2014-07-31 04:20:23'),(862,51,172,11,'2014-07-31 04:20:28'),(863,52,213,38,'2014-07-31 04:32:55'),(864,52,189,38,'2014-07-31 04:33:25'),(865,52,172,11,'2014-07-31 04:33:34'),(866,52,213,38,'2014-07-31 04:34:46'),(867,52,189,38,'2014-07-31 04:36:24'),(868,52,213,38,'2014-07-31 04:36:35'),(869,51,180,14,'2014-07-31 04:37:23'),(870,51,181,14,'2014-07-31 04:37:23'),(871,51,182,14,'2014-07-31 04:37:23'),(872,51,183,14,'2014-07-31 04:37:23'),(873,51,164,14,'2014-07-31 04:39:19'),(874,51,180,14,'2014-07-31 04:39:32'),(875,51,181,14,'2014-07-31 04:39:32'),(876,51,182,14,'2014-07-31 04:39:32'),(877,51,183,14,'2014-07-31 04:39:32'),(878,52,213,38,'2014-07-31 04:40:13'),(879,51,180,14,'2014-07-31 06:21:00'),(880,51,181,14,'2014-07-31 06:21:00'),(881,51,182,14,'2014-07-31 06:21:00'),(882,51,183,14,'2014-07-31 06:21:00'),(883,51,164,14,'2014-07-31 06:21:02'),(884,51,163,14,'2014-07-31 06:21:02'),(885,51,180,14,'2014-07-31 06:25:52'),(886,51,181,14,'2014-07-31 06:25:52'),(887,51,180,14,'2014-07-31 07:10:39'),(888,51,181,14,'2014-07-31 07:10:41'),(889,51,182,14,'2014-07-31 07:10:41'),(890,51,183,14,'2014-07-31 07:10:41'),(891,51,164,14,'2014-07-31 07:10:41'),(892,51,163,14,'2014-07-31 07:10:42'),(893,51,184,14,'2014-07-31 07:10:42'),(894,51,173,14,'2014-07-31 07:10:43'),(895,51,185,14,'2014-07-31 07:10:43'),(896,51,180,14,'2014-07-31 07:49:44'),(897,51,181,14,'2014-07-31 07:49:44'),(898,51,182,14,'2014-07-31 07:49:45'),(899,51,183,14,'2014-07-31 07:49:45'),(900,51,164,14,'2014-07-31 07:49:49'),(901,51,163,14,'2014-07-31 07:49:49'),(902,51,184,14,'2014-07-31 07:49:53'),(903,51,173,14,'2014-07-31 07:49:53'),(904,51,185,14,'2014-07-31 07:49:53'),(905,51,179,14,'2014-07-31 07:49:55'),(906,51,178,14,'2014-07-31 07:49:55'),(907,51,177,14,'2014-07-31 07:49:56'),(908,51,176,14,'2014-07-31 07:49:56'),(909,51,175,14,'2014-07-31 07:49:57'),(910,51,180,14,'2014-07-31 08:34:43'),(911,51,181,14,'2014-07-31 08:34:43'),(912,51,182,14,'2014-07-31 08:34:47'),(913,51,183,14,'2014-07-31 08:34:47'),(914,51,164,14,'2014-07-31 08:34:47'),(915,51,163,14,'2014-07-31 08:34:47'),(916,51,184,14,'2014-07-31 08:34:51'),(917,51,173,14,'2014-07-31 08:34:51'),(918,51,185,14,'2014-07-31 08:34:52'),(919,51,180,14,'2014-07-31 08:56:25'),(920,51,180,14,'2014-07-31 09:16:55'),(921,51,181,14,'2014-07-31 09:16:55'),(922,51,182,14,'2014-07-31 09:16:55'),(923,51,183,14,'2014-07-31 09:16:55'),(924,51,164,14,'2014-07-31 09:16:55'),(925,51,163,14,'2014-07-31 09:16:58'),(926,51,184,14,'2014-07-31 09:16:58'),(927,51,173,14,'2014-07-31 09:16:59'),(928,51,185,14,'2014-07-31 09:16:59'),(929,52,213,38,'2014-07-31 09:37:15'),(930,52,189,38,'2014-07-31 09:37:15'),(931,52,213,38,'2014-07-31 09:38:38'),(932,52,189,38,'2014-07-31 09:38:38'),(933,52,213,38,'2014-07-31 09:45:52'),(934,52,189,38,'2014-07-31 09:45:52'),(935,52,213,38,'2014-07-31 09:48:44'),(936,52,213,38,'2014-07-31 09:50:29'),(937,52,189,38,'2014-07-31 09:50:29'),(938,51,172,11,'2014-08-01 03:11:07'),(939,51,172,11,'2014-08-01 03:12:42'),(940,52,172,11,'2014-08-01 03:13:34'),(941,52,212,38,'2014-08-01 03:14:08'),(942,52,213,38,'2014-08-01 03:14:08'),(943,52,211,38,'2014-08-01 03:14:34'),(944,52,210,38,'2014-08-01 03:14:34'),(945,52,209,38,'2014-08-01 03:14:34'),(946,52,208,38,'2014-08-01 03:14:34'),(947,52,207,38,'2014-08-01 03:14:34'),(948,52,206,38,'2014-08-01 03:14:34'),(949,52,205,38,'2014-08-01 03:14:34'),(950,52,189,38,'2014-08-01 03:14:35'),(951,52,188,38,'2014-08-01 03:14:37'),(952,52,212,38,'2014-08-01 03:15:16'),(953,52,213,38,'2014-08-01 03:15:16'),(954,52,212,38,'2014-08-01 03:40:55'),(955,52,213,38,'2014-08-01 03:40:55'),(956,52,212,38,'2014-08-01 03:42:04'),(957,52,213,38,'2014-08-01 03:42:04'),(958,52,212,38,'2014-08-01 03:43:27'),(959,52,213,38,'2014-08-01 03:43:27'),(960,52,211,38,'2014-08-01 03:43:47'),(961,52,210,38,'2014-08-01 03:43:47'),(962,52,209,38,'2014-08-01 03:43:47'),(963,52,208,38,'2014-08-01 03:43:47'),(964,52,207,38,'2014-08-01 03:43:48'),(965,52,206,38,'2014-08-01 03:43:48'),(966,52,205,38,'2014-08-01 03:43:48'),(967,52,189,38,'2014-08-01 03:43:48'),(968,52,212,38,'2014-08-01 03:44:30'),(969,52,213,38,'2014-08-01 03:44:30'),(970,52,212,38,'2014-08-01 03:46:07'),(971,52,213,38,'2014-08-01 03:46:07'),(972,52,212,38,'2014-08-01 03:49:15'),(973,52,213,38,'2014-08-01 03:49:15'),(974,52,212,38,'2014-08-01 03:50:18'),(975,52,213,38,'2014-08-01 03:50:18'),(976,52,211,38,'2014-08-01 03:51:05'),(977,52,210,38,'2014-08-01 03:51:05'),(978,52,209,38,'2014-08-01 03:51:05'),(979,52,208,38,'2014-08-01 03:51:05'),(980,52,207,38,'2014-08-01 03:51:05'),(981,52,206,38,'2014-08-01 03:51:05'),(982,52,205,38,'2014-08-01 03:51:05'),(983,52,189,38,'2014-08-01 03:51:05'),(984,52,213,38,'2014-08-01 03:53:14'),(985,52,212,38,'2014-08-01 03:53:14'),(986,52,213,38,'2014-08-01 04:01:51'),(987,52,212,38,'2014-08-01 04:01:51'),(988,52,213,38,'2014-08-01 04:06:39'),(989,52,212,38,'2014-08-01 04:06:39'),(990,52,213,38,'2014-08-01 04:12:22'),(991,52,212,38,'2014-08-01 04:12:22'),(992,52,213,38,'2014-08-01 04:14:15'),(993,52,212,38,'2014-08-01 04:14:15'),(994,52,213,38,'2014-08-01 04:15:45'),(995,52,212,38,'2014-08-01 04:15:45'),(996,52,211,38,'2014-08-01 04:16:01'),(997,52,210,38,'2014-08-01 04:16:01'),(998,52,209,38,'2014-08-01 04:16:01'),(999,52,208,38,'2014-08-01 04:16:01'),(1000,52,207,38,'2014-08-01 04:16:01'),(1001,52,206,38,'2014-08-01 04:16:01'),(1002,52,205,38,'2014-08-01 04:16:01'),(1003,52,189,38,'2014-08-01 04:16:01'),(1004,52,172,11,'2014-08-01 04:17:34'),(1005,52,213,38,'2014-08-01 04:18:06'),(1006,52,212,38,'2014-08-01 04:18:06'),(1007,52,213,38,'2014-08-01 04:19:36'),(1008,52,212,38,'2014-08-01 04:19:36'),(1009,52,211,38,'2014-08-01 04:19:36'),(1010,52,210,38,'2014-08-01 04:19:36'),(1011,52,209,38,'2014-08-01 04:19:36'),(1012,52,208,38,'2014-08-01 04:19:36'),(1013,52,207,38,'2014-08-01 04:19:36'),(1014,52,206,38,'2014-08-01 04:19:36'),(1015,52,205,38,'2014-08-01 04:19:36'),(1016,52,189,38,'2014-08-01 04:19:36'),(1017,52,188,38,'2014-08-01 04:19:39'),(1018,52,172,11,'2014-08-01 04:19:42'),(1019,52,213,38,'2014-08-01 04:21:40'),(1020,52,212,38,'2014-08-01 04:21:40'),(1021,53,213,38,'2014-08-01 04:24:05'),(1022,53,212,38,'2014-08-01 04:24:05'),(1023,53,213,38,'2014-08-01 04:25:11'),(1024,53,212,38,'2014-08-01 04:25:12'),(1025,51,180,14,'2014-08-01 04:32:01'),(1026,51,181,14,'2014-08-01 04:32:01'),(1027,51,182,14,'2014-08-01 04:32:01'),(1028,51,183,14,'2014-08-01 04:32:01'),(1029,51,164,14,'2014-08-01 04:32:12'),(1030,51,163,14,'2014-08-01 04:32:18'),(1031,51,184,14,'2014-08-01 04:32:18'),(1032,51,173,14,'2014-08-01 04:32:18'),(1033,51,185,14,'2014-08-01 04:32:18'),(1034,51,179,14,'2014-08-01 04:32:23'),(1035,51,178,14,'2014-08-01 04:32:23'),(1036,51,177,14,'2014-08-01 04:32:23'),(1037,51,176,14,'2014-08-01 04:32:23'),(1038,51,175,14,'2014-08-01 04:32:23'),(1039,51,174,14,'2014-08-01 04:32:26'),(1040,51,168,14,'2014-08-01 04:32:26'),(1041,51,166,14,'2014-08-01 04:32:26'),(1042,51,165,14,'2014-08-01 04:32:26'),(1043,52,213,38,'2014-08-01 04:39:21'),(1044,52,212,38,'2014-08-01 04:39:21'),(1045,52,213,38,'2014-08-01 04:45:15'),(1046,52,212,38,'2014-08-01 04:45:15'),(1047,52,211,38,'2014-08-01 04:45:22'),(1048,52,213,38,'2014-08-01 04:47:05'),(1049,52,212,38,'2014-08-01 04:47:05'),(1050,52,213,38,'2014-08-01 04:48:30'),(1051,52,212,38,'2014-08-01 04:48:30'),(1052,52,213,38,'2014-08-01 04:49:40'),(1053,52,212,38,'2014-08-01 04:49:40'),(1054,52,213,38,'2014-08-01 04:50:48'),(1055,52,212,38,'2014-08-01 04:50:48'),(1056,52,211,38,'2014-08-01 04:50:48'),(1057,52,210,38,'2014-08-01 04:50:48'),(1058,52,209,38,'2014-08-01 04:50:48'),(1059,52,208,38,'2014-08-01 04:50:48'),(1060,52,207,38,'2014-08-01 04:50:48'),(1061,52,206,38,'2014-08-01 04:50:48'),(1062,52,205,38,'2014-08-01 04:50:48'),(1063,52,189,38,'2014-08-01 04:50:48'),(1064,51,172,11,'2014-08-01 04:56:26'),(1065,51,180,14,'2014-08-01 07:51:17'),(1066,51,181,14,'2014-08-01 07:51:17'),(1067,51,182,14,'2014-08-01 07:51:17'),(1068,51,183,14,'2014-08-01 07:51:19'),(1069,51,164,14,'2014-08-01 07:51:19'),(1070,51,163,14,'2014-08-01 07:51:19'),(1071,51,180,14,'2014-08-01 07:52:24'),(1072,51,181,14,'2014-08-01 07:52:24'),(1073,51,182,14,'2014-08-01 07:52:24'),(1074,51,183,14,'2014-08-01 07:52:26'),(1075,51,164,14,'2014-08-01 07:52:26'),(1076,51,163,14,'2014-08-01 07:52:26'),(1077,51,184,14,'2014-08-01 07:52:29'),(1078,51,173,14,'2014-08-01 07:52:29'),(1079,51,185,14,'2014-08-01 07:52:29'),(1080,51,180,14,'2014-08-01 07:57:17'),(1081,51,181,14,'2014-08-01 07:57:17'),(1082,51,182,14,'2014-08-01 07:57:18'),(1083,51,183,14,'2014-08-01 07:57:21'),(1084,51,164,14,'2014-08-01 07:57:22'),(1085,51,163,14,'2014-08-01 07:57:22'),(1086,51,184,14,'2014-08-01 07:57:28'),(1087,51,173,14,'2014-08-01 07:57:28'),(1088,51,185,14,'2014-08-01 07:57:28'),(1089,52,213,38,'2014-08-04 03:11:18'),(1090,52,212,38,'2014-08-04 03:11:18'),(1091,53,213,38,'2014-08-04 05:12:56'),(1092,53,212,38,'2014-08-04 05:12:56'),(1093,53,213,38,'2014-08-04 05:17:58'),(1094,53,212,38,'2014-08-04 05:17:58'),(1095,53,180,14,'2014-08-04 05:18:01'),(1096,53,181,14,'2014-08-04 05:18:01'),(1097,53,182,14,'2014-08-04 05:18:01'),(1098,53,183,14,'2014-08-04 05:18:01'),(1099,53,164,14,'2014-08-04 05:18:01'),(1100,53,163,14,'2014-08-04 05:18:01'),(1101,52,213,38,'2014-08-04 05:18:06'),(1102,52,212,38,'2014-08-04 05:18:06'),(1103,52,211,38,'2014-08-04 05:18:21'),(1104,52,213,38,'2014-08-04 05:22:45'),(1105,52,212,38,'2014-08-04 05:22:45'),(1106,52,211,38,'2014-08-04 05:22:47'),(1107,52,213,38,'2014-08-04 07:49:48'),(1108,52,212,38,'2014-08-04 07:49:48'),(1109,52,211,38,'2014-08-04 07:49:48'),(1110,52,210,38,'2014-08-04 07:49:48'),(1111,52,209,38,'2014-08-04 07:49:48'),(1112,52,208,38,'2014-08-04 07:49:48'),(1113,52,207,38,'2014-08-04 07:49:48'),(1114,52,206,38,'2014-08-04 07:49:48'),(1115,52,205,38,'2014-08-04 07:49:48'),(1116,52,189,38,'2014-08-04 07:49:48'),(1117,52,213,38,'2014-08-04 08:01:13'),(1118,52,212,38,'2014-08-04 08:01:13'),(1119,52,211,38,'2014-08-04 08:01:14'),(1120,52,210,38,'2014-08-04 08:01:14'),(1121,52,209,38,'2014-08-04 08:01:14'),(1122,52,208,38,'2014-08-04 08:01:14'),(1123,52,207,38,'2014-08-04 08:01:14'),(1124,52,206,38,'2014-08-04 08:01:14'),(1125,52,205,38,'2014-08-04 08:01:14'),(1126,52,189,38,'2014-08-04 08:01:14'),(1127,51,180,14,'2014-08-05 09:46:44'),(1128,51,181,14,'2014-08-05 09:46:44'),(1129,51,182,14,'2014-08-05 09:46:44'),(1130,51,183,14,'2014-08-05 09:46:45'),(1131,51,164,14,'2014-08-05 09:46:45'),(1132,51,163,14,'2014-08-05 09:46:46'),(1133,51,184,14,'2014-08-05 09:46:47'),(1134,51,173,14,'2014-08-05 09:46:47'),(1135,51,185,14,'2014-08-05 09:46:47'),(1136,51,179,14,'2014-08-05 09:46:51'),(1137,51,178,14,'2014-08-05 09:46:51'),(1138,51,177,14,'2014-08-05 09:46:51'),(1139,51,176,14,'2014-08-05 09:46:51'),(1140,51,175,14,'2014-08-05 09:46:51'),(1141,51,174,14,'2014-08-05 09:46:54'),(1142,51,168,14,'2014-08-05 09:46:54'),(1143,51,166,14,'2014-08-05 09:46:54'),(1144,51,165,14,'2014-08-05 09:46:54'),(1145,51,172,11,'2014-08-05 09:46:56'),(1146,51,167,14,'2014-08-05 09:46:56'),(1147,51,164,14,'2014-08-05 09:47:47'),(1148,51,163,14,'2014-08-05 09:47:48'),(1149,51,180,14,'2014-08-05 09:47:48'),(1150,51,181,14,'2014-08-05 09:47:48'),(1151,51,182,14,'2014-08-05 09:47:48'),(1152,51,183,14,'2014-08-05 09:47:48'),(1153,51,184,14,'2014-08-05 09:47:48'),(1154,51,185,14,'2014-08-05 09:47:56'),(1155,51,179,14,'2014-08-05 09:48:01'),(1156,51,178,14,'2014-08-05 09:48:02'),(1157,51,177,14,'2014-08-05 09:48:02'),(1158,51,176,14,'2014-08-05 09:48:02'),(1159,51,175,14,'2014-08-05 09:48:02'),(1160,51,174,14,'2014-08-05 09:48:09'),(1161,51,168,14,'2014-08-05 09:48:09'),(1162,51,166,14,'2014-08-05 09:48:09'),(1163,51,165,14,'2014-08-05 09:48:10'),(1164,51,180,14,'2014-08-05 09:55:14'),(1165,51,181,14,'2014-08-05 09:55:14'),(1166,51,182,14,'2014-08-05 09:55:14'),(1167,51,183,14,'2014-08-05 09:55:14'),(1168,51,164,14,'2014-08-05 09:55:14'),(1169,51,163,14,'2014-08-05 09:55:15'),(1170,51,184,14,'2014-08-05 09:55:15'),(1171,51,173,14,'2014-08-05 09:55:15'),(1172,51,185,14,'2014-08-05 09:55:15'),(1173,51,179,14,'2014-08-05 09:55:18'),(1174,51,178,14,'2014-08-05 09:55:18'),(1175,51,177,14,'2014-08-05 09:55:18'),(1176,51,176,14,'2014-08-05 09:55:18'),(1177,51,175,14,'2014-08-05 09:55:18'),(1178,51,174,14,'2014-08-05 09:55:20'),(1179,51,168,14,'2014-08-05 09:55:21'),(1180,51,166,14,'2014-08-05 09:55:21'),(1181,51,165,14,'2014-08-05 09:55:21'),(1182,51,172,11,'2014-08-05 09:55:22'),(1183,51,167,14,'2014-08-05 09:55:22'),(1184,51,180,14,'2014-08-05 10:00:32'),(1185,51,181,14,'2014-08-05 10:00:58'),(1186,51,182,14,'2014-08-05 10:00:58'),(1187,51,183,14,'2014-08-05 10:00:59'),(1188,51,164,14,'2014-08-05 10:00:59'),(1189,51,180,14,'2014-08-05 10:10:48'),(1190,51,181,14,'2014-08-05 10:10:48'),(1191,51,182,14,'2014-08-05 10:10:48'),(1192,51,183,14,'2014-08-05 10:10:48'),(1193,51,164,14,'2014-08-05 10:10:48'),(1194,51,163,14,'2014-08-05 10:10:52'),(1195,51,184,14,'2014-08-05 10:10:52'),(1196,51,173,14,'2014-08-05 10:10:52'),(1197,51,185,14,'2014-08-05 10:10:52'),(1198,51,179,14,'2014-08-05 10:10:57'),(1199,51,178,14,'2014-08-05 10:10:57'),(1200,51,177,14,'2014-08-05 10:10:57'),(1201,51,176,14,'2014-08-05 10:10:57'),(1202,51,175,14,'2014-08-05 10:10:58'),(1203,51,185,14,'2014-08-05 10:19:48'),(1204,51,179,14,'2014-08-05 10:19:48'),(1205,51,180,14,'2014-08-05 10:19:48'),(1206,51,174,14,'2014-08-05 10:19:48'),(1207,51,168,14,'2014-08-05 10:19:48'),(1208,51,166,14,'2014-08-05 10:19:48'),(1209,51,176,14,'2014-08-05 10:19:48'),(1210,51,165,14,'2014-08-05 10:19:48'),(1211,51,164,14,'2014-08-05 10:19:50'),(1212,51,163,14,'2014-08-05 10:19:50'),(1213,51,178,14,'2014-08-05 10:19:50'),(1214,51,175,14,'2014-08-05 10:19:50'),(1215,51,172,11,'2014-08-05 10:19:50'),(1216,51,167,14,'2014-08-05 10:19:50'),(1217,51,173,14,'2014-08-05 10:19:52'),(1218,53,168,14,'2014-08-05 10:44:01'),(1219,53,213,38,'2014-08-05 10:44:01'),(1220,53,212,38,'2014-08-05 10:44:01'),(1221,53,168,14,'2014-08-05 10:46:18'),(1222,53,213,38,'2014-08-05 10:46:18'),(1223,53,212,38,'2014-08-05 10:46:18'),(1224,53,168,14,'2014-08-05 10:49:24'),(1225,53,213,38,'2014-08-05 10:49:24'),(1226,53,212,38,'2014-08-05 10:49:24'),(1227,52,213,38,'2014-08-05 10:49:56'),(1228,52,212,38,'2014-08-05 10:49:56'),(1229,52,213,38,'2014-08-05 10:53:43'),(1230,52,212,38,'2014-08-05 10:53:43'),(1231,52,213,38,'2014-08-05 11:10:06'),(1232,52,212,38,'2014-08-05 11:10:06'),(1233,52,213,38,'2014-08-05 11:11:08'),(1234,52,212,38,'2014-08-05 11:11:08'),(1235,52,213,38,'2014-08-05 11:12:26'),(1236,52,212,38,'2014-08-05 11:12:26'),(1237,51,180,14,'2014-08-05 11:25:33'),(1238,51,181,14,'2014-08-05 11:25:33'),(1239,51,182,14,'2014-08-05 11:25:34'),(1240,51,183,14,'2014-08-05 11:25:34'),(1241,53,168,14,'2014-08-05 11:26:12'),(1242,53,213,38,'2014-08-05 11:26:12'),(1243,53,212,38,'2014-08-05 11:26:12'),(1244,51,180,14,'2014-08-05 11:49:17'),(1245,51,181,14,'2014-08-05 11:49:17'),(1246,51,182,14,'2014-08-05 11:49:17'),(1247,51,183,14,'2014-08-05 11:49:17'),(1248,51,180,14,'2014-08-05 11:51:28'),(1249,51,181,14,'2014-08-05 11:52:21'),(1250,51,182,14,'2014-08-05 11:52:21'),(1251,51,183,14,'2014-08-05 11:52:23'),(1252,51,164,14,'2014-08-05 11:52:23'),(1253,51,163,14,'2014-08-05 11:52:23'),(1254,51,184,14,'2014-08-05 11:52:24'),(1255,51,173,14,'2014-08-05 11:52:24'),(1256,51,185,14,'2014-08-05 11:52:24'),(1257,51,180,14,'2014-08-05 11:52:49'),(1258,51,179,14,'2014-08-05 11:52:49'),(1259,51,178,14,'2014-08-05 11:52:49'),(1260,51,177,14,'2014-08-05 11:52:49'),(1261,51,176,14,'2014-08-05 11:52:49'),(1262,51,175,14,'2014-08-05 11:52:50'),(1263,51,181,14,'2014-08-05 11:53:22'),(1264,51,182,14,'2014-08-05 11:53:22'),(1265,51,183,14,'2014-08-05 11:53:32'),(1266,51,184,14,'2014-08-05 11:53:35'),(1267,51,185,14,'2014-08-05 11:53:35'),(1268,51,174,14,'2014-08-05 11:53:36'),(1269,51,168,14,'2014-08-05 11:53:36'),(1270,51,166,14,'2014-08-05 11:53:36'),(1271,51,165,14,'2014-08-05 11:53:36'),(1272,51,164,14,'2014-08-05 11:53:36'),(1273,51,163,14,'2014-08-05 11:53:37'),(1274,51,172,11,'2014-08-05 11:53:40'),(1275,51,167,14,'2014-08-05 11:53:40'),(1276,51,173,14,'2014-08-05 11:53:40'),(1277,51,180,14,'2014-08-05 11:54:21'),(1278,51,181,14,'2014-08-05 11:54:24'),(1279,51,182,14,'2014-08-05 11:54:25'),(1280,51,179,14,'2014-08-05 11:54:28'),(1281,51,178,14,'2014-08-05 11:54:28'),(1282,51,177,14,'2014-08-05 11:54:29'),(1283,51,176,14,'2014-08-05 11:54:29'),(1284,51,175,14,'2014-08-05 11:54:29'),(1285,51,163,14,'2014-08-05 11:54:43'),(1286,51,183,14,'2014-08-05 11:55:09'),(1287,51,164,14,'2014-08-05 11:55:09'),(1288,51,184,14,'2014-08-05 11:55:11'),(1289,51,173,14,'2014-08-05 11:55:11'),(1290,51,185,14,'2014-08-05 11:55:11'),(1291,51,180,14,'2014-08-05 11:55:22'),(1292,52,213,38,'2014-08-05 11:56:00'),(1293,52,212,38,'2014-08-05 11:56:01'),(1294,52,211,38,'2014-08-05 11:56:01'),(1295,51,181,14,'2014-08-13 01:38:04'),(1296,51,163,14,'2014-08-13 01:38:04'),(1297,51,180,14,'2014-08-13 01:38:04'),(1298,51,181,14,'2014-08-13 02:02:14'),(1299,51,163,14,'2014-08-13 02:02:14'),(1300,51,180,14,'2014-08-13 02:02:15'),(1301,51,180,14,'2014-08-13 02:06:04'),(1302,51,181,14,'2014-08-13 02:06:04'),(1303,51,182,14,'2014-08-13 02:06:04'),(1304,51,183,14,'2014-08-13 02:06:04'),(1305,51,164,14,'2014-08-13 02:06:04'),(1306,51,163,14,'2014-08-13 02:06:08'),(1307,51,181,14,'2014-08-13 02:15:45'),(1308,51,163,14,'2014-08-13 02:15:46'),(1309,51,180,14,'2014-08-13 02:15:46'),(1310,51,181,14,'2014-08-13 02:54:20'),(1311,51,163,14,'2014-08-13 02:54:20'),(1312,51,180,14,'2014-08-13 02:54:20'),(1313,51,181,14,'2014-08-13 03:19:13'),(1314,51,163,14,'2014-08-13 03:19:13'),(1315,51,180,14,'2014-08-13 03:19:13'),(1316,51,181,14,'2014-08-13 03:21:39'),(1317,51,163,14,'2014-08-13 03:21:39'),(1318,51,180,14,'2014-08-13 03:21:40'),(1319,51,181,14,'2014-08-13 03:22:56'),(1320,51,163,14,'2014-08-13 03:22:56'),(1321,51,180,14,'2014-08-13 03:22:56'),(1322,51,181,14,'2014-08-13 03:43:22'),(1323,51,163,14,'2014-08-13 03:43:22'),(1324,51,180,14,'2014-08-13 03:43:22'),(1325,51,181,14,'2014-08-14 12:08:08'),(1326,51,163,14,'2014-08-14 12:08:08'),(1327,51,180,14,'2014-08-14 12:08:08'),(1328,51,181,14,'2014-08-15 07:13:26'),(1329,51,163,14,'2014-08-15 07:13:27'),(1330,51,180,14,'2014-08-15 07:13:27'),(1331,51,181,14,'2014-08-15 07:35:12'),(1332,51,163,14,'2014-08-15 07:35:12'),(1333,51,180,14,'2014-08-15 07:35:12'),(1334,51,181,14,'2014-08-15 08:36:45'),(1335,51,163,14,'2014-08-15 08:36:45'),(1336,51,180,14,'2014-08-15 08:36:46'),(1337,53,181,14,'2014-09-03 06:54:22'),(1338,53,163,14,'2014-09-03 06:54:23'),(1339,53,180,14,'2014-09-03 06:54:23'),(1340,51,172,11,'2014-09-04 10:50:20'),(1341,51,181,14,'2014-09-05 04:33:10'),(1342,51,163,14,'2014-09-05 04:33:10'),(1343,51,180,14,'2014-09-05 04:33:10'),(1344,51,181,14,'2014-09-05 04:49:45'),(1345,51,163,14,'2014-09-05 04:49:45'),(1346,51,180,14,'2014-09-05 04:49:45'),(1347,51,172,11,'2014-09-05 07:28:59'),(1348,51,172,11,'2014-09-05 07:44:42'),(1349,51,172,11,'2014-09-08 05:08:09'),(1350,51,181,14,'2014-09-08 05:08:41'),(1351,51,163,14,'2014-09-08 05:08:41'),(1352,51,180,14,'2014-09-08 05:08:41'),(1353,51,182,14,'2014-09-08 05:08:48'),(1354,51,183,14,'2014-09-08 05:08:48'),(1355,51,164,14,'2014-09-08 05:08:48'),(1356,51,184,14,'2014-09-08 05:08:50'),(1357,51,173,14,'2014-09-08 05:08:50'),(1358,51,185,14,'2014-09-08 05:08:50'),(1359,51,179,14,'2014-09-08 05:08:53'),(1360,51,178,14,'2014-09-08 05:09:00'),(1361,51,177,14,'2014-09-08 05:09:00'),(1362,51,176,14,'2014-09-08 05:09:00'),(1363,51,175,14,'2014-09-08 05:09:00'),(1364,51,181,14,'2014-09-09 03:51:03'),(1365,51,163,14,'2014-09-09 03:51:03'),(1366,51,180,14,'2014-09-09 03:51:03'),(1367,51,181,14,'2014-09-09 03:52:06'),(1368,51,163,14,'2014-09-09 03:52:07'),(1369,51,180,14,'2014-09-09 03:52:07'),(1370,51,181,14,'2014-09-09 03:58:06'),(1371,51,181,14,'2014-09-09 03:59:26'),(1372,51,163,14,'2014-09-09 03:59:36'),(1373,51,180,14,'2014-09-09 03:59:39'),(1374,51,181,14,'2014-09-09 04:03:07'),(1375,51,163,14,'2014-09-09 04:03:07'),(1376,51,181,14,'2014-09-09 04:06:14'),(1377,51,163,14,'2014-09-09 04:06:14'),(1378,51,180,14,'2014-09-09 04:06:14'),(1379,51,181,14,'2014-09-09 04:07:58'),(1380,51,163,14,'2014-09-09 04:07:58'),(1381,51,180,14,'2014-09-09 04:07:58'),(1382,51,181,14,'2014-09-09 04:10:04'),(1383,51,163,14,'2014-09-09 04:10:04'),(1384,52,213,38,'2014-09-09 04:16:05'),(1385,51,172,11,'2014-09-09 04:32:02'),(1386,51,172,11,'2014-09-09 07:23:57'),(1387,51,181,14,'2014-09-09 07:26:41'),(1388,51,163,14,'2014-09-09 07:26:41'),(1389,51,180,14,'2014-09-09 07:26:41'),(1390,51,182,14,'2014-09-09 07:27:05'),(1391,51,183,14,'2014-09-09 07:27:05'),(1392,51,164,14,'2014-09-09 07:27:10'),(1393,51,184,14,'2014-09-09 07:27:17'),(1394,51,173,14,'2014-09-09 07:27:17'),(1395,51,185,14,'2014-09-09 07:27:17'),(1396,51,179,14,'2014-09-09 07:27:23'),(1397,51,178,14,'2014-09-09 07:27:23'),(1398,51,177,14,'2014-09-09 07:27:23'),(1399,51,176,14,'2014-09-09 07:27:23'),(1400,51,175,14,'2014-09-09 07:27:23'),(1401,51,174,14,'2014-09-09 07:27:34'),(1402,51,168,14,'2014-09-09 07:27:38'),(1403,51,166,14,'2014-09-09 07:27:38'),(1404,51,165,14,'2014-09-09 07:27:38'),(1405,51,172,11,'2014-09-09 07:27:48'),(1406,51,167,14,'2014-09-09 07:27:48'),(1407,51,181,14,'2014-09-09 07:28:45'),(1408,51,163,14,'2014-09-09 07:28:45'),(1409,51,180,14,'2014-09-09 07:28:45'),(1410,51,182,14,'2014-09-09 07:29:17'),(1411,51,183,14,'2014-09-09 07:29:17'),(1412,51,164,14,'2014-09-09 07:29:26'),(1413,51,184,14,'2014-09-09 07:29:35'),(1414,51,173,14,'2014-09-09 07:29:35'),(1415,51,185,14,'2014-09-09 07:29:35'),(1416,51,181,14,'2014-09-09 07:30:14'),(1417,51,163,14,'2014-09-09 07:30:14'),(1418,51,180,14,'2014-09-09 07:30:14'),(1419,51,182,14,'2014-09-09 07:30:59'),(1420,51,183,14,'2014-09-09 07:30:59'),(1421,51,164,14,'2014-09-09 07:31:26'),(1422,51,163,14,'2014-09-09 07:31:27'),(1423,51,180,14,'2014-09-09 07:31:27'),(1424,51,181,14,'2014-09-09 07:31:27'),(1425,51,183,14,'2014-09-09 07:32:03'),(1426,51,184,14,'2014-09-09 07:32:03'),(1427,51,173,14,'2014-09-09 07:32:03'),(1428,51,185,14,'2014-09-09 07:32:03'),(1429,51,182,14,'2014-09-09 07:32:06'),(1430,51,179,14,'2014-09-09 07:32:09'),(1431,51,178,14,'2014-09-09 07:32:10'),(1432,51,177,14,'2014-09-09 07:32:10'),(1433,51,176,14,'2014-09-09 07:32:10'),(1434,51,175,14,'2014-09-09 07:32:10'),(1435,51,181,14,'2014-09-11 02:32:29'),(1436,51,163,14,'2014-09-11 02:32:29'),(1437,53,164,14,'2014-09-15 07:51:48'),(1438,53,181,14,'2014-09-15 07:51:48'),(1439,53,163,14,'2014-09-15 07:51:49'),(1440,53,180,14,'2014-09-15 07:51:49'),(1441,52,213,38,'2014-09-15 10:41:20'),(1442,52,212,38,'2014-09-15 10:41:20'),(1443,52,211,38,'2014-09-15 10:41:20'),(1444,52,210,38,'2014-09-15 10:41:26'),(1445,52,209,38,'2014-09-15 10:41:26'),(1446,52,208,38,'2014-09-15 10:41:26'),(1447,52,207,38,'2014-09-15 10:41:26'),(1448,52,206,38,'2014-09-15 10:41:26'),(1449,52,205,38,'2014-09-15 10:41:26'),(1450,52,189,38,'2014-09-15 10:41:26'),(1451,52,188,38,'2014-09-15 10:41:26'),(1452,52,172,11,'2014-09-15 10:42:10'),(1453,51,181,14,'2014-09-15 10:45:43'),(1454,51,163,14,'2014-09-15 10:45:43'),(1455,52,213,38,'2014-09-15 10:45:50'),(1456,52,212,38,'2014-09-15 10:45:50'),(1457,52,211,38,'2014-09-15 10:46:30'),(1458,52,210,38,'2014-09-15 10:46:30'),(1459,52,209,38,'2014-09-15 10:47:20'),(1460,52,208,38,'2014-09-15 10:47:20'),(1461,52,207,38,'2014-09-15 10:47:20'),(1462,52,206,38,'2014-09-15 10:47:20'),(1463,52,205,38,'2014-09-15 10:47:21'),(1464,52,189,38,'2014-09-15 10:47:21'),(1465,52,188,38,'2014-09-15 10:47:21'),(1466,52,172,11,'2014-09-15 10:47:30'),(1467,51,181,14,'2014-09-15 11:02:04'),(1468,51,163,14,'2014-09-15 11:02:04'),(1469,51,180,14,'2014-09-15 11:02:27'),(1470,51,172,11,'2014-09-15 11:03:30'),(1471,51,181,14,'2014-09-17 02:56:22'),(1472,51,163,14,'2014-09-17 02:56:22'),(1473,51,180,14,'2014-09-17 02:56:22'),(1474,61,172,11,'2014-09-18 04:13:05'),(1475,51,181,14,'2014-09-24 05:12:13'),(1476,51,163,14,'2014-09-24 05:12:14'),(1477,51,180,14,'2014-09-24 05:12:14'),(1478,51,181,14,'2014-09-24 05:13:18'),(1479,51,163,14,'2014-09-24 05:13:18'),(1480,51,180,14,'2014-09-24 05:13:18'),(1481,51,172,11,'2014-09-24 05:13:50'),(1482,51,181,14,'2014-09-26 09:01:06'),(1483,51,163,14,'2014-09-26 09:01:06'),(1484,51,180,14,'2014-09-26 09:01:06'),(1485,51,172,11,'2014-09-26 09:01:12'),(1486,53,181,14,'2014-10-06 06:54:30'),(1487,53,163,14,'2014-10-06 06:54:30'),(1488,53,180,14,'2014-10-06 06:54:30'),(1489,53,181,14,'2014-10-06 07:42:50'),(1490,53,163,14,'2014-10-06 07:42:51'),(1491,53,180,14,'2014-10-06 07:42:51'),(1492,53,181,14,'2014-10-06 09:00:13'),(1493,53,163,14,'2014-10-06 09:00:13'),(1494,51,181,14,'2014-10-06 09:10:23'),(1495,51,163,14,'2014-10-06 09:10:24'),(1496,51,180,14,'2014-10-06 09:10:24'),(1497,53,181,14,'2014-10-08 06:45:23'),(1498,53,163,14,'2014-10-08 06:45:23'),(1499,51,181,14,'2014-10-08 10:12:50'),(1500,51,163,14,'2014-10-08 10:12:50'),(1501,51,180,14,'2014-10-08 10:12:50'),(1502,53,181,14,'2014-10-08 10:13:10'),(1503,51,163,14,'2014-10-08 10:13:47'),(1504,51,180,14,'2014-10-08 10:13:47'),(1505,51,181,14,'2014-10-08 10:20:01'),(1506,51,163,14,'2014-10-08 10:20:01'),(1507,51,180,14,'2014-10-08 10:20:01'),(1508,52,209,38,'2014-10-08 10:30:38'),(1509,52,208,38,'2014-10-08 10:30:38'),(1510,52,207,38,'2014-10-08 10:30:38'),(1511,52,206,38,'2014-10-08 10:30:38'),(1512,52,205,38,'2014-10-08 10:30:38'),(1513,52,189,38,'2014-10-08 10:30:38'),(1514,52,188,38,'2014-10-08 10:30:38'),(1515,51,181,14,'2014-10-08 10:43:53'),(1516,51,163,14,'2014-10-08 10:43:53'),(1517,51,180,14,'2014-10-08 10:43:53'),(1518,52,213,38,'2014-10-09 03:07:36'),(1519,52,212,38,'2014-10-09 03:07:37'),(1520,52,211,38,'2014-10-09 03:07:37'),(1521,52,210,38,'2014-10-09 03:07:37'),(1522,52,209,38,'2014-10-09 03:07:37'),(1523,52,208,38,'2014-10-09 03:07:37'),(1524,52,207,38,'2014-10-09 03:07:37'),(1525,52,206,38,'2014-10-09 03:07:37'),(1526,52,205,38,'2014-10-09 03:07:37'),(1527,52,189,38,'2014-10-09 03:07:37'),(1528,52,188,38,'2014-10-09 03:07:37'),(1529,52,213,38,'2014-10-09 03:08:39'),(1530,52,212,38,'2014-10-09 03:08:39'),(1531,52,211,38,'2014-10-09 03:08:39'),(1532,52,210,38,'2014-10-09 03:08:39'),(1533,52,209,38,'2014-10-09 03:08:39'),(1534,52,208,38,'2014-10-09 03:08:39'),(1535,52,207,38,'2014-10-09 03:08:39'),(1536,52,206,38,'2014-10-09 03:08:39'),(1537,52,205,38,'2014-10-09 03:08:40'),(1538,52,189,38,'2014-10-09 03:08:40'),(1539,52,188,38,'2014-10-09 03:08:40'),(1540,52,213,38,'2014-10-09 03:12:28'),(1541,52,212,38,'2014-10-09 03:12:28'),(1542,52,211,38,'2014-10-09 03:12:28'),(1543,52,210,38,'2014-10-09 03:12:28'),(1544,52,209,38,'2014-10-09 03:12:28'),(1545,52,208,38,'2014-10-09 03:12:28'),(1546,52,207,38,'2014-10-09 03:12:29'),(1547,52,206,38,'2014-10-09 03:12:29'),(1548,52,205,38,'2014-10-09 03:12:29'),(1549,52,189,38,'2014-10-09 03:12:29'),(1550,52,188,38,'2014-10-09 03:12:29'),(1551,51,181,14,'2014-10-09 03:14:19'),(1552,51,163,14,'2014-10-09 03:14:19'),(1553,51,180,14,'2014-10-09 03:14:19'),(1554,51,181,14,'2014-10-09 03:44:40'),(1555,51,163,14,'2014-10-09 03:44:40'),(1556,51,180,14,'2014-10-09 03:44:40'),(1557,52,213,38,'2014-10-09 03:44:59'),(1558,52,212,38,'2014-10-09 03:44:59'),(1559,52,211,38,'2014-10-09 03:45:00'),(1560,52,210,38,'2014-10-09 03:45:00'),(1561,52,209,38,'2014-10-09 03:45:00'),(1562,52,208,38,'2014-10-09 03:45:00'),(1563,52,207,38,'2014-10-09 03:45:00'),(1564,52,206,38,'2014-10-09 03:45:00'),(1565,52,205,38,'2014-10-09 03:45:00'),(1566,52,189,38,'2014-10-09 03:45:02'),(1567,52,188,38,'2014-10-09 03:45:02'),(1568,52,172,11,'2014-10-09 03:45:05'),(1569,51,181,14,'2014-10-09 03:45:46'),(1570,51,163,14,'2014-10-09 03:45:46'),(1571,51,180,14,'2014-10-09 03:45:46'),(1572,51,181,14,'2014-10-09 03:46:47'),(1573,51,163,14,'2014-10-09 03:46:47'),(1574,51,180,14,'2014-10-09 03:46:47'),(1575,51,181,14,'2014-10-09 03:47:54'),(1576,51,163,14,'2014-10-09 03:47:54'),(1577,51,180,14,'2014-10-09 03:47:54'),(1578,51,181,14,'2014-10-09 03:50:10'),(1579,51,163,14,'2014-10-09 03:50:10'),(1580,51,180,14,'2014-10-09 03:50:10'),(1581,51,181,14,'2014-10-09 03:52:05'),(1582,51,163,14,'2014-10-09 03:52:05'),(1583,51,180,14,'2014-10-09 03:52:05'),(1584,51,181,14,'2014-10-09 03:54:43'),(1585,51,163,14,'2014-10-09 03:54:43'),(1586,51,180,14,'2014-10-09 03:54:43'),(1587,51,181,14,'2014-10-09 03:56:09'),(1588,51,163,14,'2014-10-09 03:56:09'),(1589,51,180,14,'2014-10-09 03:56:09'),(1590,51,181,14,'2014-10-09 04:12:01'),(1591,51,163,14,'2014-10-09 04:12:01'),(1592,51,180,14,'2014-10-09 04:12:01'),(1593,51,181,14,'2014-10-09 04:18:52'),(1594,51,163,14,'2014-10-09 04:18:52'),(1595,51,180,14,'2014-10-09 04:18:52'),(1596,51,181,14,'2014-10-09 07:10:11'),(1597,51,163,14,'2014-10-09 07:10:11'),(1598,51,180,14,'2014-10-09 07:10:11'),(1599,51,181,14,'2014-10-09 07:32:04'),(1600,51,163,14,'2014-10-09 07:32:04'),(1601,51,180,14,'2014-10-09 07:32:04'),(1602,51,181,14,'2014-10-09 07:35:34'),(1603,51,163,14,'2014-10-09 07:35:34'),(1604,51,180,14,'2014-10-09 07:35:34'),(1605,51,172,11,'2014-10-09 07:37:01'),(1606,51,181,14,'2014-10-09 10:39:25'),(1607,51,163,14,'2014-10-09 10:39:25'),(1608,51,180,14,'2014-10-09 10:39:25'),(1609,51,172,11,'2014-10-09 10:39:28'),(1610,51,181,14,'2014-10-13 02:41:00'),(1611,51,163,14,'2014-10-13 02:41:00'),(1612,51,180,14,'2014-10-13 02:41:03'),(1613,51,172,11,'2014-10-13 02:41:28'),(1614,51,181,14,'2014-10-15 03:53:16'),(1615,51,163,14,'2014-10-15 03:53:16'),(1616,51,181,14,'2014-10-15 03:58:14'),(1617,51,163,14,'2014-10-15 03:58:14'),(1618,51,180,14,'2014-10-15 03:58:21'),(1619,51,172,11,'2014-10-15 03:58:32'),(1620,51,181,14,'2014-10-15 03:59:24'),(1621,51,163,14,'2014-10-15 03:59:24'),(1622,51,180,14,'2014-10-15 03:59:26'),(1623,51,172,11,'2014-10-15 04:12:48'),(1624,52,213,38,'2014-10-16 09:32:33'),(1625,52,212,38,'2014-10-16 09:32:33'),(1626,52,211,38,'2014-10-16 09:32:33'),(1627,52,210,38,'2014-10-16 09:32:33'),(1628,52,209,38,'2014-10-16 09:32:33'),(1629,52,208,38,'2014-10-16 09:32:33'),(1630,52,207,38,'2014-10-16 09:32:33'),(1631,52,206,38,'2014-10-16 09:32:34'),(1632,52,205,38,'2014-10-16 09:32:34'),(1633,52,189,38,'2014-10-16 09:32:34'),(1634,52,213,38,'2014-10-16 09:34:50'),(1635,52,212,38,'2014-10-16 09:34:50'),(1636,52,211,38,'2014-10-16 09:34:50'),(1637,52,210,38,'2014-10-16 09:34:50'),(1638,52,209,38,'2014-10-16 09:34:50'),(1639,52,208,38,'2014-10-16 09:34:50'),(1640,52,207,38,'2014-10-16 09:34:50'),(1641,52,206,38,'2014-10-16 09:34:50'),(1642,52,205,38,'2014-10-16 09:34:50'),(1643,52,189,38,'2014-10-16 09:34:50'),(1644,52,213,38,'2014-10-16 09:42:19'),(1645,52,212,38,'2014-10-16 09:42:19'),(1646,52,211,38,'2014-10-16 09:42:19'),(1647,52,210,38,'2014-10-16 09:42:19'),(1648,52,209,38,'2014-10-16 09:42:19'),(1649,52,208,38,'2014-10-16 09:42:19'),(1650,52,207,38,'2014-10-16 09:42:19'),(1651,52,206,38,'2014-10-16 09:42:19'),(1652,52,205,38,'2014-10-16 09:42:19'),(1653,52,189,38,'2014-10-16 09:42:20');

/*Data for the table `company_post_likes` */

insert  into `company_post_likes`(`user_id`,`post_id`,`company_id`,`timeline_id`,`createDate`) values (51,163,14,886,'2014-09-15 11:02:28'),(51,164,14,868,'2014-09-09 07:28:34'),(51,168,14,816,'2014-08-05 09:48:17'),(51,181,14,885,'2014-09-15 11:02:09'),(51,188,38,896,'2014-09-15 11:03:35'),(51,189,38,1005,'2014-10-09 07:37:09'),(51,207,38,894,'2014-09-15 11:03:24'),(51,212,38,755,'2014-08-01 03:13:24'),(51,213,38,814,'2014-08-05 09:47:47'),(52,163,14,675,'2014-07-31 04:34:32'),(52,164,14,677,'2014-07-31 04:34:43'),(52,168,14,479,'2014-07-15 11:51:14'),(53,163,14,580,'2014-07-18 06:55:57'),(53,164,14,581,'2014-07-18 06:55:59'),(53,165,14,582,'2014-07-18 06:56:00'),(53,166,14,586,'2014-07-18 06:59:31'),(53,167,14,552,'2014-07-18 05:05:56'),(53,168,14,587,'2014-07-18 06:59:39'),(53,172,11,557,'2014-07-18 05:06:24'),(53,173,14,520,'2014-07-18 03:14:18'),(53,174,14,588,'2014-07-18 06:59:46'),(53,175,14,559,'2014-07-18 05:13:13'),(53,176,14,585,'2014-07-18 06:59:11'),(53,178,14,573,'2014-07-18 06:54:07'),(53,179,14,572,'2014-07-18 06:54:04'),(53,180,14,599,'2014-07-21 09:18:46'),(53,181,14,598,'2014-07-21 09:18:43'),(53,182,14,597,'2014-07-21 09:18:32'),(53,183,14,596,'2014-07-21 09:18:30'),(53,184,14,594,'2014-07-21 09:18:26'),(53,185,14,593,'2014-07-21 09:18:24'),(53,189,38,625,'2014-07-24 05:10:29');

/*Data for the table `company_specialties` */

/*Data for the table `confirmations` */

insert  into `confirmations`(`id`,`sender`,`senderType`,`type`,`code`,`value`,`date`,`isRefreshed`) values (1,95,1,1,'zc0pbvh44o2st9wvxergtwt20n8jopfi','dsfdsfs@dsfdsf.dfdf','2014-10-17 04:20:18',0);

/*Data for the table `connection_ban` */

insert  into `connection_ban`(`id`,`user_id`,`friend_id`,`createDate`) values (9,61,51,'2014-09-18 04:33:51'),(10,61,51,'2014-09-18 04:34:22'),(11,61,51,'2014-09-18 04:37:11'),(12,59,51,'2014-09-18 04:37:14');

/*Data for the table `connection_search_result` */

insert  into `connection_search_result`(`id`,`profile_id`,`createDate`) values (1,51,'2014-06-13 05:02:03'),(2,56,'2014-06-13 05:07:29'),(3,55,'2014-06-13 05:07:29'),(4,54,'2014-06-13 05:07:29'),(5,53,'2014-06-13 05:07:29'),(6,51,'2014-06-13 05:07:29'),(7,56,'2014-06-13 05:07:41'),(8,55,'2014-06-13 05:07:41'),(9,54,'2014-06-13 05:07:41'),(10,53,'2014-06-13 05:07:41'),(11,51,'2014-06-13 05:07:41'),(12,56,'2014-06-13 05:08:28'),(13,55,'2014-06-13 05:08:28'),(14,54,'2014-06-13 05:08:28'),(15,53,'2014-06-13 05:08:28'),(16,51,'2014-06-13 05:08:28'),(17,56,'2014-06-13 05:08:36'),(18,55,'2014-06-13 05:08:36'),(19,54,'2014-06-13 05:08:36'),(20,53,'2014-06-13 05:08:36'),(21,51,'2014-06-13 05:08:36'),(22,56,'2014-06-13 05:08:39'),(23,55,'2014-06-13 05:08:39'),(24,54,'2014-06-13 05:08:39'),(25,53,'2014-06-13 05:08:39'),(26,51,'2014-06-13 05:08:39'),(27,56,'2014-06-13 05:08:46'),(28,55,'2014-06-13 05:08:46'),(29,54,'2014-06-13 05:08:46'),(30,53,'2014-06-13 05:08:46'),(31,51,'2014-06-13 05:08:46'),(32,56,'2014-06-13 05:08:50'),(33,55,'2014-06-13 05:08:50'),(34,54,'2014-06-13 05:08:50'),(35,53,'2014-06-13 05:08:50'),(36,51,'2014-06-13 05:08:50'),(37,56,'2014-06-13 05:08:53'),(38,55,'2014-06-13 05:08:53'),(39,54,'2014-06-13 05:08:53'),(40,53,'2014-06-13 05:08:53'),(41,51,'2014-06-13 05:08:53'),(42,56,'2014-06-13 05:15:19'),(43,55,'2014-06-13 05:15:19'),(44,54,'2014-06-13 05:15:19'),(45,53,'2014-06-13 05:15:19'),(46,51,'2014-06-13 05:15:19'),(47,56,'2014-06-13 07:08:09'),(48,55,'2014-06-13 07:08:09'),(49,54,'2014-06-13 07:08:09'),(50,53,'2014-06-13 07:08:09'),(51,51,'2014-06-13 07:08:09'),(52,56,'2014-06-13 07:08:44'),(53,55,'2014-06-13 07:08:44'),(54,54,'2014-06-13 07:08:44'),(55,61,'2014-06-13 09:59:53'),(56,60,'2014-06-13 09:59:53'),(57,59,'2014-06-13 09:59:53'),(58,58,'2014-06-13 09:59:53'),(59,57,'2014-06-13 09:59:53'),(60,56,'2014-06-13 09:59:53'),(61,55,'2014-06-13 09:59:53'),(62,54,'2014-06-13 09:59:53'),(63,53,'2014-06-13 09:59:53'),(64,51,'2014-06-13 09:59:53'),(65,61,'2014-06-13 10:08:41'),(66,60,'2014-06-13 10:08:41'),(67,59,'2014-06-13 10:08:41'),(68,58,'2014-06-13 10:08:41'),(69,57,'2014-06-13 10:08:41'),(70,56,'2014-06-13 10:08:41'),(71,55,'2014-06-13 10:08:41'),(72,54,'2014-06-13 10:08:41'),(73,53,'2014-06-13 10:08:41'),(74,51,'2014-06-13 10:08:41'),(75,61,'2014-06-13 10:09:01'),(76,60,'2014-06-13 10:09:01'),(77,59,'2014-06-13 10:09:01'),(78,58,'2014-06-13 10:09:01'),(79,57,'2014-06-13 10:09:01'),(80,56,'2014-06-13 10:09:01'),(81,55,'2014-06-13 10:09:01'),(82,54,'2014-06-13 10:09:01'),(83,53,'2014-06-13 10:09:01'),(84,51,'2014-06-13 10:09:01'),(85,53,'2014-06-13 10:09:30'),(86,53,'2014-06-13 10:09:42'),(87,53,'2014-06-13 10:09:56'),(88,53,'2014-06-13 10:10:01'),(89,61,'2014-06-13 10:10:04'),(90,60,'2014-06-13 10:10:04'),(91,59,'2014-06-13 10:10:04'),(92,58,'2014-06-13 10:10:04'),(93,57,'2014-06-13 10:10:04'),(94,56,'2014-06-13 10:10:04'),(95,55,'2014-06-13 10:10:04'),(96,54,'2014-06-13 10:10:04'),(97,53,'2014-06-13 10:10:04'),(98,51,'2014-06-13 10:10:04'),(99,53,'2014-06-13 10:10:20'),(100,61,'2014-06-13 10:10:28'),(101,60,'2014-06-13 10:10:28'),(102,59,'2014-06-13 10:10:28'),(103,58,'2014-06-13 10:10:28'),(104,57,'2014-06-13 10:10:28'),(105,56,'2014-06-13 10:10:28'),(106,55,'2014-06-13 10:10:28'),(107,54,'2014-06-13 10:10:28'),(108,53,'2014-06-13 10:10:28'),(109,51,'2014-06-13 10:10:28'),(110,61,'2014-06-13 10:10:33'),(111,60,'2014-06-13 10:10:33'),(112,59,'2014-06-13 10:10:33'),(113,58,'2014-06-13 10:10:33'),(114,57,'2014-06-13 10:10:33'),(115,56,'2014-06-13 10:10:33'),(116,55,'2014-06-13 10:10:33'),(117,54,'2014-06-13 10:10:33'),(118,53,'2014-06-13 10:10:33'),(119,51,'2014-06-13 10:10:33'),(120,61,'2014-06-16 03:41:14'),(121,60,'2014-06-16 03:41:14'),(122,59,'2014-06-16 03:41:14'),(123,58,'2014-06-16 03:41:14'),(124,57,'2014-06-16 03:41:14'),(125,56,'2014-06-16 03:41:14'),(126,55,'2014-06-16 03:41:14'),(127,54,'2014-06-16 03:41:14'),(128,53,'2014-06-16 03:41:14'),(129,51,'2014-06-16 03:41:14'),(130,61,'2014-06-17 03:11:31'),(131,60,'2014-06-17 03:11:31'),(132,59,'2014-06-17 03:11:31'),(133,58,'2014-06-17 03:11:31'),(134,57,'2014-06-17 03:11:31'),(135,56,'2014-06-17 03:11:31'),(136,55,'2014-06-17 03:11:31'),(137,54,'2014-06-17 03:11:31'),(138,53,'2014-06-17 03:11:31'),(139,51,'2014-06-17 03:11:31'),(140,61,'2014-06-17 03:47:33'),(141,60,'2014-06-17 03:47:33'),(142,59,'2014-06-17 03:47:33'),(143,58,'2014-06-17 03:47:33'),(144,57,'2014-06-17 03:47:33'),(145,56,'2014-06-17 03:47:33'),(146,55,'2014-06-17 03:47:33'),(147,54,'2014-06-17 03:47:33'),(148,53,'2014-06-17 03:47:33'),(149,51,'2014-06-17 03:47:33'),(150,61,'2014-06-17 03:51:21'),(151,60,'2014-06-17 03:51:21'),(152,59,'2014-06-17 03:51:21'),(153,58,'2014-06-17 03:51:21'),(154,57,'2014-06-17 03:51:21'),(155,56,'2014-06-17 03:51:21'),(156,55,'2014-06-17 03:51:21'),(157,54,'2014-06-17 03:51:21'),(158,53,'2014-06-17 03:51:21'),(159,51,'2014-06-17 03:51:21'),(160,61,'2014-06-18 01:43:34'),(161,60,'2014-06-18 01:43:34'),(162,59,'2014-06-18 01:43:34'),(163,58,'2014-06-18 01:43:34'),(164,57,'2014-06-18 01:43:34'),(165,56,'2014-06-18 01:43:34'),(166,55,'2014-06-18 01:43:34'),(167,54,'2014-06-18 01:43:34'),(168,53,'2014-06-18 01:43:34'),(169,51,'2014-06-18 01:43:34'),(170,61,'2014-06-18 03:45:36'),(171,60,'2014-06-18 03:45:36'),(172,59,'2014-06-18 03:45:36'),(173,58,'2014-06-18 03:45:36'),(174,57,'2014-06-18 03:45:36'),(175,56,'2014-06-18 03:45:36'),(176,55,'2014-06-18 03:45:36'),(177,54,'2014-06-18 03:45:36'),(178,53,'2014-06-18 03:45:36'),(179,51,'2014-06-18 03:45:36'),(180,61,'2014-06-20 02:36:19'),(181,60,'2014-06-20 02:36:19'),(182,59,'2014-06-20 02:36:19'),(183,58,'2014-06-20 02:36:19'),(184,57,'2014-06-20 02:36:19'),(185,56,'2014-06-20 02:36:19'),(186,55,'2014-06-20 02:36:19'),(187,54,'2014-06-20 02:36:19'),(188,53,'2014-06-20 02:36:19'),(189,51,'2014-06-20 02:36:19'),(190,53,'2014-06-20 02:36:23'),(191,51,'2014-06-20 02:36:23'),(192,51,'2014-06-20 02:36:25'),(193,51,'2014-06-20 02:36:35'),(194,61,'2014-06-25 01:43:26'),(195,60,'2014-06-25 01:43:26'),(196,59,'2014-06-25 01:43:26'),(197,58,'2014-06-25 01:43:26'),(198,57,'2014-06-25 01:43:26'),(199,56,'2014-06-25 01:43:26'),(200,55,'2014-06-25 01:43:26'),(201,54,'2014-06-25 01:43:26'),(202,53,'2014-06-25 01:43:26'),(203,52,'2014-06-25 01:43:26'),(204,61,'2014-06-26 01:35:54'),(205,60,'2014-06-26 01:35:54'),(206,59,'2014-06-26 01:35:54'),(207,58,'2014-06-26 01:35:54'),(208,57,'2014-06-26 01:35:54'),(209,56,'2014-06-26 01:35:54'),(210,55,'2014-06-26 01:35:54'),(211,54,'2014-06-26 01:35:54'),(212,53,'2014-06-26 01:35:54'),(213,52,'2014-06-26 01:35:54'),(214,61,'2014-07-02 07:33:59'),(215,60,'2014-07-02 07:33:59'),(216,59,'2014-07-02 07:33:59'),(217,58,'2014-07-02 07:33:59'),(218,57,'2014-07-02 07:33:59'),(219,56,'2014-07-02 07:33:59'),(220,55,'2014-07-02 07:33:59'),(221,54,'2014-07-02 07:33:59'),(222,53,'2014-07-02 07:33:59'),(223,51,'2014-07-02 07:33:59'),(224,61,'2014-07-02 07:36:22'),(225,60,'2014-07-02 07:36:22'),(226,59,'2014-07-02 07:36:22'),(227,58,'2014-07-02 07:36:22'),(228,57,'2014-07-02 07:36:22'),(229,56,'2014-07-02 07:36:22'),(230,55,'2014-07-02 07:36:22'),(231,54,'2014-07-02 07:36:22'),(232,53,'2014-07-02 07:36:22'),(233,51,'2014-07-02 07:36:22'),(234,57,'2014-07-02 07:38:46'),(235,56,'2014-07-02 07:38:46'),(236,55,'2014-07-02 07:38:46'),(237,54,'2014-07-02 07:38:46'),(238,54,'2014-07-02 07:38:53'),(239,65,'2014-07-07 03:59:07'),(240,64,'2014-07-07 03:59:07'),(241,63,'2014-07-07 03:59:07'),(242,61,'2014-07-07 03:59:07'),(243,60,'2014-07-07 03:59:07'),(244,59,'2014-07-07 03:59:07'),(245,58,'2014-07-07 03:59:07'),(246,57,'2014-07-07 03:59:07'),(247,56,'2014-07-07 03:59:07'),(248,55,'2014-07-07 03:59:07'),(249,61,'2014-07-07 04:02:21'),(250,53,'2014-07-07 04:02:21'),(251,51,'2014-07-07 04:02:21'),(252,65,'2014-07-07 04:02:22'),(253,64,'2014-07-07 04:02:22'),(254,63,'2014-07-07 04:02:22'),(255,61,'2014-07-07 04:02:22'),(256,60,'2014-07-07 04:02:22'),(257,59,'2014-07-07 04:02:22'),(258,58,'2014-07-07 04:02:22'),(259,57,'2014-07-07 04:02:22'),(260,56,'2014-07-07 04:02:22'),(261,55,'2014-07-07 04:02:22'),(262,60,'2014-07-07 04:02:25'),(263,59,'2014-07-07 04:02:25'),(264,58,'2014-07-07 04:02:25'),(265,57,'2014-07-07 04:02:25'),(266,54,'2014-07-07 04:02:25'),(267,60,'2014-07-07 04:02:26'),(268,59,'2014-07-07 04:02:26'),(269,58,'2014-07-07 04:02:26'),(270,57,'2014-07-07 04:02:26'),(271,55,'2014-07-07 04:02:26'),(272,54,'2014-07-07 04:02:26'),(273,60,'2014-07-07 04:02:27'),(274,59,'2014-07-07 04:02:27'),(275,58,'2014-07-07 04:02:27'),(276,57,'2014-07-07 04:02:27'),(277,54,'2014-07-07 04:02:27'),(278,65,'2014-07-09 02:24:37'),(279,64,'2014-07-09 02:24:37'),(280,63,'2014-07-09 02:24:37'),(281,61,'2014-07-09 02:24:37'),(282,60,'2014-07-09 02:24:37'),(283,59,'2014-07-09 02:24:37'),(284,58,'2014-07-09 02:24:37'),(285,57,'2014-07-09 02:24:37'),(286,56,'2014-07-09 02:24:37'),(287,55,'2014-07-09 02:24:37'),(288,65,'2014-07-09 02:24:52'),(289,64,'2014-07-09 02:24:52'),(290,63,'2014-07-09 02:24:52'),(291,61,'2014-07-09 02:24:52'),(292,60,'2014-07-09 02:24:52'),(293,59,'2014-07-09 02:24:52'),(294,58,'2014-07-09 02:24:52'),(295,57,'2014-07-09 02:24:52'),(296,56,'2014-07-09 02:24:52'),(297,55,'2014-07-09 02:24:52'),(298,65,'2014-07-09 02:29:27'),(299,64,'2014-07-09 02:29:27'),(300,63,'2014-07-09 02:29:27'),(301,61,'2014-07-09 02:29:27'),(302,60,'2014-07-09 02:29:27'),(303,59,'2014-07-09 02:29:27'),(304,58,'2014-07-09 02:29:27'),(305,57,'2014-07-09 02:29:27'),(306,56,'2014-07-09 02:29:27'),(307,55,'2014-07-09 02:29:27'),(308,65,'2014-07-17 01:43:47'),(309,64,'2014-07-17 01:43:47'),(310,63,'2014-07-17 01:43:47'),(311,61,'2014-07-17 01:43:47'),(312,60,'2014-07-17 01:43:47'),(313,59,'2014-07-17 01:43:47'),(314,58,'2014-07-17 01:43:47'),(315,57,'2014-07-17 01:43:47'),(316,56,'2014-07-17 01:43:47'),(317,55,'2014-07-17 01:43:47'),(318,65,'2014-07-17 01:46:25'),(319,64,'2014-07-17 01:46:25'),(320,63,'2014-07-17 01:46:25'),(321,61,'2014-07-17 01:46:25'),(322,60,'2014-07-17 01:46:25'),(323,59,'2014-07-17 01:46:25'),(324,58,'2014-07-17 01:46:25'),(325,57,'2014-07-17 01:46:25'),(326,56,'2014-07-17 01:46:25'),(327,55,'2014-07-17 01:46:25'),(328,53,'2014-07-17 02:01:34'),(329,53,'2014-07-17 02:01:39'),(330,53,'2014-07-17 02:03:35'),(331,53,'2014-07-17 02:03:41'),(332,65,'2014-07-17 02:13:01'),(333,64,'2014-07-17 02:13:01'),(334,63,'2014-07-17 02:13:01'),(335,61,'2014-07-17 02:13:01'),(336,60,'2014-07-17 02:13:01'),(337,59,'2014-07-17 02:13:01'),(338,58,'2014-07-17 02:13:01'),(339,57,'2014-07-17 02:13:01'),(340,56,'2014-07-17 02:13:01'),(341,55,'2014-07-17 02:13:01'),(342,65,'2014-07-17 02:13:48'),(343,64,'2014-07-17 02:13:48'),(344,63,'2014-07-17 02:13:48'),(345,61,'2014-07-17 02:13:48'),(346,60,'2014-07-17 02:13:48'),(347,59,'2014-07-17 02:13:48'),(348,58,'2014-07-17 02:13:48'),(349,57,'2014-07-17 02:13:48'),(350,56,'2014-07-17 02:13:48'),(351,55,'2014-07-17 02:13:48'),(352,65,'2014-07-17 02:13:49'),(353,64,'2014-07-17 02:13:49'),(354,63,'2014-07-17 02:13:49'),(355,61,'2014-07-17 02:13:49'),(356,60,'2014-07-17 02:13:49'),(357,59,'2014-07-17 02:13:49'),(358,58,'2014-07-17 02:13:49'),(359,57,'2014-07-17 02:13:49'),(360,56,'2014-07-17 02:13:49'),(361,55,'2014-07-17 02:13:49'),(362,65,'2014-07-17 02:13:50'),(363,64,'2014-07-17 02:13:50'),(364,63,'2014-07-17 02:13:50'),(365,61,'2014-07-17 02:13:50'),(366,60,'2014-07-17 02:13:50'),(367,59,'2014-07-17 02:13:50'),(368,58,'2014-07-17 02:13:50'),(369,57,'2014-07-17 02:13:50'),(370,56,'2014-07-17 02:13:50'),(371,55,'2014-07-17 02:13:50'),(372,65,'2014-07-17 02:18:45'),(373,64,'2014-07-17 02:18:45'),(374,63,'2014-07-17 02:18:45'),(375,61,'2014-07-17 02:18:45'),(376,60,'2014-07-17 02:18:45'),(377,59,'2014-07-17 02:18:45'),(378,58,'2014-07-17 02:18:45'),(379,57,'2014-07-17 02:18:45'),(380,56,'2014-07-17 02:18:45'),(381,55,'2014-07-17 02:18:45'),(382,65,'2014-07-17 02:20:02'),(383,64,'2014-07-17 02:20:02'),(384,63,'2014-07-17 02:20:02'),(385,61,'2014-07-17 02:20:02'),(386,60,'2014-07-17 02:20:02'),(387,59,'2014-07-17 02:20:02'),(388,58,'2014-07-17 02:20:02'),(389,57,'2014-07-17 02:20:02'),(390,56,'2014-07-17 02:20:02'),(391,55,'2014-07-17 02:20:02'),(392,65,'2014-07-17 02:20:54'),(393,64,'2014-07-17 02:20:54'),(394,63,'2014-07-17 02:20:54'),(395,61,'2014-07-17 02:20:54'),(396,60,'2014-07-17 02:20:54'),(397,59,'2014-07-17 02:20:54'),(398,58,'2014-07-17 02:20:54'),(399,57,'2014-07-17 02:20:54'),(400,56,'2014-07-17 02:20:54'),(401,55,'2014-07-17 02:20:54'),(402,65,'2014-07-17 02:21:59'),(403,64,'2014-07-17 02:21:59'),(404,63,'2014-07-17 02:21:59'),(405,61,'2014-07-17 02:21:59'),(406,60,'2014-07-17 02:21:59'),(407,59,'2014-07-17 02:21:59'),(408,58,'2014-07-17 02:21:59'),(409,57,'2014-07-17 02:21:59'),(410,56,'2014-07-17 02:21:59'),(411,55,'2014-07-17 02:21:59'),(412,65,'2014-07-17 02:22:11'),(413,64,'2014-07-17 02:22:11'),(414,63,'2014-07-17 02:22:11'),(415,61,'2014-07-17 02:22:11'),(416,60,'2014-07-17 02:22:11'),(417,59,'2014-07-17 02:22:11'),(418,58,'2014-07-17 02:22:11'),(419,57,'2014-07-17 02:22:11'),(420,56,'2014-07-17 02:22:11'),(421,55,'2014-07-17 02:22:11'),(422,65,'2014-07-17 02:22:57'),(423,64,'2014-07-17 02:22:57'),(424,63,'2014-07-17 02:22:57'),(425,61,'2014-07-17 02:22:57'),(426,60,'2014-07-17 02:22:57'),(427,59,'2014-07-17 02:22:57'),(428,58,'2014-07-17 02:22:57'),(429,57,'2014-07-17 02:22:57'),(430,56,'2014-07-17 02:22:57'),(431,55,'2014-07-17 02:22:57'),(432,65,'2014-07-17 02:27:01'),(433,64,'2014-07-17 02:27:01'),(434,63,'2014-07-17 02:27:01'),(435,61,'2014-07-17 02:27:01'),(436,60,'2014-07-17 02:27:01'),(437,59,'2014-07-17 02:27:01'),(438,58,'2014-07-17 02:27:01'),(439,57,'2014-07-17 02:27:01'),(440,56,'2014-07-17 02:27:01'),(441,55,'2014-07-17 02:27:01'),(442,65,'2014-07-17 02:27:33'),(443,64,'2014-07-17 02:27:33'),(444,63,'2014-07-17 02:27:33'),(445,61,'2014-07-17 02:27:33'),(446,60,'2014-07-17 02:27:33'),(447,59,'2014-07-17 02:27:33'),(448,58,'2014-07-17 02:27:33'),(449,57,'2014-07-17 02:27:33'),(450,56,'2014-07-17 02:27:33'),(451,55,'2014-07-17 02:27:33'),(452,65,'2014-07-17 02:28:10'),(453,64,'2014-07-17 02:28:10'),(454,63,'2014-07-17 02:28:10'),(455,61,'2014-07-17 02:28:10'),(456,60,'2014-07-17 02:28:10'),(457,59,'2014-07-17 02:28:10'),(458,58,'2014-07-17 02:28:10'),(459,57,'2014-07-17 02:28:10'),(460,56,'2014-07-17 02:28:10'),(461,55,'2014-07-17 02:28:10'),(462,65,'2014-07-17 02:28:11'),(463,64,'2014-07-17 02:28:11'),(464,63,'2014-07-17 02:28:11'),(465,61,'2014-07-17 02:28:11'),(466,60,'2014-07-17 02:28:11'),(467,59,'2014-07-17 02:28:11'),(468,58,'2014-07-17 02:28:11'),(469,57,'2014-07-17 02:28:11'),(470,56,'2014-07-17 02:28:11'),(471,55,'2014-07-17 02:28:11'),(472,65,'2014-07-17 02:28:12'),(473,64,'2014-07-17 02:28:12'),(474,63,'2014-07-17 02:28:12'),(475,61,'2014-07-17 02:28:12'),(476,60,'2014-07-17 02:28:12'),(477,59,'2014-07-17 02:28:12'),(478,58,'2014-07-17 02:28:12'),(479,57,'2014-07-17 02:28:12'),(480,56,'2014-07-17 02:28:12'),(481,55,'2014-07-17 02:28:12'),(482,65,'2014-07-17 02:29:00'),(483,64,'2014-07-17 02:29:00'),(484,63,'2014-07-17 02:29:00'),(485,61,'2014-07-17 02:29:00'),(486,60,'2014-07-17 02:29:00'),(487,59,'2014-07-17 02:29:00'),(488,58,'2014-07-17 02:29:00'),(489,57,'2014-07-17 02:29:00'),(490,56,'2014-07-17 02:29:00'),(491,55,'2014-07-17 02:29:00'),(492,65,'2014-07-17 02:29:20'),(493,64,'2014-07-17 02:29:20'),(494,63,'2014-07-17 02:29:20'),(495,61,'2014-07-17 02:29:20'),(496,60,'2014-07-17 02:29:20'),(497,59,'2014-07-17 02:29:20'),(498,58,'2014-07-17 02:29:20'),(499,57,'2014-07-17 02:29:20'),(500,56,'2014-07-17 02:29:20'),(501,55,'2014-07-17 02:29:20'),(502,65,'2014-07-17 02:30:48'),(503,64,'2014-07-17 02:30:48'),(504,63,'2014-07-17 02:30:48'),(505,61,'2014-07-17 02:30:48'),(506,60,'2014-07-17 02:30:48'),(507,59,'2014-07-17 02:30:48'),(508,58,'2014-07-17 02:30:48'),(509,57,'2014-07-17 02:30:48'),(510,56,'2014-07-17 02:30:48'),(511,55,'2014-07-17 02:30:48'),(512,65,'2014-07-17 02:32:35'),(513,64,'2014-07-17 02:32:35'),(514,63,'2014-07-17 02:32:35'),(515,61,'2014-07-17 02:32:35'),(516,60,'2014-07-17 02:32:35'),(517,59,'2014-07-17 02:32:35'),(518,58,'2014-07-17 02:32:35'),(519,57,'2014-07-17 02:32:35'),(520,56,'2014-07-17 02:32:35'),(521,55,'2014-07-17 02:32:35'),(522,58,'2014-07-17 04:48:50'),(523,51,'2014-07-17 04:48:50'),(524,65,'2014-07-17 05:25:06'),(525,64,'2014-07-17 05:25:06'),(526,63,'2014-07-17 05:25:06'),(527,65,'2014-07-17 06:53:49'),(528,64,'2014-07-17 06:53:49'),(529,63,'2014-07-17 06:53:49'),(530,61,'2014-07-17 06:53:49'),(531,60,'2014-07-17 06:53:49'),(532,59,'2014-07-17 06:53:49'),(533,58,'2014-07-17 06:53:49'),(534,57,'2014-07-17 06:53:49'),(535,56,'2014-07-17 06:53:49'),(536,55,'2014-07-17 06:53:49'),(537,65,'2014-07-18 07:36:55'),(538,64,'2014-07-18 07:36:55'),(539,63,'2014-07-18 07:36:55'),(540,61,'2014-07-18 07:36:55'),(541,60,'2014-07-18 07:36:55'),(542,59,'2014-07-18 07:36:55'),(543,58,'2014-07-18 07:36:55'),(544,57,'2014-07-18 07:36:55'),(545,56,'2014-07-18 07:36:55'),(546,55,'2014-07-18 07:36:55'),(547,65,'2014-07-18 07:37:54'),(548,64,'2014-07-18 07:37:54'),(549,63,'2014-07-18 07:37:54'),(550,61,'2014-07-18 07:37:54'),(551,60,'2014-07-18 07:37:54'),(552,59,'2014-07-18 07:37:54'),(553,58,'2014-07-18 07:37:54'),(554,57,'2014-07-18 07:37:54'),(555,56,'2014-07-18 07:37:54'),(556,55,'2014-07-18 07:37:54'),(557,65,'2014-07-28 04:08:16'),(558,64,'2014-07-28 04:08:16'),(559,63,'2014-07-28 04:08:16'),(560,61,'2014-07-28 04:08:16'),(561,60,'2014-07-28 04:08:16'),(562,59,'2014-07-28 04:08:16'),(563,58,'2014-07-28 04:08:16'),(564,57,'2014-07-28 04:08:16'),(565,56,'2014-07-28 04:08:16'),(566,55,'2014-07-28 04:08:16'),(567,53,'2014-07-28 04:08:28'),(568,53,'2014-07-28 04:08:29'),(569,53,'2014-07-28 04:08:33'),(570,65,'2014-07-28 04:08:34'),(571,64,'2014-07-28 04:08:34'),(572,63,'2014-07-28 04:08:34'),(573,61,'2014-07-28 04:08:34'),(574,60,'2014-07-28 04:08:34'),(575,59,'2014-07-28 04:08:34'),(576,58,'2014-07-28 04:08:34'),(577,57,'2014-07-28 04:08:34'),(578,56,'2014-07-28 04:08:34'),(579,55,'2014-07-28 04:08:34'),(580,53,'2014-07-28 04:08:37'),(581,65,'2014-07-28 07:18:20'),(582,64,'2014-07-28 07:18:20'),(583,63,'2014-07-28 07:18:20'),(584,61,'2014-07-28 07:18:20'),(585,60,'2014-07-28 07:18:20'),(586,59,'2014-07-28 07:18:20'),(587,58,'2014-07-28 07:18:20'),(588,57,'2014-07-28 07:18:20'),(589,56,'2014-07-28 07:18:20'),(590,55,'2014-07-28 07:18:20'),(591,65,'2014-08-05 04:53:05'),(592,64,'2014-08-05 04:53:05'),(593,63,'2014-08-05 04:53:05'),(594,61,'2014-08-05 04:53:05'),(595,60,'2014-08-05 04:53:05'),(596,59,'2014-08-05 04:53:05'),(597,58,'2014-08-05 04:53:05'),(598,57,'2014-08-05 04:53:05'),(599,56,'2014-08-05 04:53:05'),(600,55,'2014-08-05 04:53:05'),(601,65,'2014-08-05 04:53:08'),(602,64,'2014-08-05 04:53:08'),(603,63,'2014-08-05 04:53:08'),(604,61,'2014-08-05 04:53:08'),(605,60,'2014-08-05 04:53:08'),(606,59,'2014-08-05 04:53:08'),(607,58,'2014-08-05 04:53:08'),(608,57,'2014-08-05 04:53:08'),(609,56,'2014-08-05 04:53:08'),(610,55,'2014-08-05 04:53:08'),(611,65,'2014-08-05 04:53:12'),(612,64,'2014-08-05 04:53:12'),(613,63,'2014-08-05 04:53:12'),(614,61,'2014-08-05 04:53:12'),(615,60,'2014-08-05 04:53:12'),(616,59,'2014-08-05 04:53:12'),(617,58,'2014-08-05 04:53:12'),(618,57,'2014-08-05 04:53:12'),(619,56,'2014-08-05 04:53:12'),(620,55,'2014-08-05 04:53:12'),(621,65,'2014-08-05 04:53:17'),(622,64,'2014-08-05 04:53:17'),(623,63,'2014-08-05 04:53:17'),(624,61,'2014-08-05 04:53:17'),(625,60,'2014-08-05 04:53:17'),(626,59,'2014-08-05 04:53:17'),(627,58,'2014-08-05 04:53:17'),(628,57,'2014-08-05 04:53:17'),(629,56,'2014-08-05 04:53:17'),(630,55,'2014-08-05 04:53:17'),(631,65,'2014-08-05 04:55:37'),(632,64,'2014-08-05 04:55:37'),(633,63,'2014-08-05 04:55:37'),(634,61,'2014-08-05 04:55:37'),(635,60,'2014-08-05 04:55:37'),(636,59,'2014-08-05 04:55:37'),(637,58,'2014-08-05 04:55:37'),(638,57,'2014-08-05 04:55:37'),(639,56,'2014-08-05 04:55:37'),(640,55,'2014-08-05 04:55:37'),(641,65,'2014-08-05 04:55:40'),(642,64,'2014-08-05 04:55:40'),(643,63,'2014-08-05 04:55:40'),(644,61,'2014-08-05 04:55:40'),(645,60,'2014-08-05 04:55:40'),(646,59,'2014-08-05 04:55:40'),(647,58,'2014-08-05 04:55:40'),(648,57,'2014-08-05 04:55:40'),(649,56,'2014-08-05 04:55:40'),(650,55,'2014-08-05 04:55:40'),(651,65,'2014-08-05 04:55:49'),(652,64,'2014-08-05 04:55:49'),(653,63,'2014-08-05 04:55:49'),(654,61,'2014-08-05 04:55:49'),(655,60,'2014-08-05 04:55:49'),(656,59,'2014-08-05 04:55:49'),(657,58,'2014-08-05 04:55:49'),(658,57,'2014-08-05 04:55:49'),(659,56,'2014-08-05 04:55:49'),(660,55,'2014-08-05 04:55:49'),(661,65,'2014-08-05 05:17:07'),(662,64,'2014-08-05 05:17:07'),(663,63,'2014-08-05 05:17:07'),(664,61,'2014-08-05 05:17:07'),(665,60,'2014-08-05 05:17:07'),(666,59,'2014-08-05 05:17:07'),(667,58,'2014-08-05 05:17:07'),(668,57,'2014-08-05 05:17:07'),(669,56,'2014-08-05 05:17:07'),(670,55,'2014-08-05 05:17:07'),(671,65,'2014-08-05 05:17:15'),(672,64,'2014-08-05 05:17:15'),(673,63,'2014-08-05 05:17:15'),(674,61,'2014-08-05 05:17:15'),(675,60,'2014-08-05 05:17:15'),(676,59,'2014-08-05 05:17:15'),(677,58,'2014-08-05 05:17:15'),(678,57,'2014-08-05 05:17:15'),(679,56,'2014-08-05 05:17:15'),(680,55,'2014-08-05 05:17:15'),(681,65,'2014-08-15 08:18:57'),(682,64,'2014-08-15 08:18:57'),(683,63,'2014-08-15 08:18:57'),(684,61,'2014-08-15 08:18:57'),(685,60,'2014-08-15 08:18:57'),(686,59,'2014-08-15 08:18:57'),(687,58,'2014-08-15 08:18:57'),(688,57,'2014-08-15 08:18:57'),(689,56,'2014-08-15 08:18:57'),(690,55,'2014-08-15 08:18:57'),(691,65,'2014-08-15 08:26:51'),(692,64,'2014-08-15 08:26:51'),(693,63,'2014-08-15 08:26:51'),(694,61,'2014-08-15 08:26:51'),(695,60,'2014-08-15 08:26:51'),(696,59,'2014-08-15 08:26:51'),(697,58,'2014-08-15 08:26:51'),(698,57,'2014-08-15 08:26:51'),(699,56,'2014-08-15 08:26:51'),(700,55,'2014-08-15 08:26:51'),(701,65,'2014-08-15 09:01:15'),(702,64,'2014-08-15 09:01:15'),(703,63,'2014-08-15 09:01:15'),(704,61,'2014-08-15 09:01:15'),(705,60,'2014-08-15 09:01:15'),(706,59,'2014-08-15 09:01:15'),(707,58,'2014-08-15 09:01:15'),(708,57,'2014-08-15 09:01:15'),(709,56,'2014-08-15 09:01:15'),(710,55,'2014-08-15 09:01:15'),(711,65,'2014-09-08 11:04:13'),(712,64,'2014-09-08 11:04:13'),(713,63,'2014-09-08 11:04:13'),(714,61,'2014-09-08 11:04:13'),(715,60,'2014-09-08 11:04:13'),(716,59,'2014-09-08 11:04:13'),(717,58,'2014-09-08 11:04:13'),(718,57,'2014-09-08 11:04:13'),(719,56,'2014-09-08 11:04:13'),(720,55,'2014-09-08 11:04:13'),(721,65,'2014-09-08 11:04:31'),(722,64,'2014-09-08 11:04:31'),(723,63,'2014-09-08 11:04:31'),(724,61,'2014-09-08 11:04:31'),(725,60,'2014-09-08 11:04:31'),(726,59,'2014-09-08 11:04:31'),(727,58,'2014-09-08 11:04:31'),(728,57,'2014-09-08 11:04:31'),(729,56,'2014-09-08 11:04:31'),(730,55,'2014-09-08 11:04:31'),(731,65,'2014-09-08 11:04:37'),(732,64,'2014-09-08 11:04:37'),(733,63,'2014-09-08 11:04:37'),(734,61,'2014-09-08 11:04:37'),(735,60,'2014-09-08 11:04:37'),(736,59,'2014-09-08 11:04:37'),(737,58,'2014-09-08 11:04:37'),(738,57,'2014-09-08 11:04:37'),(739,56,'2014-09-08 11:04:37'),(740,55,'2014-09-08 11:04:37'),(741,65,'2014-09-15 11:16:54'),(742,64,'2014-09-15 11:16:54'),(743,63,'2014-09-15 11:16:54'),(744,61,'2014-09-15 11:16:54'),(745,60,'2014-09-15 11:16:54'),(746,59,'2014-09-15 11:16:54'),(747,58,'2014-09-15 11:16:54'),(748,57,'2014-09-15 11:16:54'),(749,56,'2014-09-15 11:16:54'),(750,55,'2014-09-15 11:16:54'),(751,65,'2014-09-16 08:38:55'),(752,64,'2014-09-16 08:38:55'),(753,63,'2014-09-16 08:38:55'),(754,61,'2014-09-16 08:38:55'),(755,60,'2014-09-16 08:38:55'),(756,59,'2014-09-16 08:38:55'),(757,58,'2014-09-16 08:38:55'),(758,57,'2014-09-16 08:38:55'),(759,56,'2014-09-16 08:38:55'),(760,55,'2014-09-16 08:38:55'),(761,53,'2014-09-16 08:39:00'),(762,52,'2014-09-16 08:39:00'),(763,65,'2014-09-16 08:39:54'),(764,64,'2014-09-16 08:39:54'),(765,63,'2014-09-16 08:39:54'),(766,61,'2014-09-16 08:39:54'),(767,60,'2014-09-16 08:39:54'),(768,59,'2014-09-16 08:39:54'),(769,58,'2014-09-16 08:39:54'),(770,57,'2014-09-16 08:39:54'),(771,56,'2014-09-16 08:39:54'),(772,55,'2014-09-16 08:39:54'),(773,65,'2014-09-18 08:34:17'),(774,64,'2014-09-18 08:34:17'),(775,63,'2014-09-18 08:34:17'),(776,60,'2014-09-18 08:34:17'),(777,59,'2014-09-18 08:34:17'),(778,58,'2014-09-18 08:34:17'),(779,57,'2014-09-18 08:34:17'),(780,56,'2014-09-18 08:34:17'),(781,55,'2014-09-18 08:34:17'),(782,54,'2014-09-18 08:34:17'),(783,65,'2014-09-18 09:01:48'),(784,64,'2014-09-18 09:01:48'),(785,63,'2014-09-18 09:01:48'),(786,60,'2014-09-18 09:01:48'),(787,59,'2014-09-18 09:01:48'),(788,58,'2014-09-18 09:01:48'),(789,57,'2014-09-18 09:01:48'),(790,56,'2014-09-18 09:01:48'),(791,55,'2014-09-18 09:01:48'),(792,54,'2014-09-18 09:01:48'),(793,65,'2014-09-18 09:15:15'),(794,64,'2014-09-18 09:15:15'),(795,63,'2014-09-18 09:15:15'),(796,60,'2014-09-18 09:15:15'),(797,59,'2014-09-18 09:15:15'),(798,58,'2014-09-18 09:15:15'),(799,57,'2014-09-18 09:15:15'),(800,56,'2014-09-18 09:15:15'),(801,55,'2014-09-18 09:15:15'),(802,54,'2014-09-18 09:15:15'),(803,65,'2014-09-24 04:37:52'),(804,64,'2014-09-24 04:37:52'),(805,63,'2014-09-24 04:37:52'),(806,61,'2014-09-24 04:37:52'),(807,60,'2014-09-24 04:37:52'),(808,59,'2014-09-24 04:37:52'),(809,58,'2014-09-24 04:37:52'),(810,57,'2014-09-24 04:37:52'),(811,56,'2014-09-24 04:37:52'),(812,55,'2014-09-24 04:37:52'),(813,65,'2014-09-24 04:38:02'),(814,64,'2014-09-24 04:38:02'),(815,63,'2014-09-24 04:38:02'),(816,61,'2014-09-24 04:38:02'),(817,60,'2014-09-24 04:38:02'),(818,59,'2014-09-24 04:38:02'),(819,58,'2014-09-24 04:38:02'),(820,57,'2014-09-24 04:38:02'),(821,56,'2014-09-24 04:38:02'),(822,55,'2014-09-24 04:38:02'),(823,65,'2014-09-29 04:29:41'),(824,64,'2014-09-29 04:29:41'),(825,63,'2014-09-29 04:29:41'),(826,61,'2014-09-29 04:29:41'),(827,60,'2014-09-29 04:29:41'),(828,59,'2014-09-29 04:29:41'),(829,58,'2014-09-29 04:29:41'),(830,57,'2014-09-29 04:29:41'),(831,56,'2014-09-29 04:29:41'),(832,55,'2014-09-29 04:29:41'),(833,61,'2014-09-29 04:37:37'),(834,60,'2014-09-29 04:37:37'),(835,59,'2014-09-29 04:37:37'),(836,58,'2014-09-29 04:37:37'),(837,57,'2014-09-29 04:37:37'),(838,56,'2014-09-29 04:37:37'),(839,55,'2014-09-29 04:37:37'),(840,54,'2014-09-29 04:37:37'),(841,53,'2014-09-29 04:37:37'),(842,52,'2014-09-29 04:37:37'),(843,60,'2014-09-29 04:37:41'),(844,58,'2014-09-29 04:37:41'),(845,56,'2014-09-29 04:37:41'),(846,55,'2014-09-29 04:37:41'),(847,53,'2014-09-29 04:37:41'),(848,52,'2014-09-29 04:37:41'),(849,60,'2014-09-29 04:37:42'),(850,58,'2014-09-29 04:37:42'),(851,56,'2014-09-29 04:37:42'),(852,55,'2014-09-29 04:37:42'),(853,53,'2014-09-29 04:37:42'),(854,52,'2014-09-29 04:37:42'),(855,60,'2014-09-29 04:37:42'),(856,58,'2014-09-29 04:37:42'),(857,53,'2014-09-29 04:37:42'),(858,52,'2014-09-29 04:37:42'),(859,65,'2014-09-29 04:37:45'),(860,64,'2014-09-29 04:37:45'),(861,63,'2014-09-29 04:37:45'),(862,61,'2014-09-29 04:37:45'),(863,60,'2014-09-29 04:37:45'),(864,59,'2014-09-29 04:37:45'),(865,58,'2014-09-29 04:37:45'),(866,57,'2014-09-29 04:37:45'),(867,56,'2014-09-29 04:37:45'),(868,55,'2014-09-29 04:37:45'),(869,61,'2014-09-29 04:37:47'),(870,59,'2014-09-29 04:37:47'),(871,57,'2014-09-29 04:37:47'),(872,54,'2014-09-29 04:37:47'),(873,61,'2014-09-29 04:37:50'),(874,59,'2014-09-29 04:37:50'),(875,57,'2014-09-29 04:37:50'),(876,55,'2014-09-29 04:37:50'),(877,54,'2014-09-29 04:37:50'),(878,55,'2014-09-29 04:37:51'),(879,55,'2014-09-29 04:38:14'),(880,65,'2014-09-29 04:38:16'),(881,64,'2014-09-29 04:38:16'),(882,63,'2014-09-29 04:38:16'),(883,61,'2014-09-29 04:38:16'),(884,60,'2014-09-29 04:38:16'),(885,59,'2014-09-29 04:38:16'),(886,58,'2014-09-29 04:38:16'),(887,57,'2014-09-29 04:38:16'),(888,56,'2014-09-29 04:38:16'),(889,55,'2014-09-29 04:38:16'),(890,61,'2014-09-29 04:38:19'),(891,59,'2014-09-29 04:38:19'),(892,57,'2014-09-29 04:38:19'),(893,54,'2014-09-29 04:38:19'),(894,61,'2014-09-29 04:38:26'),(895,59,'2014-09-29 04:38:26'),(896,57,'2014-09-29 04:38:26'),(897,54,'2014-09-29 04:38:26'),(898,61,'2014-09-29 04:38:43'),(899,59,'2014-09-29 04:38:43'),(900,57,'2014-09-29 04:38:43'),(901,54,'2014-09-29 04:38:43'),(902,61,'2014-09-29 04:38:50'),(903,59,'2014-09-29 04:38:50'),(904,57,'2014-09-29 04:38:50'),(905,54,'2014-09-29 04:38:50'),(906,61,'2014-09-29 04:39:04'),(907,60,'2014-09-29 04:39:04'),(908,59,'2014-09-29 04:39:04'),(909,58,'2014-09-29 04:39:04'),(910,57,'2014-09-29 04:39:04'),(911,54,'2014-09-29 04:39:04'),(912,53,'2014-09-29 04:39:04'),(913,52,'2014-09-29 04:39:04'),(914,61,'2014-09-29 04:39:04'),(915,60,'2014-09-29 04:39:04'),(916,59,'2014-09-29 04:39:04'),(917,58,'2014-09-29 04:39:04'),(918,57,'2014-09-29 04:39:04'),(919,55,'2014-09-29 04:39:04'),(920,54,'2014-09-29 04:39:04'),(921,53,'2014-09-29 04:39:04'),(922,52,'2014-09-29 04:39:04'),(923,61,'2014-09-29 04:39:05'),(924,60,'2014-09-29 04:39:05'),(925,59,'2014-09-29 04:39:05'),(926,58,'2014-09-29 04:39:05'),(927,57,'2014-09-29 04:39:05'),(928,56,'2014-09-29 04:39:05'),(929,55,'2014-09-29 04:39:05'),(930,54,'2014-09-29 04:39:05'),(931,53,'2014-09-29 04:39:05'),(932,52,'2014-09-29 04:39:05'),(933,61,'2014-09-29 04:40:03'),(934,60,'2014-09-29 04:40:03'),(935,59,'2014-09-29 04:40:03'),(936,58,'2014-09-29 04:40:03'),(937,57,'2014-09-29 04:40:03'),(938,55,'2014-09-29 04:40:03'),(939,54,'2014-09-29 04:40:03'),(940,53,'2014-09-29 04:40:03'),(941,52,'2014-09-29 04:40:03'),(942,61,'2014-09-29 04:40:08'),(943,60,'2014-09-29 04:40:08'),(944,59,'2014-09-29 04:40:08'),(945,58,'2014-09-29 04:40:08'),(946,57,'2014-09-29 04:40:08'),(947,54,'2014-09-29 04:40:08'),(948,53,'2014-09-29 04:40:08'),(949,52,'2014-09-29 04:40:08'),(950,60,'2014-09-29 04:40:14'),(951,58,'2014-09-29 04:40:14'),(952,53,'2014-09-29 04:40:14'),(953,52,'2014-09-29 04:40:14'),(954,65,'2014-09-29 04:40:21'),(955,64,'2014-09-29 04:40:21'),(956,63,'2014-09-29 04:40:21'),(957,61,'2014-09-29 04:40:21'),(958,60,'2014-09-29 04:40:21'),(959,59,'2014-09-29 04:40:21'),(960,58,'2014-09-29 04:40:21'),(961,57,'2014-09-29 04:40:21'),(962,56,'2014-09-29 04:40:21'),(963,55,'2014-09-29 04:40:21'),(964,65,'2014-09-29 04:40:29'),(965,64,'2014-09-29 04:40:29'),(966,63,'2014-09-29 04:40:29'),(967,61,'2014-09-29 04:40:29'),(968,60,'2014-09-29 04:40:29'),(969,59,'2014-09-29 04:40:29'),(970,58,'2014-09-29 04:40:29'),(971,57,'2014-09-29 04:40:29'),(972,56,'2014-09-29 04:40:29'),(973,55,'2014-09-29 04:40:29'),(974,56,'2014-09-29 04:40:47'),(975,55,'2014-09-29 04:40:47'),(976,65,'2014-09-29 04:40:55'),(977,64,'2014-09-29 04:40:55'),(978,63,'2014-09-29 04:40:55'),(979,61,'2014-09-29 04:40:55'),(980,60,'2014-09-29 04:40:55'),(981,59,'2014-09-29 04:40:55'),(982,58,'2014-09-29 04:40:55'),(983,57,'2014-09-29 04:40:55'),(984,56,'2014-09-29 04:40:55'),(985,55,'2014-09-29 04:40:55'),(986,65,'2014-09-29 04:53:17'),(987,64,'2014-09-29 04:53:17'),(988,63,'2014-09-29 04:53:17'),(989,61,'2014-09-29 04:53:17'),(990,60,'2014-09-29 04:53:17'),(991,59,'2014-09-29 04:53:17'),(992,58,'2014-09-29 04:53:17'),(993,57,'2014-09-29 04:53:17'),(994,56,'2014-09-29 04:53:17'),(995,55,'2014-09-29 04:53:17'),(996,61,'2014-09-29 07:07:54'),(997,60,'2014-09-29 07:07:54'),(998,59,'2014-09-29 07:07:54'),(999,58,'2014-09-29 07:07:54'),(1000,57,'2014-09-29 07:07:54'),(1001,56,'2014-09-29 07:07:54'),(1002,55,'2014-09-29 07:07:54'),(1003,54,'2014-09-29 07:07:54'),(1004,53,'2014-09-29 07:07:54'),(1005,52,'2014-09-29 07:07:54'),(1006,61,'2014-09-29 07:08:55'),(1007,60,'2014-09-29 07:08:55'),(1008,59,'2014-09-29 07:08:55'),(1009,58,'2014-09-29 07:08:55'),(1010,57,'2014-09-29 07:08:55'),(1011,56,'2014-09-29 07:08:55'),(1012,55,'2014-09-29 07:08:55'),(1013,54,'2014-09-29 07:08:55'),(1014,53,'2014-09-29 07:08:55'),(1015,52,'2014-09-29 07:08:55'),(1016,61,'2014-09-29 07:08:58'),(1017,60,'2014-09-29 07:08:58'),(1018,59,'2014-09-29 07:08:58'),(1019,58,'2014-09-29 07:08:58'),(1020,57,'2014-09-29 07:08:58'),(1021,56,'2014-09-29 07:08:58'),(1022,55,'2014-09-29 07:08:58'),(1023,54,'2014-09-29 07:08:58'),(1024,53,'2014-09-29 07:08:58'),(1025,52,'2014-09-29 07:08:58'),(1026,61,'2014-09-29 07:09:08'),(1027,60,'2014-09-29 07:09:08'),(1028,59,'2014-09-29 07:09:08'),(1029,58,'2014-09-29 07:09:08'),(1030,57,'2014-09-29 07:09:08'),(1031,56,'2014-09-29 07:09:08'),(1032,55,'2014-09-29 07:09:08'),(1033,54,'2014-09-29 07:09:08'),(1034,53,'2014-09-29 07:09:08'),(1035,52,'2014-09-29 07:09:08'),(1036,61,'2014-09-29 07:09:18'),(1037,60,'2014-09-29 07:09:18'),(1038,59,'2014-09-29 07:09:18'),(1039,58,'2014-09-29 07:09:18'),(1040,57,'2014-09-29 07:09:18'),(1041,56,'2014-09-29 07:09:18'),(1042,55,'2014-09-29 07:09:18'),(1043,54,'2014-09-29 07:09:18'),(1044,53,'2014-09-29 07:09:18'),(1045,52,'2014-09-29 07:09:18'),(1046,61,'2014-09-29 07:17:19'),(1047,60,'2014-09-29 07:17:19'),(1048,59,'2014-09-29 07:17:19'),(1049,58,'2014-09-29 07:17:19'),(1050,57,'2014-09-29 07:17:19'),(1051,56,'2014-09-29 07:17:19'),(1052,55,'2014-09-29 07:17:19'),(1053,54,'2014-09-29 07:17:19'),(1054,53,'2014-09-29 07:17:19'),(1055,52,'2014-09-29 07:17:19'),(1056,61,'2014-09-29 07:18:47'),(1057,60,'2014-09-29 07:18:47'),(1058,59,'2014-09-29 07:18:47'),(1059,58,'2014-09-29 07:18:47'),(1060,57,'2014-09-29 07:18:47'),(1061,56,'2014-09-29 07:18:47'),(1062,55,'2014-09-29 07:18:47'),(1063,54,'2014-09-29 07:18:47'),(1064,53,'2014-09-29 07:18:47'),(1065,52,'2014-09-29 07:18:47'),(1066,61,'2014-09-29 07:18:56'),(1067,60,'2014-09-29 07:18:56'),(1068,59,'2014-09-29 07:18:56'),(1069,58,'2014-09-29 07:18:56'),(1070,57,'2014-09-29 07:18:56'),(1071,56,'2014-09-29 07:18:56'),(1072,55,'2014-09-29 07:18:56'),(1073,54,'2014-09-29 07:18:56'),(1074,53,'2014-09-29 07:18:56'),(1075,52,'2014-09-29 07:18:56'),(1076,61,'2014-09-29 07:24:09'),(1077,60,'2014-09-29 07:24:09'),(1078,59,'2014-09-29 07:24:09'),(1079,58,'2014-09-29 07:24:09'),(1080,57,'2014-09-29 07:24:09'),(1081,56,'2014-09-29 07:24:09'),(1082,55,'2014-09-29 07:24:09'),(1083,54,'2014-09-29 07:24:09'),(1084,53,'2014-09-29 07:24:09'),(1085,52,'2014-09-29 07:24:09'),(1086,61,'2014-09-29 07:28:30'),(1087,60,'2014-09-29 07:28:30'),(1088,59,'2014-09-29 07:28:30'),(1089,58,'2014-09-29 07:28:30'),(1090,57,'2014-09-29 07:28:30'),(1091,56,'2014-09-29 07:28:30'),(1092,55,'2014-09-29 07:28:30'),(1093,54,'2014-09-29 07:28:30'),(1094,53,'2014-09-29 07:28:30'),(1095,52,'2014-09-29 07:28:30'),(1096,61,'2014-09-29 07:28:39'),(1097,60,'2014-09-29 07:28:39'),(1098,59,'2014-09-29 07:28:39'),(1099,58,'2014-09-29 07:28:39'),(1100,57,'2014-09-29 07:28:39'),(1101,56,'2014-09-29 07:28:39'),(1102,55,'2014-09-29 07:28:39'),(1103,54,'2014-09-29 07:28:39'),(1104,53,'2014-09-29 07:28:39'),(1105,52,'2014-09-29 07:28:39'),(1106,61,'2014-09-29 07:28:46'),(1107,60,'2014-09-29 07:28:46'),(1108,59,'2014-09-29 07:28:46'),(1109,58,'2014-09-29 07:28:46'),(1110,57,'2014-09-29 07:28:46'),(1111,56,'2014-09-29 07:28:46'),(1112,55,'2014-09-29 07:28:46'),(1113,54,'2014-09-29 07:28:46'),(1114,53,'2014-09-29 07:28:46'),(1115,52,'2014-09-29 07:28:46'),(1116,61,'2014-09-29 07:28:50'),(1117,60,'2014-09-29 07:28:50'),(1118,59,'2014-09-29 07:28:50'),(1119,58,'2014-09-29 07:28:50'),(1120,57,'2014-09-29 07:28:50'),(1121,56,'2014-09-29 07:28:50'),(1122,55,'2014-09-29 07:28:50'),(1123,54,'2014-09-29 07:28:50'),(1124,53,'2014-09-29 07:28:50'),(1125,52,'2014-09-29 07:28:50'),(1126,61,'2014-09-29 07:29:31'),(1127,60,'2014-09-29 07:29:31'),(1128,59,'2014-09-29 07:29:31'),(1129,58,'2014-09-29 07:29:31'),(1130,57,'2014-09-29 07:29:31'),(1131,55,'2014-09-29 07:29:31'),(1132,54,'2014-09-29 07:29:31'),(1133,53,'2014-09-29 07:29:31'),(1134,52,'2014-09-29 07:29:31'),(1135,61,'2014-09-29 07:29:42'),(1136,60,'2014-09-29 07:29:42'),(1137,59,'2014-09-29 07:29:42'),(1138,58,'2014-09-29 07:29:42'),(1139,57,'2014-09-29 07:29:42'),(1140,54,'2014-09-29 07:29:42'),(1141,53,'2014-09-29 07:29:42'),(1142,52,'2014-09-29 07:29:42'),(1143,60,'2014-09-29 07:29:53'),(1144,58,'2014-09-29 07:29:53'),(1145,53,'2014-09-29 07:29:53'),(1146,52,'2014-09-29 07:29:53'),(1147,65,'2014-09-29 07:30:09'),(1148,64,'2014-09-29 07:30:09'),(1149,63,'2014-09-29 07:30:09'),(1150,61,'2014-09-29 07:30:09'),(1151,60,'2014-09-29 07:30:09'),(1152,59,'2014-09-29 07:30:09'),(1153,58,'2014-09-29 07:30:09'),(1154,57,'2014-09-29 07:30:09'),(1155,56,'2014-09-29 07:30:09'),(1156,55,'2014-09-29 07:30:09'),(1157,65,'2014-09-29 07:32:00'),(1158,64,'2014-09-29 07:32:00'),(1159,63,'2014-09-29 07:32:00'),(1160,61,'2014-09-29 07:32:00'),(1161,60,'2014-09-29 07:32:00'),(1162,59,'2014-09-29 07:32:00'),(1163,58,'2014-09-29 07:32:00'),(1164,57,'2014-09-29 07:32:00'),(1165,56,'2014-09-29 07:32:00'),(1166,55,'2014-09-29 07:32:00'),(1167,60,'2014-09-29 07:32:03'),(1168,58,'2014-09-29 07:32:03'),(1169,53,'2014-09-29 07:32:03'),(1170,52,'2014-09-29 07:32:03'),(1171,61,'2014-09-29 07:32:10'),(1172,60,'2014-09-29 07:32:10'),(1173,59,'2014-09-29 07:32:10'),(1174,58,'2014-09-29 07:32:10'),(1175,57,'2014-09-29 07:32:10'),(1176,54,'2014-09-29 07:32:10'),(1177,53,'2014-09-29 07:32:10'),(1178,52,'2014-09-29 07:32:10'),(1179,61,'2014-09-29 07:32:15'),(1180,60,'2014-09-29 07:32:15'),(1181,59,'2014-09-29 07:32:15'),(1182,58,'2014-09-29 07:32:15'),(1183,57,'2014-09-29 07:32:15'),(1184,55,'2014-09-29 07:32:15'),(1185,54,'2014-09-29 07:32:15'),(1186,53,'2014-09-29 07:32:15'),(1187,52,'2014-09-29 07:32:15'),(1188,61,'2014-09-29 07:32:19'),(1189,60,'2014-09-29 07:32:19'),(1190,59,'2014-09-29 07:32:19'),(1191,58,'2014-09-29 07:32:19'),(1192,57,'2014-09-29 07:32:19'),(1193,56,'2014-09-29 07:32:19'),(1194,55,'2014-09-29 07:32:19'),(1195,54,'2014-09-29 07:32:19'),(1196,53,'2014-09-29 07:32:19'),(1197,52,'2014-09-29 07:32:19'),(1198,61,'2014-09-29 07:33:34'),(1199,60,'2014-09-29 07:33:34'),(1200,59,'2014-09-29 07:33:34'),(1201,58,'2014-09-29 07:33:34'),(1202,57,'2014-09-29 07:33:34'),(1203,56,'2014-09-29 07:33:34'),(1204,55,'2014-09-29 07:33:34'),(1205,54,'2014-09-29 07:33:34'),(1206,53,'2014-09-29 07:33:34'),(1207,52,'2014-09-29 07:33:34'),(1208,61,'2014-09-29 07:33:37'),(1209,60,'2014-09-29 07:33:37'),(1210,59,'2014-09-29 07:33:37'),(1211,58,'2014-09-29 07:33:37'),(1212,57,'2014-09-29 07:33:37'),(1213,55,'2014-09-29 07:33:37'),(1214,54,'2014-09-29 07:33:37'),(1215,53,'2014-09-29 07:33:37'),(1216,52,'2014-09-29 07:33:37'),(1217,61,'2014-09-29 07:33:39'),(1218,60,'2014-09-29 07:33:39'),(1219,59,'2014-09-29 07:33:39'),(1220,58,'2014-09-29 07:33:39'),(1221,57,'2014-09-29 07:33:39'),(1222,54,'2014-09-29 07:33:39'),(1223,53,'2014-09-29 07:33:39'),(1224,52,'2014-09-29 07:33:39'),(1225,60,'2014-09-29 07:33:40'),(1226,58,'2014-09-29 07:33:40'),(1227,53,'2014-09-29 07:33:40'),(1228,52,'2014-09-29 07:33:40'),(1229,65,'2014-09-29 07:33:41'),(1230,64,'2014-09-29 07:33:41'),(1231,63,'2014-09-29 07:33:41'),(1232,61,'2014-09-29 07:33:41'),(1233,60,'2014-09-29 07:33:41'),(1234,59,'2014-09-29 07:33:41'),(1235,58,'2014-09-29 07:33:41'),(1236,57,'2014-09-29 07:33:41'),(1237,56,'2014-09-29 07:33:41'),(1238,55,'2014-09-29 07:33:41'),(1239,56,'2014-09-29 07:33:44'),(1240,55,'2014-09-29 07:33:44'),(1241,56,'2014-09-29 07:33:45'),(1242,55,'2014-09-29 07:33:45'),(1243,61,'2014-09-29 07:33:47'),(1244,59,'2014-09-29 07:33:47'),(1245,57,'2014-09-29 07:33:47'),(1246,56,'2014-09-29 07:33:47'),(1247,55,'2014-09-29 07:33:47'),(1248,54,'2014-09-29 07:33:47'),(1249,61,'2014-09-29 07:33:47'),(1250,59,'2014-09-29 07:33:47'),(1251,57,'2014-09-29 07:33:47'),(1252,56,'2014-09-29 07:33:47'),(1253,55,'2014-09-29 07:33:47'),(1254,54,'2014-09-29 07:33:47'),(1255,61,'2014-09-29 07:33:51'),(1256,60,'2014-09-29 07:33:51'),(1257,59,'2014-09-29 07:33:51'),(1258,58,'2014-09-29 07:33:51'),(1259,57,'2014-09-29 07:33:51'),(1260,56,'2014-09-29 07:33:51'),(1261,55,'2014-09-29 07:33:51'),(1262,54,'2014-09-29 07:33:51'),(1263,53,'2014-09-29 07:33:51'),(1264,52,'2014-09-29 07:33:51'),(1265,61,'2014-09-29 07:39:36'),(1266,60,'2014-09-29 07:39:36'),(1267,59,'2014-09-29 07:39:36'),(1268,58,'2014-09-29 07:39:36'),(1269,57,'2014-09-29 07:39:36'),(1270,56,'2014-09-29 07:39:36'),(1271,55,'2014-09-29 07:39:36'),(1272,54,'2014-09-29 07:39:36'),(1273,53,'2014-09-29 07:39:36'),(1274,52,'2014-09-29 07:39:36'),(1275,61,'2014-09-29 07:40:01'),(1276,60,'2014-09-29 07:40:01'),(1277,59,'2014-09-29 07:40:01'),(1278,58,'2014-09-29 07:40:01'),(1279,57,'2014-09-29 07:40:01'),(1280,56,'2014-09-29 07:40:01'),(1281,55,'2014-09-29 07:40:01'),(1282,54,'2014-09-29 07:40:01'),(1283,53,'2014-09-29 07:40:01'),(1284,52,'2014-09-29 07:40:01'),(1285,61,'2014-09-29 07:40:10'),(1286,60,'2014-09-29 07:40:10'),(1287,59,'2014-09-29 07:40:10'),(1288,58,'2014-09-29 07:40:10'),(1289,57,'2014-09-29 07:40:10'),(1290,56,'2014-09-29 07:40:10'),(1291,55,'2014-09-29 07:40:10'),(1292,54,'2014-09-29 07:40:10'),(1293,53,'2014-09-29 07:40:10'),(1294,52,'2014-09-29 07:40:10'),(1295,61,'2014-09-29 07:40:24'),(1296,60,'2014-09-29 07:40:24'),(1297,59,'2014-09-29 07:40:24'),(1298,58,'2014-09-29 07:40:24'),(1299,57,'2014-09-29 07:40:24'),(1300,56,'2014-09-29 07:40:24'),(1301,55,'2014-09-29 07:40:24'),(1302,54,'2014-09-29 07:40:24'),(1303,53,'2014-09-29 07:40:24'),(1304,52,'2014-09-29 07:40:24'),(1305,53,'2014-09-29 07:43:38'),(1306,52,'2014-09-29 07:43:38'),(1307,53,'2014-09-29 07:43:41'),(1308,53,'2014-09-29 07:43:42'),(1309,52,'2014-09-29 07:43:42'),(1310,53,'2014-09-29 07:43:43'),(1311,52,'2014-09-29 07:43:43'),(1312,53,'2014-09-29 07:43:54'),(1313,53,'2014-09-29 07:43:56'),(1314,53,'2014-09-29 07:43:57'),(1315,53,'2014-09-29 07:44:09'),(1316,53,'2014-09-29 07:44:10'),(1317,53,'2014-09-29 07:44:11'),(1318,52,'2014-09-29 07:44:11'),(1319,53,'2014-09-29 07:44:11'),(1320,53,'2014-09-29 07:44:12'),(1321,53,'2014-09-29 07:44:13'),(1322,52,'2014-09-29 07:44:13'),(1323,61,'2014-09-29 07:44:14'),(1324,60,'2014-09-29 07:44:14'),(1325,59,'2014-09-29 07:44:14'),(1326,58,'2014-09-29 07:44:14'),(1327,57,'2014-09-29 07:44:14'),(1328,56,'2014-09-29 07:44:14'),(1329,55,'2014-09-29 07:44:14'),(1330,54,'2014-09-29 07:44:14'),(1331,53,'2014-09-29 07:44:14'),(1332,52,'2014-09-29 07:44:14'),(1333,61,'2014-09-29 07:44:17'),(1334,60,'2014-09-29 07:44:17'),(1335,59,'2014-09-29 07:44:17'),(1336,58,'2014-09-29 07:44:17'),(1337,57,'2014-09-29 07:44:17'),(1338,55,'2014-09-29 07:44:17'),(1339,54,'2014-09-29 07:44:17'),(1340,53,'2014-09-29 07:44:17'),(1341,52,'2014-09-29 07:44:17'),(1342,61,'2014-09-29 07:44:18'),(1343,60,'2014-09-29 07:44:18'),(1344,59,'2014-09-29 07:44:18'),(1345,58,'2014-09-29 07:44:18'),(1346,57,'2014-09-29 07:44:18'),(1347,54,'2014-09-29 07:44:18'),(1348,53,'2014-09-29 07:44:18'),(1349,52,'2014-09-29 07:44:18'),(1350,60,'2014-09-29 07:44:19'),(1351,58,'2014-09-29 07:44:19'),(1352,53,'2014-09-29 07:44:19'),(1353,52,'2014-09-29 07:44:19'),(1354,65,'2014-09-29 07:44:20'),(1355,64,'2014-09-29 07:44:20'),(1356,63,'2014-09-29 07:44:20'),(1357,61,'2014-09-29 07:44:20'),(1358,60,'2014-09-29 07:44:20'),(1359,59,'2014-09-29 07:44:20'),(1360,58,'2014-09-29 07:44:20'),(1361,57,'2014-09-29 07:44:20'),(1362,56,'2014-09-29 07:44:20'),(1363,55,'2014-09-29 07:44:20'),(1364,56,'2014-09-29 07:44:22'),(1365,55,'2014-09-29 07:44:22'),(1366,56,'2014-09-29 07:44:31'),(1367,55,'2014-09-29 07:44:31'),(1368,56,'2014-09-29 07:44:33'),(1369,55,'2014-09-29 07:44:33'),(1370,65,'2014-09-29 07:44:34'),(1371,64,'2014-09-29 07:44:34'),(1372,63,'2014-09-29 07:44:34'),(1373,61,'2014-09-29 07:44:34'),(1374,60,'2014-09-29 07:44:34'),(1375,59,'2014-09-29 07:44:34'),(1376,58,'2014-09-29 07:44:34'),(1377,57,'2014-09-29 07:44:34'),(1378,56,'2014-09-29 07:44:34'),(1379,55,'2014-09-29 07:44:34'),(1380,61,'2014-09-29 07:45:51'),(1381,59,'2014-09-29 07:45:51'),(1382,57,'2014-09-29 07:45:51'),(1383,54,'2014-09-29 07:45:51'),(1384,61,'2014-09-29 07:46:20'),(1385,59,'2014-09-29 07:46:20'),(1386,57,'2014-09-29 07:46:20'),(1387,54,'2014-09-29 07:46:20'),(1388,61,'2014-09-29 07:50:08'),(1389,59,'2014-09-29 07:50:08'),(1390,57,'2014-09-29 07:50:08'),(1391,54,'2014-09-29 07:50:08'),(1392,61,'2014-09-29 07:50:25'),(1393,59,'2014-09-29 07:50:25'),(1394,57,'2014-09-29 07:50:25'),(1395,54,'2014-09-29 07:50:25'),(1396,65,'2014-09-29 07:50:28'),(1397,64,'2014-09-29 07:50:28'),(1398,63,'2014-09-29 07:50:28'),(1399,61,'2014-09-29 07:50:28'),(1400,60,'2014-09-29 07:50:28'),(1401,59,'2014-09-29 07:50:28'),(1402,58,'2014-09-29 07:50:28'),(1403,57,'2014-09-29 07:50:28'),(1404,56,'2014-09-29 07:50:28'),(1405,55,'2014-09-29 07:50:28'),(1406,54,'2014-09-29 07:50:30'),(1407,53,'2014-09-29 07:50:30'),(1408,52,'2014-09-29 07:50:30'),(1409,54,'2014-09-29 07:50:30'),(1410,53,'2014-09-29 07:50:30'),(1411,52,'2014-09-29 07:50:30'),(1412,54,'2014-09-29 07:50:30'),(1413,53,'2014-09-29 07:50:30'),(1414,52,'2014-09-29 07:50:30'),(1415,54,'2014-09-29 07:50:30'),(1416,53,'2014-09-29 07:50:30'),(1417,52,'2014-09-29 07:50:30'),(1418,54,'2014-09-29 07:50:31'),(1419,53,'2014-09-29 07:50:31'),(1420,52,'2014-09-29 07:50:31'),(1421,54,'2014-09-29 07:50:31'),(1422,53,'2014-09-29 07:50:31'),(1423,52,'2014-09-29 07:50:31'),(1424,54,'2014-09-29 07:50:31'),(1425,53,'2014-09-29 07:50:31'),(1426,52,'2014-09-29 07:50:31'),(1427,54,'2014-09-29 07:50:31'),(1428,53,'2014-09-29 07:50:31'),(1429,52,'2014-09-29 07:50:31'),(1430,54,'2014-09-29 07:50:31'),(1431,53,'2014-09-29 07:50:31'),(1432,52,'2014-09-29 07:50:31'),(1433,54,'2014-09-29 07:50:31'),(1434,53,'2014-09-29 07:50:31'),(1435,52,'2014-09-29 07:50:31'),(1436,65,'2014-09-29 07:50:37'),(1437,64,'2014-09-29 07:50:37'),(1438,63,'2014-09-29 07:50:37'),(1439,61,'2014-09-29 07:50:37'),(1440,60,'2014-09-29 07:50:37'),(1441,59,'2014-09-29 07:50:37'),(1442,58,'2014-09-29 07:50:37'),(1443,57,'2014-09-29 07:50:37'),(1444,56,'2014-09-29 07:50:37'),(1445,55,'2014-09-29 07:50:37'),(1446,65,'2014-09-29 07:50:51'),(1447,64,'2014-09-29 07:50:51'),(1448,63,'2014-09-29 07:50:51'),(1449,61,'2014-09-29 07:50:51'),(1450,60,'2014-09-29 07:50:51'),(1451,59,'2014-09-29 07:50:51'),(1452,58,'2014-09-29 07:50:51'),(1453,57,'2014-09-29 07:50:51'),(1454,56,'2014-09-29 07:50:51'),(1455,55,'2014-09-29 07:50:51'),(1456,54,'2014-09-29 07:50:53'),(1457,53,'2014-09-29 07:50:53'),(1458,52,'2014-09-29 07:50:53'),(1459,59,'2014-09-29 07:51:11'),(1460,56,'2014-09-29 07:51:11'),(1461,55,'2014-09-29 07:51:11'),(1462,54,'2014-09-29 07:51:11'),(1463,53,'2014-09-29 07:51:11'),(1464,52,'2014-09-29 07:51:11'),(1465,59,'2014-09-29 07:51:13'),(1466,56,'2014-09-29 07:51:13'),(1467,55,'2014-09-29 07:51:13'),(1468,54,'2014-09-29 07:51:13'),(1469,53,'2014-09-29 07:51:13'),(1470,52,'2014-09-29 07:51:13'),(1471,65,'2014-09-29 07:51:17'),(1472,64,'2014-09-29 07:51:17'),(1473,63,'2014-09-29 07:51:17'),(1474,61,'2014-09-29 07:51:17'),(1475,60,'2014-09-29 07:51:17'),(1476,59,'2014-09-29 07:51:17'),(1477,58,'2014-09-29 07:51:17'),(1478,57,'2014-09-29 07:51:17'),(1479,56,'2014-09-29 07:51:17'),(1480,55,'2014-09-29 07:51:17'),(1481,54,'2014-09-29 07:51:20'),(1482,53,'2014-09-29 07:51:20'),(1483,52,'2014-09-29 07:51:20'),(1484,53,'2014-09-29 07:51:27'),(1485,52,'2014-09-29 07:51:27'),(1486,65,'2014-09-29 07:51:32'),(1487,64,'2014-09-29 07:51:32'),(1488,63,'2014-09-29 07:51:32'),(1489,61,'2014-09-29 07:51:32'),(1490,60,'2014-09-29 07:51:32'),(1491,59,'2014-09-29 07:51:32'),(1492,58,'2014-09-29 07:51:32'),(1493,57,'2014-09-29 07:51:32'),(1494,56,'2014-09-29 07:51:32'),(1495,55,'2014-09-29 07:51:32'),(1496,60,'2014-09-29 07:51:36'),(1497,58,'2014-09-29 07:51:36'),(1498,53,'2014-09-29 07:51:36'),(1499,52,'2014-09-29 07:51:36'),(1500,61,'2014-09-29 07:51:37'),(1501,60,'2014-09-29 07:51:37'),(1502,59,'2014-09-29 07:51:37'),(1503,58,'2014-09-29 07:51:37'),(1504,57,'2014-09-29 07:51:37'),(1505,54,'2014-09-29 07:51:37'),(1506,53,'2014-09-29 07:51:37'),(1507,52,'2014-09-29 07:51:37'),(1508,61,'2014-09-29 07:51:38'),(1509,60,'2014-09-29 07:51:38'),(1510,59,'2014-09-29 07:51:38'),(1511,58,'2014-09-29 07:51:38'),(1512,57,'2014-09-29 07:51:38'),(1513,55,'2014-09-29 07:51:38'),(1514,54,'2014-09-29 07:51:38'),(1515,53,'2014-09-29 07:51:38'),(1516,52,'2014-09-29 07:51:38'),(1517,61,'2014-09-29 07:51:39'),(1518,60,'2014-09-29 07:51:39'),(1519,59,'2014-09-29 07:51:39'),(1520,58,'2014-09-29 07:51:39'),(1521,57,'2014-09-29 07:51:39'),(1522,56,'2014-09-29 07:51:39'),(1523,55,'2014-09-29 07:51:39'),(1524,54,'2014-09-29 07:51:39'),(1525,53,'2014-09-29 07:51:39'),(1526,52,'2014-09-29 07:51:39'),(1527,61,'2014-09-29 07:51:46'),(1528,59,'2014-09-29 07:51:46'),(1529,57,'2014-09-29 07:51:46'),(1530,56,'2014-09-29 07:51:46'),(1531,55,'2014-09-29 07:51:46'),(1532,54,'2014-09-29 07:51:46'),(1533,56,'2014-09-29 07:51:46'),(1534,55,'2014-09-29 07:51:46'),(1535,56,'2014-09-29 07:51:46'),(1536,55,'2014-09-29 07:51:46'),(1537,55,'2014-09-29 07:51:47'),(1538,65,'2014-09-29 07:51:48'),(1539,64,'2014-09-29 07:51:48'),(1540,63,'2014-09-29 07:51:48'),(1541,61,'2014-09-29 07:51:48'),(1542,60,'2014-09-29 07:51:48'),(1543,59,'2014-09-29 07:51:48'),(1544,58,'2014-09-29 07:51:48'),(1545,57,'2014-09-29 07:51:48'),(1546,56,'2014-09-29 07:51:48'),(1547,55,'2014-09-29 07:51:48'),(1548,54,'2014-09-29 07:51:57'),(1549,53,'2014-09-29 07:51:57'),(1550,52,'2014-09-29 07:51:57'),(1551,65,'2014-09-29 07:52:12'),(1552,64,'2014-09-29 07:52:12'),(1553,60,'2014-09-29 07:52:14'),(1554,58,'2014-09-29 07:52:14'),(1555,53,'2014-09-29 07:52:18'),(1556,52,'2014-09-29 07:52:18'),(1557,53,'2014-09-29 07:52:21'),(1558,52,'2014-09-29 07:52:21'),(1559,60,'2014-09-29 07:52:55'),(1560,58,'2014-09-29 07:52:55'),(1561,53,'2014-09-29 07:52:57'),(1562,52,'2014-09-29 07:52:57'),(1563,60,'2014-09-29 07:53:26'),(1564,58,'2014-09-29 07:53:26'),(1565,53,'2014-09-29 07:53:28'),(1566,52,'2014-09-29 07:53:28'),(1567,65,'2014-09-29 07:53:33'),(1568,64,'2014-09-29 07:53:33'),(1569,65,'2014-09-29 07:53:35'),(1570,64,'2014-09-29 07:53:35'),(1571,63,'2014-09-29 07:53:36'),(1572,61,'2014-09-29 07:53:36'),(1573,60,'2014-09-29 07:53:39'),(1574,59,'2014-09-29 07:53:39'),(1575,58,'2014-09-29 07:53:40'),(1576,57,'2014-09-29 07:53:40'),(1577,56,'2014-09-29 07:53:40'),(1578,55,'2014-09-29 07:53:40'),(1579,54,'2014-09-29 07:53:40'),(1580,53,'2014-09-29 07:53:40'),(1581,52,'2014-09-29 07:53:41'),(1582,65,'2014-09-29 07:54:08'),(1583,64,'2014-09-29 07:54:08'),(1584,60,'2014-09-29 07:54:11'),(1585,58,'2014-09-29 07:54:11'),(1586,61,'2014-09-29 07:54:12'),(1587,60,'2014-09-29 07:54:12'),(1588,61,'2014-09-29 07:54:12'),(1589,60,'2014-09-29 07:54:12'),(1590,61,'2014-09-29 07:54:13'),(1591,60,'2014-09-29 07:54:13'),(1592,59,'2014-09-29 07:54:17'),(1593,58,'2014-09-29 07:54:17'),(1594,57,'2014-09-29 07:54:18'),(1595,56,'2014-09-29 07:54:18'),(1596,55,'2014-09-29 07:54:19'),(1597,54,'2014-09-29 07:54:19'),(1598,53,'2014-09-29 07:54:19'),(1599,52,'2014-09-29 07:54:19'),(1600,61,'2014-09-29 07:54:28'),(1601,60,'2014-09-29 07:54:28'),(1602,59,'2014-09-29 07:54:28'),(1603,58,'2014-09-29 07:54:28'),(1604,57,'2014-09-29 07:54:28'),(1605,56,'2014-09-29 07:54:28'),(1606,55,'2014-09-29 07:54:28'),(1607,54,'2014-09-29 07:54:28'),(1608,53,'2014-09-29 07:54:28'),(1609,52,'2014-09-29 07:54:28'),(1610,65,'2014-09-29 07:54:49'),(1611,64,'2014-09-29 07:54:49'),(1612,63,'2014-09-29 07:54:49'),(1613,61,'2014-09-29 07:54:49'),(1614,60,'2014-09-29 07:54:49'),(1615,59,'2014-09-29 07:54:49'),(1616,58,'2014-09-29 07:54:49'),(1617,57,'2014-09-29 07:54:49'),(1618,56,'2014-09-29 07:54:49'),(1619,55,'2014-09-29 07:54:49'),(1620,54,'2014-09-29 07:54:50'),(1621,53,'2014-09-29 07:54:50'),(1622,52,'2014-09-29 07:54:50'),(1623,56,'2014-09-29 07:55:40'),(1624,55,'2014-09-29 07:55:40'),(1625,56,'2014-09-29 07:55:45'),(1626,55,'2014-09-29 07:55:45'),(1627,65,'2014-09-29 07:55:52'),(1628,64,'2014-09-29 07:55:52'),(1629,63,'2014-09-29 07:55:52'),(1630,61,'2014-09-29 07:55:52'),(1631,60,'2014-09-29 07:55:52'),(1632,59,'2014-09-29 07:55:52'),(1633,58,'2014-09-29 07:55:52'),(1634,57,'2014-09-29 07:55:52'),(1635,56,'2014-09-29 07:55:52'),(1636,55,'2014-09-29 07:55:52'),(1637,65,'2014-09-29 07:55:59'),(1638,64,'2014-09-29 07:55:59'),(1639,63,'2014-09-29 07:55:59'),(1640,61,'2014-09-29 07:55:59'),(1641,60,'2014-09-29 07:55:59'),(1642,59,'2014-09-29 07:55:59'),(1643,58,'2014-09-29 07:55:59'),(1644,57,'2014-09-29 07:55:59'),(1645,56,'2014-09-29 07:55:59'),(1646,55,'2014-09-29 07:55:59'),(1647,65,'2014-09-29 07:56:07'),(1648,64,'2014-09-29 07:56:07'),(1649,63,'2014-09-29 07:56:07'),(1650,61,'2014-09-29 07:56:07'),(1651,60,'2014-09-29 07:56:07'),(1652,59,'2014-09-29 07:56:07'),(1653,58,'2014-09-29 07:56:07'),(1654,57,'2014-09-29 07:56:07'),(1655,56,'2014-09-29 07:56:07'),(1656,55,'2014-09-29 07:56:07'),(1657,65,'2014-09-29 07:56:11'),(1658,64,'2014-09-29 07:56:11'),(1659,63,'2014-09-29 07:56:11'),(1660,61,'2014-09-29 07:56:11'),(1661,60,'2014-09-29 07:56:11'),(1662,59,'2014-09-29 07:56:11'),(1663,58,'2014-09-29 07:56:11'),(1664,57,'2014-09-29 07:56:11'),(1665,56,'2014-09-29 07:56:11'),(1666,55,'2014-09-29 07:56:11'),(1667,65,'2014-09-29 07:56:16'),(1668,64,'2014-09-29 07:56:16'),(1669,63,'2014-09-29 07:56:16'),(1670,61,'2014-09-29 07:56:16'),(1671,60,'2014-09-29 07:56:16'),(1672,59,'2014-09-29 07:56:16'),(1673,58,'2014-09-29 07:56:16'),(1674,57,'2014-09-29 07:56:16'),(1675,56,'2014-09-29 07:56:16'),(1676,55,'2014-09-29 07:56:16'),(1677,65,'2014-09-29 07:56:20'),(1678,64,'2014-09-29 07:56:20'),(1679,63,'2014-09-29 07:56:20'),(1680,61,'2014-09-29 07:56:20'),(1681,60,'2014-09-29 07:56:20'),(1682,59,'2014-09-29 07:56:20'),(1683,58,'2014-09-29 07:56:20'),(1684,57,'2014-09-29 07:56:20'),(1685,56,'2014-09-29 07:56:20'),(1686,55,'2014-09-29 07:56:20'),(1687,65,'2014-09-29 07:56:25'),(1688,64,'2014-09-29 07:56:25'),(1689,63,'2014-09-29 07:56:25'),(1690,61,'2014-09-29 07:56:25'),(1691,60,'2014-09-29 07:56:25'),(1692,59,'2014-09-29 07:56:25'),(1693,58,'2014-09-29 07:56:25'),(1694,57,'2014-09-29 07:56:25'),(1695,56,'2014-09-29 07:56:25'),(1696,55,'2014-09-29 07:56:25'),(1697,54,'2014-09-29 07:56:26'),(1698,53,'2014-09-29 07:56:26'),(1699,52,'2014-09-29 07:56:26'),(1700,65,'2014-09-29 08:37:29'),(1701,64,'2014-09-29 08:37:29'),(1702,63,'2014-09-29 08:37:29'),(1703,61,'2014-09-29 08:37:29'),(1704,60,'2014-09-29 08:37:29'),(1705,59,'2014-09-29 08:37:29'),(1706,58,'2014-09-29 08:37:29'),(1707,57,'2014-09-29 08:37:29'),(1708,56,'2014-09-29 08:37:29'),(1709,55,'2014-09-29 08:37:29'),(1710,54,'2014-09-29 08:37:30'),(1711,53,'2014-09-29 08:37:30'),(1712,52,'2014-09-29 08:37:30'),(1713,65,'2014-09-29 08:38:34'),(1714,64,'2014-09-29 08:38:34'),(1715,63,'2014-09-29 08:38:34'),(1716,61,'2014-09-29 08:38:34'),(1717,60,'2014-09-29 08:38:34'),(1718,59,'2014-09-29 08:38:34'),(1719,58,'2014-09-29 08:38:34'),(1720,57,'2014-09-29 08:38:34'),(1721,56,'2014-09-29 08:38:34'),(1722,55,'2014-09-29 08:38:34'),(1723,65,'2014-09-29 08:38:41'),(1724,64,'2014-09-29 08:38:41'),(1725,63,'2014-09-29 08:38:41'),(1726,61,'2014-09-29 08:38:41'),(1727,60,'2014-09-29 08:38:41'),(1728,59,'2014-09-29 08:38:41'),(1729,58,'2014-09-29 08:38:41'),(1730,57,'2014-09-29 08:38:41'),(1731,56,'2014-09-29 08:38:41'),(1732,55,'2014-09-29 08:38:41'),(1733,65,'2014-09-29 08:45:34'),(1734,64,'2014-09-29 08:45:34'),(1735,63,'2014-09-29 08:45:34'),(1736,61,'2014-09-29 08:45:34'),(1737,60,'2014-09-29 08:45:34'),(1738,59,'2014-09-29 08:45:34'),(1739,58,'2014-09-29 08:45:34'),(1740,57,'2014-09-29 08:45:34'),(1741,56,'2014-09-29 08:45:34'),(1742,55,'2014-09-29 08:45:34'),(1743,65,'2014-09-29 09:16:08'),(1744,64,'2014-09-29 09:16:08'),(1745,63,'2014-09-29 09:16:08'),(1746,61,'2014-09-29 09:16:08'),(1747,60,'2014-09-29 09:16:08'),(1748,59,'2014-09-29 09:16:08'),(1749,58,'2014-09-29 09:16:08'),(1750,57,'2014-09-29 09:16:08'),(1751,56,'2014-09-29 09:16:08'),(1752,55,'2014-09-29 09:16:08'),(1753,61,'2014-09-29 09:47:59'),(1754,60,'2014-09-29 09:47:59'),(1755,59,'2014-09-29 09:47:59'),(1756,58,'2014-09-29 09:47:59'),(1757,57,'2014-09-29 09:47:59'),(1758,56,'2014-09-29 09:47:59'),(1759,55,'2014-09-29 09:47:59'),(1760,54,'2014-09-29 09:47:59'),(1761,53,'2014-09-29 09:47:59'),(1762,52,'2014-09-29 09:47:59'),(1763,61,'2014-09-29 09:48:05'),(1764,59,'2014-09-29 09:48:05'),(1765,57,'2014-09-29 09:48:05'),(1766,56,'2014-09-29 09:48:05'),(1767,55,'2014-09-29 09:48:05'),(1768,54,'2014-09-29 09:48:05'),(1769,56,'2014-09-29 09:48:06'),(1770,55,'2014-09-29 09:48:06'),(1771,56,'2014-09-29 09:48:07'),(1772,55,'2014-09-29 09:48:07'),(1773,65,'2014-09-29 09:48:07'),(1774,64,'2014-09-29 09:48:07'),(1775,63,'2014-09-29 09:48:07'),(1776,61,'2014-09-29 09:48:07'),(1777,60,'2014-09-29 09:48:07'),(1778,59,'2014-09-29 09:48:07'),(1779,58,'2014-09-29 09:48:07'),(1780,57,'2014-09-29 09:48:07'),(1781,56,'2014-09-29 09:48:07'),(1782,55,'2014-09-29 09:48:07'),(1783,54,'2014-09-29 09:48:09'),(1784,53,'2014-09-29 09:48:09'),(1785,52,'2014-09-29 09:48:09'),(1786,65,'2014-09-29 09:48:14'),(1787,64,'2014-09-29 09:48:14'),(1788,63,'2014-09-29 09:48:14'),(1789,61,'2014-09-29 09:48:14'),(1790,60,'2014-09-29 09:48:14'),(1791,59,'2014-09-29 09:48:14'),(1792,58,'2014-09-29 09:48:14'),(1793,57,'2014-09-29 09:48:14'),(1794,56,'2014-09-29 09:48:14'),(1795,55,'2014-09-29 09:48:14'),(1796,54,'2014-09-29 09:48:28'),(1797,53,'2014-09-29 09:48:28'),(1798,52,'2014-09-29 09:48:28'),(1799,65,'2014-09-30 03:25:41'),(1800,65,'2014-09-30 03:26:38'),(1801,64,'2014-09-30 03:26:38'),(1802,63,'2014-09-30 03:26:38'),(1803,61,'2014-09-30 03:26:38'),(1804,60,'2014-09-30 03:26:38'),(1805,59,'2014-09-30 03:26:38'),(1806,58,'2014-09-30 03:26:38'),(1807,57,'2014-09-30 03:26:38'),(1808,56,'2014-09-30 03:26:38'),(1809,55,'2014-09-30 03:26:38'),(1810,65,'2014-09-30 03:27:06'),(1811,64,'2014-09-30 03:27:08'),(1812,63,'2014-09-30 03:27:08'),(1813,61,'2014-09-30 03:27:08'),(1814,60,'2014-09-30 03:27:08'),(1815,59,'2014-09-30 03:27:08'),(1816,58,'2014-09-30 03:27:08'),(1817,57,'2014-09-30 03:27:08'),(1818,56,'2014-09-30 03:27:08'),(1819,55,'2014-09-30 03:27:08'),(1820,54,'2014-09-30 03:27:08'),(1821,53,'2014-09-30 03:27:08'),(1822,52,'2014-09-30 03:27:08'),(1823,65,'2014-09-30 03:27:29'),(1824,64,'2014-09-30 03:27:31'),(1825,63,'2014-09-30 03:27:31'),(1826,61,'2014-09-30 03:27:31'),(1827,60,'2014-09-30 03:27:31'),(1828,59,'2014-09-30 03:27:31'),(1829,58,'2014-09-30 03:27:31'),(1830,57,'2014-09-30 03:27:31'),(1831,56,'2014-09-30 03:27:31'),(1832,55,'2014-09-30 03:27:31'),(1833,54,'2014-09-30 03:27:31'),(1834,53,'2014-09-30 03:27:32'),(1835,52,'2014-09-30 03:27:32'),(1836,65,'2014-09-30 03:41:05'),(1837,65,'2014-09-30 03:41:08'),(1838,65,'2014-09-30 03:41:15'),(1839,65,'2014-09-30 03:41:19'),(1840,65,'2014-09-30 03:43:31'),(1841,65,'2014-09-30 03:44:28'),(1842,65,'2014-09-30 03:45:25'),(1843,65,'2014-09-30 03:45:27'),(1844,65,'2014-09-30 03:45:44'),(1845,65,'2014-09-30 03:45:46'),(1846,65,'2014-09-30 03:47:06'),(1847,65,'2014-09-30 03:47:07'),(1848,65,'2014-09-30 03:47:55'),(1849,65,'2014-09-30 03:47:59'),(1850,65,'2014-09-30 03:48:33'),(1851,65,'2014-09-30 03:48:35'),(1852,65,'2014-09-30 03:49:13'),(1853,65,'2014-09-30 03:49:16'),(1854,65,'2014-09-30 05:26:28'),(1855,65,'2014-09-30 05:26:36'),(1856,64,'2014-09-30 05:26:36'),(1857,63,'2014-09-30 05:26:36'),(1858,61,'2014-09-30 05:26:36'),(1859,60,'2014-09-30 05:26:36'),(1860,59,'2014-09-30 05:26:36'),(1861,58,'2014-09-30 05:26:36'),(1862,57,'2014-09-30 05:26:36'),(1863,56,'2014-09-30 05:26:36'),(1864,55,'2014-09-30 05:26:36'),(1865,65,'2014-09-30 05:26:39'),(1866,65,'2014-09-30 05:26:58'),(1867,64,'2014-09-30 05:27:08'),(1868,63,'2014-09-30 05:27:08'),(1869,61,'2014-09-30 05:27:08'),(1870,60,'2014-09-30 05:27:08'),(1871,59,'2014-09-30 05:27:08'),(1872,58,'2014-09-30 05:27:08'),(1873,57,'2014-09-30 05:27:08'),(1874,56,'2014-09-30 05:27:08'),(1875,55,'2014-09-30 05:27:08'),(1876,54,'2014-09-30 05:27:08'),(1877,53,'2014-09-30 05:27:10'),(1878,52,'2014-09-30 05:27:10'),(1879,65,'2014-09-30 05:27:28'),(1880,64,'2014-09-30 05:27:30'),(1881,63,'2014-09-30 05:27:30'),(1882,61,'2014-09-30 05:27:30'),(1883,60,'2014-09-30 05:27:30'),(1884,59,'2014-09-30 05:27:30'),(1885,58,'2014-09-30 05:27:30'),(1886,57,'2014-09-30 05:27:30'),(1887,56,'2014-09-30 05:27:30'),(1888,55,'2014-09-30 05:27:30'),(1889,54,'2014-09-30 05:27:30'),(1890,65,'2014-10-01 09:03:25'),(1891,93,'2014-10-01 09:03:30'),(1892,92,'2014-10-01 09:03:30'),(1893,91,'2014-10-01 09:03:30'),(1894,65,'2014-10-01 09:03:30'),(1895,64,'2014-10-01 09:03:30'),(1896,63,'2014-10-01 09:03:30'),(1897,61,'2014-10-01 09:03:30'),(1898,60,'2014-10-01 09:03:30'),(1899,59,'2014-10-01 09:03:30'),(1900,58,'2014-10-01 09:03:30'),(1901,57,'2014-10-01 09:03:32'),(1902,56,'2014-10-01 09:03:32'),(1903,55,'2014-10-01 09:03:32'),(1904,54,'2014-10-01 09:03:32'),(1905,53,'2014-10-01 09:03:32'),(1906,52,'2014-10-01 09:03:32'),(1907,93,'2014-10-01 09:15:15'),(1908,92,'2014-10-01 09:15:15'),(1909,91,'2014-10-01 09:15:15'),(1910,65,'2014-10-01 09:15:15'),(1911,64,'2014-10-01 09:15:15'),(1912,63,'2014-10-01 09:15:15'),(1913,61,'2014-10-01 09:15:15'),(1914,60,'2014-10-01 09:15:15'),(1915,59,'2014-10-01 09:15:15'),(1916,58,'2014-10-01 09:15:15'),(1917,93,'2014-10-01 09:15:42'),(1918,92,'2014-10-01 09:15:42'),(1919,91,'2014-10-01 09:15:42'),(1920,65,'2014-10-01 09:15:42'),(1921,64,'2014-10-01 09:15:42'),(1922,63,'2014-10-01 09:15:42'),(1923,61,'2014-10-01 09:15:42'),(1924,60,'2014-10-01 09:15:42'),(1925,59,'2014-10-01 09:15:42'),(1926,58,'2014-10-01 09:15:42'),(1927,93,'2014-10-01 09:33:50'),(1928,92,'2014-10-01 09:33:50'),(1929,91,'2014-10-01 09:33:50'),(1930,65,'2014-10-01 09:33:50'),(1931,64,'2014-10-01 09:33:50'),(1932,63,'2014-10-01 09:33:50'),(1933,61,'2014-10-01 09:33:50'),(1934,60,'2014-10-01 09:33:50'),(1935,59,'2014-10-01 09:33:50'),(1936,58,'2014-10-01 09:33:50'),(1937,93,'2014-10-01 09:49:35'),(1938,92,'2014-10-01 09:49:35'),(1939,91,'2014-10-01 09:49:35'),(1940,65,'2014-10-01 09:49:35'),(1941,64,'2014-10-01 09:49:35'),(1942,63,'2014-10-01 09:49:35'),(1943,61,'2014-10-01 09:49:35'),(1944,60,'2014-10-01 09:49:35'),(1945,59,'2014-10-01 09:49:35'),(1946,58,'2014-10-01 09:49:35'),(1947,93,'2014-10-01 09:52:37'),(1948,92,'2014-10-01 09:52:37'),(1949,91,'2014-10-01 09:52:37'),(1950,65,'2014-10-01 09:52:37'),(1951,64,'2014-10-01 09:52:37'),(1952,63,'2014-10-01 09:52:37'),(1953,61,'2014-10-01 09:52:37'),(1954,60,'2014-10-01 09:52:37'),(1955,59,'2014-10-01 09:52:37'),(1956,58,'2014-10-01 09:52:37'),(1957,93,'2014-10-01 09:53:43'),(1958,92,'2014-10-01 09:53:43'),(1959,91,'2014-10-01 09:53:43'),(1960,65,'2014-10-01 09:53:43'),(1961,64,'2014-10-01 09:53:43'),(1962,63,'2014-10-01 09:53:43'),(1963,61,'2014-10-01 09:53:43'),(1964,60,'2014-10-01 09:53:43'),(1965,59,'2014-10-01 09:53:43'),(1966,58,'2014-10-01 09:53:43'),(1967,93,'2014-10-01 09:54:20'),(1968,92,'2014-10-01 09:54:20'),(1969,91,'2014-10-01 09:54:20'),(1970,65,'2014-10-01 09:54:20'),(1971,64,'2014-10-01 09:54:20'),(1972,63,'2014-10-01 09:54:20'),(1973,61,'2014-10-01 09:54:20'),(1974,60,'2014-10-01 09:54:20'),(1975,59,'2014-10-01 09:54:20'),(1976,58,'2014-10-01 09:54:20'),(1977,65,'2014-10-01 09:54:33'),(1978,64,'2014-10-01 09:54:37'),(1979,63,'2014-10-01 09:54:37'),(1980,61,'2014-10-01 09:54:37'),(1981,60,'2014-10-01 09:54:37'),(1982,59,'2014-10-01 09:54:37'),(1983,58,'2014-10-01 09:54:37'),(1984,57,'2014-10-01 09:54:37'),(1985,56,'2014-10-01 09:54:37'),(1986,55,'2014-10-01 09:54:37'),(1987,54,'2014-10-01 09:54:37'),(1988,53,'2014-10-01 09:54:44'),(1989,52,'2014-10-01 09:54:44'),(1990,65,'2014-10-01 11:15:49'),(1991,65,'2014-10-06 07:13:29'),(1992,93,'2014-10-06 07:13:33'),(1993,92,'2014-10-06 07:13:33'),(1994,91,'2014-10-06 07:13:33'),(1995,65,'2014-10-06 07:13:33'),(1996,64,'2014-10-06 07:13:33'),(1997,63,'2014-10-06 07:13:33'),(1998,61,'2014-10-06 07:13:33'),(1999,60,'2014-10-06 07:13:33'),(2000,59,'2014-10-06 07:13:33'),(2001,58,'2014-10-06 07:13:33'),(2002,57,'2014-10-06 07:13:34'),(2003,56,'2014-10-06 07:13:34'),(2004,55,'2014-10-06 07:13:34'),(2005,54,'2014-10-06 07:13:34'),(2006,53,'2014-10-06 07:13:34'),(2007,52,'2014-10-06 07:13:34'),(2008,65,'2014-10-06 07:13:48'),(2009,64,'2014-10-06 07:13:48'),(2010,93,'2014-10-06 07:13:50'),(2011,92,'2014-10-06 07:13:50'),(2012,91,'2014-10-06 07:13:50'),(2013,65,'2014-10-06 07:13:50'),(2014,64,'2014-10-06 07:13:50'),(2015,63,'2014-10-06 07:13:50'),(2016,61,'2014-10-06 07:13:50'),(2017,60,'2014-10-06 07:13:50'),(2018,59,'2014-10-06 07:13:50'),(2019,58,'2014-10-06 07:13:50'),(2020,57,'2014-10-06 07:13:51'),(2021,56,'2014-10-06 07:13:51'),(2022,55,'2014-10-06 07:13:51'),(2023,54,'2014-10-06 07:13:51'),(2024,52,'2014-10-06 07:13:51'),(2025,51,'2014-10-06 07:13:51'),(2026,65,'2014-10-06 07:14:11'),(2027,64,'2014-10-06 07:14:11'),(2028,63,'2014-10-06 07:14:13'),(2029,61,'2014-10-06 07:14:13'),(2030,60,'2014-10-06 07:14:13'),(2031,59,'2014-10-06 07:14:13'),(2032,58,'2014-10-06 07:14:13'),(2033,57,'2014-10-06 07:14:13'),(2034,56,'2014-10-06 07:14:13'),(2035,55,'2014-10-06 07:14:13'),(2036,54,'2014-10-06 07:14:13'),(2037,52,'2014-10-06 07:14:13'),(2038,93,'2014-10-06 07:14:27'),(2039,92,'2014-10-06 07:14:27'),(2040,91,'2014-10-06 07:14:27'),(2041,65,'2014-10-06 07:14:27'),(2042,64,'2014-10-06 07:14:27'),(2043,63,'2014-10-06 07:14:27'),(2044,61,'2014-10-06 07:14:27'),(2045,60,'2014-10-06 07:14:27'),(2046,59,'2014-10-06 07:14:27'),(2047,58,'2014-10-06 07:14:27'),(2048,57,'2014-10-06 07:14:28'),(2049,56,'2014-10-06 07:14:28'),(2050,55,'2014-10-06 07:14:28'),(2051,54,'2014-10-06 07:14:28'),(2052,52,'2014-10-06 07:14:28'),(2053,51,'2014-10-06 07:14:28'),(2054,93,'2014-10-06 07:27:40'),(2055,92,'2014-10-06 07:27:40'),(2056,91,'2014-10-06 07:27:40'),(2057,65,'2014-10-06 07:27:40'),(2058,64,'2014-10-06 07:27:40'),(2059,63,'2014-10-06 07:27:40'),(2060,61,'2014-10-06 07:27:40'),(2061,60,'2014-10-06 07:27:40'),(2062,59,'2014-10-06 07:27:40'),(2063,58,'2014-10-06 07:27:40'),(2064,93,'2014-10-06 07:32:56'),(2065,92,'2014-10-06 07:32:56'),(2066,91,'2014-10-06 07:32:56'),(2067,65,'2014-10-06 07:32:56'),(2068,64,'2014-10-06 07:32:56'),(2069,63,'2014-10-06 07:32:56'),(2070,61,'2014-10-06 07:32:56'),(2071,60,'2014-10-06 07:32:56'),(2072,59,'2014-10-06 07:32:56'),(2073,58,'2014-10-06 07:32:56'),(2074,93,'2014-10-06 07:33:56'),(2075,92,'2014-10-06 07:33:56'),(2076,91,'2014-10-06 07:33:56'),(2077,65,'2014-10-06 07:33:56'),(2078,64,'2014-10-06 07:33:56'),(2079,63,'2014-10-06 07:33:56'),(2080,61,'2014-10-06 07:33:56'),(2081,60,'2014-10-06 07:33:56'),(2082,59,'2014-10-06 07:33:56'),(2083,58,'2014-10-06 07:33:56'),(2084,93,'2014-10-06 07:34:02'),(2085,92,'2014-10-06 07:34:02'),(2086,91,'2014-10-06 07:34:02'),(2087,65,'2014-10-06 07:34:02'),(2088,64,'2014-10-06 07:34:02'),(2089,63,'2014-10-06 07:34:02'),(2090,61,'2014-10-06 07:34:02'),(2091,60,'2014-10-06 07:34:02'),(2092,59,'2014-10-06 07:34:02'),(2093,58,'2014-10-06 07:34:02'),(2094,57,'2014-10-06 07:34:05'),(2095,56,'2014-10-06 07:34:05'),(2096,55,'2014-10-06 07:34:05'),(2097,54,'2014-10-06 07:34:05'),(2098,53,'2014-10-06 07:34:05'),(2099,52,'2014-10-06 07:34:05'),(2100,93,'2014-10-06 07:34:54'),(2101,92,'2014-10-06 07:34:54'),(2102,91,'2014-10-06 07:34:54'),(2103,65,'2014-10-06 07:34:54'),(2104,64,'2014-10-06 07:34:54'),(2105,63,'2014-10-06 07:34:54'),(2106,61,'2014-10-06 07:34:54'),(2107,60,'2014-10-06 07:34:54'),(2108,59,'2014-10-06 07:34:54'),(2109,58,'2014-10-06 07:34:54'),(2110,57,'2014-10-06 07:42:47'),(2111,56,'2014-10-06 07:42:47'),(2112,55,'2014-10-06 07:42:47'),(2113,54,'2014-10-06 07:42:47'),(2114,53,'2014-10-06 07:42:47'),(2115,52,'2014-10-06 07:42:47'),(2116,93,'2014-10-06 08:57:52'),(2117,92,'2014-10-06 08:57:52'),(2118,91,'2014-10-06 08:57:52'),(2119,65,'2014-10-06 08:57:52'),(2120,64,'2014-10-06 08:57:52'),(2121,63,'2014-10-06 08:57:52'),(2122,61,'2014-10-06 08:57:52'),(2123,60,'2014-10-06 08:57:52'),(2124,59,'2014-10-06 08:57:52'),(2125,58,'2014-10-06 08:57:52'),(2126,57,'2014-10-06 08:57:54'),(2127,56,'2014-10-06 08:57:54'),(2128,55,'2014-10-06 08:57:54'),(2129,54,'2014-10-06 08:57:54'),(2130,53,'2014-10-06 08:57:54'),(2131,52,'2014-10-06 08:57:54'),(2132,65,'2014-10-06 09:13:24'),(2133,64,'2014-10-06 09:13:31'),(2134,63,'2014-10-06 09:13:31'),(2135,61,'2014-10-06 09:13:31'),(2136,60,'2014-10-06 09:13:31'),(2137,59,'2014-10-06 09:13:31'),(2138,58,'2014-10-06 09:13:31'),(2139,57,'2014-10-06 09:13:31'),(2140,56,'2014-10-06 09:13:31'),(2141,55,'2014-10-06 09:13:31'),(2142,54,'2014-10-06 09:13:31'),(2143,53,'2014-10-06 09:13:32'),(2144,52,'2014-10-06 09:13:32'),(2145,65,'2014-10-06 09:17:12'),(2146,64,'2014-10-06 09:17:15'),(2147,63,'2014-10-06 09:17:15'),(2148,61,'2014-10-06 09:17:15'),(2149,60,'2014-10-06 09:17:15'),(2150,59,'2014-10-06 09:17:15'),(2151,58,'2014-10-06 09:17:15'),(2152,57,'2014-10-06 09:17:15'),(2153,56,'2014-10-06 09:17:15'),(2154,55,'2014-10-06 09:17:15'),(2155,54,'2014-10-06 09:17:15'),(2156,65,'2014-10-06 09:17:48'),(2157,64,'2014-10-06 09:17:51'),(2158,63,'2014-10-06 09:17:51'),(2159,61,'2014-10-06 09:17:51'),(2160,60,'2014-10-06 09:17:51'),(2161,59,'2014-10-06 09:17:51'),(2162,58,'2014-10-06 09:17:51'),(2163,57,'2014-10-06 09:17:51'),(2164,56,'2014-10-06 09:17:51'),(2165,55,'2014-10-06 09:17:51'),(2166,54,'2014-10-06 09:17:51'),(2167,65,'2014-10-06 09:56:58'),(2168,65,'2014-10-06 10:00:58'),(2169,65,'2014-10-06 10:01:06'),(2170,65,'2014-10-06 10:01:41'),(2171,65,'2014-10-06 10:01:56'),(2172,65,'2014-10-06 10:02:36'),(2173,64,'2014-10-06 10:02:58'),(2174,63,'2014-10-06 10:02:58'),(2175,61,'2014-10-06 10:02:58'),(2176,60,'2014-10-06 10:02:58'),(2177,59,'2014-10-06 10:02:58'),(2178,58,'2014-10-06 10:02:58'),(2179,57,'2014-10-06 10:02:58'),(2180,56,'2014-10-06 10:02:58'),(2181,55,'2014-10-06 10:02:58'),(2182,54,'2014-10-06 10:02:58'),(2183,53,'2014-10-06 10:02:59'),(2184,52,'2014-10-06 10:02:59');

/*Data for the table `connection_tags` */

insert  into `connection_tags`(`connection_id`,`tag_id`) values (111,2),(31,3),(108,3),(110,3),(31,4),(108,4),(109,4),(49,5),(69,25),(112,26),(112,29),(68,35),(103,35),(32,37),(103,37),(32,38),(92,79),(102,79),(90,80),(92,80),(94,80),(97,80),(100,80),(102,80),(93,82),(94,82),(89,83),(93,83),(97,83),(86,91),(87,91),(88,91),(91,91),(87,92),(91,92);

/*Data for the table `connections` */

insert  into `connections`(`id`,`user_id`,`friend_id`,`createDate`,`description`,`typeApproved`,`message`) values (31,51,53,'2014-06-12 03:54:32',NULL,1,''),(32,53,51,'2014-06-12 03:56:59',NULL,1,NULL),(33,53,54,'2014-06-12 04:08:29',NULL,1,NULL),(34,54,53,'2014-06-12 04:08:37',NULL,1,NULL),(35,54,55,'2014-06-12 07:27:24',NULL,1,NULL),(36,55,54,'2014-06-12 07:27:27',NULL,1,NULL),(37,55,56,'2014-06-12 07:44:19',NULL,1,NULL),(38,56,55,'2014-06-12 07:44:23',NULL,1,NULL),(39,53,57,'2014-06-13 08:28:17',NULL,1,NULL),(40,57,53,'2014-06-13 08:28:22',NULL,1,NULL),(41,53,58,'2014-06-13 08:34:06',NULL,1,NULL),(42,58,53,'2014-06-13 08:34:10',NULL,1,NULL),(43,53,59,'2014-06-13 08:34:14',NULL,1,NULL),(44,59,53,'2014-06-13 08:34:18',NULL,1,NULL),(45,53,60,'2014-06-13 08:34:24',NULL,1,NULL),(46,60,53,'2014-06-13 08:34:28',NULL,1,NULL),(49,51,60,'2014-07-04 09:31:20',NULL,0,''),(68,53,52,'2014-07-18 07:31:16',NULL,1,''),(69,52,53,'2014-07-18 07:32:20',NULL,1,NULL),(72,51,58,'2014-07-24 04:51:39',NULL,0,NULL),(86,59,51,'2014-09-18 02:22:47',NULL,2,''),(87,59,51,'2014-09-18 02:30:28',NULL,2,''),(88,59,51,'2014-09-18 02:34:34',NULL,2,''),(89,61,51,'2014-09-18 04:13:28',NULL,2,''),(90,61,51,'2014-09-18 04:25:55',NULL,2,''),(91,59,51,'2014-09-18 04:33:31',NULL,2,''),(92,61,51,'2014-09-18 04:33:42',NULL,2,''),(93,61,51,'2014-09-18 04:34:16',NULL,2,''),(94,61,51,'2014-09-18 04:34:37',NULL,2,''),(97,61,52,'2014-09-18 08:43:05',NULL,2,''),(100,61,60,'2014-09-18 09:01:56',NULL,1,''),(101,60,61,'2014-09-18 09:02:34',NULL,1,NULL),(102,61,53,'2014-09-18 09:15:27',NULL,1,''),(103,53,61,'2014-09-18 09:18:05',NULL,1,NULL),(108,51,93,'2014-10-01 09:53:47',NULL,0,''),(109,51,92,'2014-10-01 09:54:27',NULL,0,''),(110,51,91,'2014-10-01 09:54:31',NULL,0,''),(111,51,61,'2014-10-01 09:54:42',NULL,0,''),(112,52,51,'2014-10-15 09:00:30',NULL,0,'');

/*Data for the table `files` */

insert  into `files`(`id`,`sender_id`,`parent_id`,`type`,`name`,`token`,`size`,`ext`,`isImage`,`date`,`cropArea`,`group`,`position`,`info`) values (6,3,2,1,'00199_africanlandscape_1920x1200.jpg','8k2229s9',505799,'jpg',1,'2014-05-09 04:43:30',NULL,1,0,NULL),(7,3,2,1,'00317_manhattan_1920x1200.jpg','btrpqcoi',408745,'jpg',1,'2014-05-09 04:43:33',NULL,1,0,NULL),(8,3,2,1,'00253_naraforest_1920x1200.jpg','50jawyu8',863018,'jpg',1,'2014-05-09 04:43:34',NULL,1,0,NULL),(23,3,88,1,'00179_larch_1920x1200.jpg','rwe2gcqk',389437,'jpg',1,'2014-05-09 06:29:31',NULL,1,0,NULL),(24,3,88,1,'00179_larch_1920x1200 - Copy.jpg','8kcvqxp0',389437,'jpg',1,'2014-05-09 06:29:32',NULL,1,0,NULL),(25,3,88,1,'00199_africanlandscape_1920x1200.jpg','vaujuc5n',505799,'jpg',1,'2014-05-09 06:29:32',NULL,1,0,NULL),(26,3,88,1,'00201_lakejipe_1920x1200.jpg','11vdrhph',203329,'jpg',1,'2014-05-09 06:29:32',NULL,1,0,NULL),(27,3,90,1,'00168_talltalltrees_1920x1200 - Copy.jpg','vtka1nmk',371496,'jpg',1,'2014-05-09 06:31:03',NULL,1,0,NULL),(28,3,90,1,'00179_larch_1920x1200 - Copy.jpg','5rwqtj73',389437,'jpg',1,'2014-05-09 06:31:04',NULL,1,0,NULL),(29,3,90,1,'00168_talltalltrees_1920x1200.jpg','am4lm0jw',371496,'jpg',1,'2014-05-09 06:31:04',NULL,1,0,NULL),(30,3,90,1,'00179_larch_1920x1200.jpg','pjy47y5i',389437,'jpg',1,'2014-05-09 06:31:05',NULL,1,0,NULL),(31,3,90,1,'00199_africanlandscape_1920x1200.jpg','tuvdb4o6',505799,'jpg',1,'2014-05-09 06:31:05',NULL,1,0,NULL),(32,3,90,1,'00201_lakejipe_1920x1200.jpg','go7k0abm',203329,'jpg',1,'2014-05-09 06:31:05',NULL,1,0,NULL),(33,3,90,1,'00253_naraforest_1920x1200.jpg','qnhz5m2b',863018,'jpg',1,'2014-05-09 06:31:06',NULL,1,0,NULL),(34,3,90,1,'00317_manhattan_1920x1200.jpg','teo55y4t',408745,'jpg',1,'2014-05-09 06:31:06',NULL,1,0,NULL),(35,3,90,1,'00525_sciacca_1920x1200.jpg','v9sugr8h',829086,'jpg',1,'2014-05-09 06:31:07',NULL,1,0,NULL),(36,3,90,1,'00589_brooklynbridge_1920x1200.jpg','vxl0v4fh',258663,'jpg',1,'2014-05-09 06:31:07',NULL,1,0,NULL),(63,3,3,1,'00168_talltalltrees_1920x1200.jpg','c88mmnza',371496,'jpg',1,'2014-05-09 08:34:54',NULL,1,0,NULL),(64,3,3,1,'00179_larch_1920x1200.jpg','i3fgk4o2',389437,'jpg',1,'2014-05-09 08:34:55',NULL,1,0,NULL),(65,3,3,1,'00179_larch_1920x1200 - Copy.jpg','22mdpkvy',389437,'jpg',1,'2014-05-09 08:34:55',NULL,1,0,NULL),(66,3,110,1,'00179_larch_1920x1200 - Copy.jpg','cjkt3p3z',389437,'jpg',1,'2014-05-09 09:08:03',NULL,1,0,NULL),(67,3,110,1,'00179_larch_1920x1200.jpg','et8e0y5q',389437,'jpg',1,'2014-05-09 09:08:04',NULL,1,0,NULL),(68,3,110,1,'00199_africanlandscape_1920x1200.jpg','n0g5v8n8',505799,'jpg',1,'2014-05-09 09:08:04',NULL,1,0,NULL),(104,3,2,1,'00589_brooklynbridge_1920x1200.jpg','3p4q20it',258663,'jpg',1,'2014-05-23 09:40:49',NULL,2,0,NULL),(105,3,2,1,'00168_talltalltrees_1920x1200 - Copy.jpg','f3nesuh0',371496,'jpg',1,'2014-05-23 09:40:57',NULL,2,0,NULL),(106,3,2,1,'00168_talltalltrees_1920x1200 - Copy.jpg','8aav014m',371496,'jpg',1,'2014-05-23 09:46:32',NULL,3,0,NULL),(123,3,3,1,'00179_larch_1920x1200 - Copy.jpg','vg7428bi',389437,'jpg',1,'2014-05-23 10:19:54',NULL,2,0,NULL),(124,3,3,1,'00179_larch_1920x1200.jpg','vqg0u74f',389437,'jpg',1,'2014-05-23 10:19:55',NULL,2,0,NULL),(125,3,3,1,'00317_manhattan_1920x1200.jpg','2qy6d804',408745,'jpg',1,'2014-05-23 10:19:56',NULL,2,0,NULL),(126,3,3,1,'01159_runhome_1920x1200.jpg','shujfv6d',414618,'jpg',1,'2014-05-23 10:19:57',NULL,2,0,NULL),(127,3,3,1,'01097_rockface_1920x1200.jpg','k54uuyde',472726,'jpg',1,'2014-05-23 10:19:57',NULL,2,0,'a:3:{s:5:\"title\";s:4:\"fgfg\";s:11:\"alternative\";s:5:\"fgdfg\";s:4:\"text\";s:17:\"dfgdfg df gdfg df\";}'),(131,3,8,1,'00168_talltalltrees_1920x1200.jpg','tgb2up92',371496,'jpg',1,'2014-05-26 02:11:28',NULL,NULL,0,NULL),(132,3,8,1,'00885_theadventure_1920x1200.jpg','2ss0zhnh',375038,'jpg',1,'2014-05-26 02:11:50',NULL,NULL,0,NULL),(136,3,10,1,'00179_larch_1920x1200.jpg','qmoztlyg',389437,'jpg',1,'2014-05-26 02:16:53',NULL,NULL,0,NULL),(137,3,10,1,'00885_theadventure_1920x1200.jpg','ij8d94os',375038,'jpg',1,'2014-05-26 02:16:55',NULL,NULL,0,NULL),(140,3,12,1,'00179_larch_1920x1200.jpg','xrblqvgf',389437,'jpg',1,'2014-05-26 02:21:37',NULL,NULL,0,NULL),(141,3,12,1,'00179_larch_1920x1200 - Copy.jpg','u4euqv7f',389437,'jpg',1,'2014-05-26 02:21:38',NULL,NULL,0,NULL),(142,3,12,1,'00317_manhattan_1920x1200.jpg','td63zsfu',408745,'jpg',1,'2014-05-26 02:21:38',NULL,NULL,0,NULL),(143,3,13,1,'00885_theadventure_1920x1200.jpg','hl0l4hze',375038,'jpg',1,'2014-05-26 02:22:15',NULL,NULL,0,NULL),(144,3,13,1,'00179_larch_1920x1200 - Copy.jpg','1tj9fgdc',389437,'jpg',1,'2014-05-26 02:22:15',NULL,NULL,0,NULL),(228,3,39,1,'00783_hongkongbynight_1920x1200.jpg','r6j0o91j',298718,'jpg',1,'2014-05-26 04:13:06',NULL,NULL,0,NULL),(229,3,39,1,'00168_talltalltrees_1920x1200.jpg','ztd1xngu',371496,'jpg',1,'2014-05-26 04:13:06',NULL,NULL,0,NULL),(230,3,39,1,'00168_talltalltrees_1920x1200 - Copy.jpg','0cv2jbac',371496,'jpg',1,'2014-05-26 04:13:07',NULL,NULL,0,NULL),(231,3,39,1,'00885_theadventure_1920x1200.jpg','mw2o7cks',375038,'jpg',1,'2014-05-26 04:13:08',NULL,NULL,0,NULL),(232,3,39,1,'00179_larch_1920x1200 - Copy.jpg','5t8l71lt',389437,'jpg',1,'2014-05-26 04:13:08',NULL,NULL,0,NULL),(233,3,40,1,'00168_talltalltrees_1920x1200.jpg','elsft5rr',371496,'jpg',1,'2014-05-26 04:14:33',NULL,NULL,0,NULL),(234,3,40,1,'00885_theadventure_1920x1200.jpg','fk74nn3u',375038,'jpg',1,'2014-05-26 04:14:33',NULL,NULL,0,NULL),(235,3,40,1,'00179_larch_1920x1200 - Copy.jpg','j17jfiz3',389437,'jpg',1,'2014-05-26 04:14:34',NULL,NULL,0,NULL),(236,3,41,1,'00885_theadventure_1920x1200.jpg','symtbeom',375038,'jpg',1,'2014-05-26 04:15:10',NULL,NULL,0,NULL),(237,3,41,1,'00168_talltalltrees_1920x1200.jpg','21j3fpae',371496,'jpg',1,'2014-05-26 04:15:11',NULL,NULL,0,NULL),(238,3,41,1,'00179_larch_1920x1200 - Copy.jpg','ycuam21v',389437,'jpg',1,'2014-05-26 04:15:11',NULL,NULL,0,NULL),(239,3,42,1,'00179_larch_1920x1200 - Copy.jpg','kpmugmlu',389437,'jpg',1,'2014-05-26 04:17:22',NULL,NULL,0,NULL),(240,3,42,1,'00179_larch_1920x1200.jpg','w9bt0651',389437,'jpg',1,'2014-05-26 04:17:23',NULL,NULL,0,NULL),(241,3,42,1,'00317_manhattan_1920x1200.jpg','jkd48z4e',408745,'jpg',1,'2014-05-26 04:17:23',NULL,NULL,0,NULL),(242,3,42,1,'01159_runhome_1920x1200.jpg','ab01nztl',414618,'jpg',1,'2014-05-26 04:17:24',NULL,NULL,0,NULL),(243,3,43,1,'00179_larch_1920x1200 - Copy.jpg','85yak8px',389437,'jpg',1,'2014-05-26 04:17:58',NULL,NULL,0,NULL),(244,3,43,1,'00179_larch_1920x1200.jpg','066r2cgo',389437,'jpg',1,'2014-05-26 04:17:59',NULL,NULL,0,NULL),(245,3,43,1,'00317_manhattan_1920x1200.jpg','626i49ck',408745,'jpg',1,'2014-05-26 04:18:00',NULL,NULL,0,NULL),(246,3,43,1,'01159_runhome_1920x1200.jpg','dru8g80r',414618,'jpg',1,'2014-05-26 04:18:01',NULL,NULL,0,NULL),(247,3,44,1,'00179_larch_1920x1200 - Copy.jpg','zj2uugpp',389437,'jpg',1,'2014-05-26 04:19:38',NULL,NULL,0,NULL),(248,3,44,1,'00885_theadventure_1920x1200.jpg','lmv3ggmp',375038,'jpg',1,'2014-05-26 04:19:39',NULL,NULL,0,NULL),(249,3,44,1,'00179_larch_1920x1200.jpg','j4h8zr7u',389437,'jpg',1,'2014-05-26 04:19:39',NULL,NULL,0,NULL),(250,3,44,1,'00168_talltalltrees_1920x1200.jpg','q03ehgrg',371496,'jpg',1,'2014-05-26 04:22:29',NULL,NULL,0,NULL),(251,3,44,1,'01097_rockface_1920x1200.jpg','krhmv5wx',472726,'jpg',1,'2014-05-26 04:22:45',NULL,NULL,0,NULL),(252,3,45,1,'00885_theadventure_1920x1200.jpg','918dn9z7',375038,'jpg',1,'2014-05-26 04:24:01',NULL,NULL,0,NULL),(253,3,45,1,'00168_talltalltrees_1920x1200.jpg','a3fxytoe',371496,'jpg',1,'2014-05-26 04:24:02',NULL,NULL,0,NULL),(254,3,45,1,'00179_larch_1920x1200 - Copy.jpg','ovp6nyel',389437,'jpg',1,'2014-05-26 04:24:02',NULL,NULL,0,NULL),(255,3,45,1,'00179_larch_1920x1200.jpg','obn18q28',389437,'jpg',1,'2014-05-26 04:24:03',NULL,NULL,0,NULL),(256,3,45,1,'00317_manhattan_1920x1200.jpg','gbsjaxzl',408745,'jpg',1,'2014-05-26 04:24:04',NULL,NULL,0,NULL),(257,3,45,1,'00317_manhattan_1920x1200.jpg','wnr5x246',408745,'jpg',1,'2014-05-26 04:24:26',NULL,NULL,0,NULL),(258,3,46,1,'00168_talltalltrees_1920x1200 - Copy.jpg','80tur639',371496,'jpg',1,'2014-05-26 04:25:01',NULL,NULL,0,NULL),(259,3,46,1,'00885_theadventure_1920x1200.jpg','naqg9zap',375038,'jpg',1,'2014-05-26 04:25:01',NULL,NULL,0,NULL),(260,3,46,1,'00168_talltalltrees_1920x1200.jpg','a4s1lr31',371496,'jpg',1,'2014-05-26 04:25:02',NULL,NULL,0,NULL),(261,3,47,1,'00179_larch_1920x1200.jpg','af6hvix1',389437,'jpg',1,'2014-05-26 04:26:56',NULL,NULL,0,NULL),(262,3,47,1,'01159_runhome_1920x1200.jpg','p90r00e2',414618,'jpg',1,'2014-05-26 04:26:56',NULL,NULL,0,NULL),(263,3,47,1,'00317_manhattan_1920x1200.jpg','9fsx94nd',408745,'jpg',1,'2014-05-26 04:26:57',NULL,NULL,0,NULL),(264,3,48,1,'00885_theadventure_1920x1200.jpg','dmxwwqh0',375038,'jpg',1,'2014-05-26 04:27:37',NULL,NULL,0,NULL),(265,3,48,1,'00885_theadventure_1920x1200.jpg','7hg92arn',375038,'jpg',1,'2014-05-26 04:27:42',NULL,NULL,0,NULL),(266,3,48,1,'00199_africanlandscape_1920x1200.jpg','0r7ngrr3',505799,'jpg',1,'2014-05-26 04:27:48',NULL,NULL,0,NULL),(267,3,49,1,'00885_theadventure_1920x1200.jpg','qk64ciq4',375038,'jpg',1,'2014-05-26 04:34:50',NULL,NULL,0,NULL),(268,3,49,1,'00179_larch_1920x1200 - Copy.jpg','dcvmo3sk',389437,'jpg',1,'2014-05-26 04:34:50',NULL,NULL,0,NULL),(269,3,49,1,'00179_larch_1920x1200.jpg','t1bi2ftc',389437,'jpg',1,'2014-05-26 04:35:14',NULL,NULL,0,NULL),(270,3,49,1,'00179_larch_1920x1200 - Copy.jpg','39ea7u9j',389437,'jpg',1,'2014-05-26 04:35:14',NULL,NULL,0,NULL),(271,3,49,1,'00317_manhattan_1920x1200.jpg','ujltjjrf',408745,'jpg',1,'2014-05-26 04:35:15',NULL,NULL,0,NULL),(272,3,50,1,'00168_talltalltrees_1920x1200 - Copy.jpg','cuz2b9bc',371496,'jpg',1,'2014-05-26 04:37:58',NULL,NULL,0,NULL),(273,3,50,1,'00168_talltalltrees_1920x1200.jpg','tlob2ckx',371496,'jpg',1,'2014-05-26 04:37:58',NULL,NULL,0,NULL),(274,3,50,1,'00885_theadventure_1920x1200.jpg','o6pgvxbi',375038,'jpg',1,'2014-05-26 04:37:59',NULL,NULL,0,NULL),(275,3,50,1,'00179_larch_1920x1200 - Copy.jpg','nlp0jppb',389437,'jpg',1,'2014-05-26 04:38:00',NULL,NULL,0,NULL),(276,3,50,1,'00179_larch_1920x1200.jpg','hv515gkw',389437,'jpg',1,'2014-05-26 04:38:00',NULL,NULL,0,NULL),(277,3,50,1,'00317_manhattan_1920x1200.jpg','d3rfgwtc',408745,'jpg',1,'2014-05-26 04:38:01',NULL,NULL,0,NULL),(278,3,51,1,'00179_larch_1920x1200 - Copy.jpg','z541yr1f',389437,'jpg',1,'2014-05-26 04:38:45',NULL,NULL,0,NULL),(279,3,51,1,'00179_larch_1920x1200.jpg','qile74fu',389437,'jpg',1,'2014-05-26 04:38:46',NULL,NULL,0,NULL),(280,3,51,1,'00885_theadventure_1920x1200.jpg','qeqmuhdv',375038,'jpg',1,'2014-05-26 04:38:46',NULL,NULL,0,NULL),(281,3,51,1,'00317_manhattan_1920x1200.jpg','11dbz9gy',408745,'jpg',1,'2014-05-26 04:38:47',NULL,NULL,0,NULL),(282,3,51,1,'01159_runhome_1920x1200.jpg','b0irg80t',414618,'jpg',1,'2014-05-26 04:38:48',NULL,NULL,0,NULL),(283,3,52,1,'00179_larch_1920x1200.jpg','6h3t81x0',389437,'jpg',1,'2014-05-26 04:41:07',NULL,NULL,0,NULL),(284,3,52,1,'00885_theadventure_1920x1200.jpg','m97uzcz8',375038,'jpg',1,'2014-05-26 04:41:07',NULL,NULL,0,NULL),(285,3,52,1,'00179_larch_1920x1200 - Copy.jpg','p1fvp4xj',389437,'jpg',1,'2014-05-26 04:41:08',NULL,NULL,0,NULL),(286,3,53,1,'00168_talltalltrees_1920x1200.jpg','cktnu6zi',371496,'jpg',1,'2014-05-26 04:42:38',NULL,NULL,0,NULL),(287,3,53,1,'00885_theadventure_1920x1200.jpg','8b5vo1j3',375038,'jpg',1,'2014-05-26 04:42:39',NULL,NULL,0,NULL),(288,3,53,1,'00179_larch_1920x1200 - Copy.jpg','8tbnwr49',389437,'jpg',1,'2014-05-26 04:42:39',NULL,NULL,0,NULL),(289,3,53,1,'00179_larch_1920x1200.jpg','g1t12bgb',389437,'jpg',1,'2014-05-26 04:42:40',NULL,NULL,0,NULL),(290,3,53,1,'00317_manhattan_1920x1200.jpg','c2s616m5',408745,'jpg',1,'2014-05-26 04:42:41',NULL,NULL,0,NULL),(291,3,55,1,'00168_talltalltrees_1920x1200.jpg','i64mrkr6',371496,'jpg',1,'2014-05-26 04:49:41',NULL,NULL,0,NULL),(292,3,55,1,'00885_theadventure_1920x1200.jpg','dn2zgf8a',375038,'jpg',1,'2014-05-26 04:49:43',NULL,NULL,0,NULL),(293,3,55,1,'00179_larch_1920x1200 - Copy.jpg','qgg4may0',389437,'jpg',1,'2014-05-26 04:49:45',NULL,NULL,0,NULL),(294,3,56,1,'00179_larch_1920x1200.jpg','ujnhzdhl',389437,'jpg',1,'2014-05-26 04:53:16',NULL,NULL,0,NULL),(295,3,56,1,'00317_manhattan_1920x1200.jpg','9d3cg0gc',408745,'jpg',1,'2014-05-26 04:53:17',NULL,NULL,0,NULL),(296,3,56,1,'01159_runhome_1920x1200.jpg','1375mkse',414618,'jpg',1,'2014-05-26 04:53:17',NULL,NULL,0,NULL),(297,3,56,1,'01097_rockface_1920x1200.jpg','a72x4j2n',472726,'jpg',1,'2014-05-26 04:53:18',NULL,NULL,0,NULL),(309,3,59,1,'00179_larch_1920x1200.jpg','f97neyjv',389437,'jpg',1,'2014-05-26 05:04:35',NULL,NULL,0,NULL),(310,3,59,1,'00317_manhattan_1920x1200.jpg','9ixjafaq',408745,'jpg',1,'2014-05-26 05:04:36',NULL,NULL,0,NULL),(311,3,59,1,'01159_runhome_1920x1200.jpg','aonrhikf',414618,'jpg',1,'2014-05-26 05:04:37',NULL,NULL,0,NULL),(312,3,59,1,'01097_rockface_1920x1200.jpg','b3pj4zsq',472726,'jpg',1,'2014-05-26 05:04:37',NULL,NULL,0,NULL),(313,3,60,1,'00179_larch_1920x1200 - Copy.jpg','br7onveq',389437,'jpg',1,'2014-05-26 05:05:22',NULL,NULL,0,NULL),(314,3,61,1,'00168_talltalltrees_1920x1200.jpg','qt2yhgp2',371496,'jpg',1,'2014-05-26 05:11:23',NULL,NULL,0,NULL),(315,3,61,1,'00885_theadventure_1920x1200.jpg','njxhr75d',375038,'jpg',1,'2014-05-26 05:11:24',NULL,NULL,0,NULL),(316,3,61,1,'00179_larch_1920x1200 - Copy.jpg','ol5qcch7',389437,'jpg',1,'2014-05-26 05:11:24',NULL,NULL,0,NULL),(317,3,61,1,'00179_larch_1920x1200.jpg','sff7j7e8',389437,'jpg',1,'2014-05-26 05:11:25',NULL,NULL,0,NULL),(318,3,61,1,'00317_manhattan_1920x1200.jpg','tadt7ftq',408745,'jpg',1,'2014-05-26 05:11:25',NULL,NULL,0,NULL),(319,3,61,1,'01159_runhome_1920x1200.jpg','3rxyy5sz',414618,'jpg',1,'2014-05-26 05:11:26',NULL,NULL,0,NULL),(320,3,62,1,'00317_manhattan_1920x1200.jpg','s39cejwa',408745,'jpg',1,'2014-05-26 05:11:50',NULL,NULL,0,NULL),(326,3,64,1,'00179_larch_1920x1200 - Copy.jpg','fvp1svxu',389437,'jpg',1,'2014-05-26 05:14:55',NULL,NULL,0,NULL),(327,3,64,1,'00179_larch_1920x1200.jpg','a4kd2yp8',389437,'jpg',1,'2014-05-26 05:14:55',NULL,NULL,0,NULL),(328,3,64,1,'00317_manhattan_1920x1200.jpg','i3oulicu',408745,'jpg',1,'2014-05-26 05:14:56',NULL,NULL,0,NULL),(348,3,69,1,'00317_manhattan_1920x1200.jpg','twczs260',408745,'jpg',1,'2014-05-26 06:32:34',NULL,NULL,0,NULL),(349,3,70,1,'01159_runhome_1920x1200.jpg','tagiy7rh',414618,'jpg',1,'2014-05-26 06:32:50',NULL,NULL,0,NULL),(350,3,70,1,'00179_larch_1920x1200 - Copy.jpg','li66bb4r',389437,'jpg',1,'2014-05-26 06:34:04',NULL,NULL,0,NULL),(365,3,73,1,'00168_talltalltrees_1920x1200.jpg','bsw71w0l',371496,'jpg',1,'2014-05-26 07:18:13',NULL,NULL,0,NULL),(366,3,73,1,'00168_talltalltrees_1920x1200 - Copy.jpg','suy6ji8t',371496,'jpg',1,'2014-05-26 07:18:13',NULL,NULL,0,NULL),(367,3,73,1,'00783_hongkongbynight_1920x1200.jpg','v5vhc38z',298718,'jpg',1,'2014-05-26 07:18:14',NULL,NULL,0,NULL),(368,3,73,1,'00885_theadventure_1920x1200.jpg','c888q6xi',375038,'jpg',1,'2014-05-26 07:18:15',NULL,NULL,0,NULL),(369,3,73,1,'00179_larch_1920x1200 - Copy.jpg','otv9q9yh',389437,'jpg',1,'2014-05-26 07:18:16',NULL,NULL,0,NULL),(370,3,73,1,'00179_larch_1920x1200.jpg','icvzjsby',389437,'jpg',1,'2014-05-26 07:18:16',NULL,NULL,0,NULL),(371,3,73,1,'00317_manhattan_1920x1200.jpg','7kbzk9ml',408745,'jpg',1,'2014-05-26 07:18:17',NULL,NULL,0,NULL),(372,3,73,1,'01159_runhome_1920x1200.jpg','18yoqbge',414618,'jpg',1,'2014-05-26 07:18:18',NULL,NULL,0,NULL),(373,3,73,1,'01097_rockface_1920x1200.jpg','1o10g0wz',472726,'jpg',1,'2014-05-26 07:18:19',NULL,NULL,0,NULL),(374,3,73,1,'00199_africanlandscape_1920x1200.jpg','012rgqa8',505799,'jpg',1,'2014-05-26 07:18:20',NULL,NULL,0,NULL),(375,3,73,1,'01061_windshapedmountainpine_1920x1200.jpg','gro62ef1',631634,'jpg',1,'2014-05-26 07:18:20',NULL,NULL,0,NULL),(392,3,75,1,'00808_drywood_1920x1200.jpg','gxycq9aj',910041,'jpg',1,'2014-06-05 03:17:47',NULL,NULL,0,NULL),(393,3,75,1,'01262_chioscatinbarn_1920x1200.jpg','kq5gw87h',936876,'jpg',1,'2014-06-05 03:17:48',NULL,NULL,0,NULL),(395,3,75,1,'00987_sacrecoeur_1920x1200.jpg','7afqq2b5',952540,'jpg',1,'2014-06-05 03:17:51',NULL,NULL,0,NULL),(396,3,75,1,'01396_hongkongnightshotvictoriahabour_1920x1200.jpg','t2gxjusb',999658,'jpg',1,'2014-06-05 03:17:52',NULL,NULL,0,NULL),(397,3,75,1,'00883_beforebread_1920x1200.jpg','260qn0ng',1070345,'jpg',1,'2014-06-05 03:17:53',NULL,NULL,0,NULL),(398,3,75,1,'00887_antelopeislandatsunset_1920x1200.jpg','t3if6gjb',1212571,'jpg',1,'2014-06-05 03:17:54',NULL,NULL,0,NULL),(399,3,75,1,'01424_lightfromtheleftturn_1920x1200.jpg','pa0lxxg0',1832268,'jpg',1,'2014-06-05 03:17:56',NULL,NULL,0,NULL),(993,52,91,2,'im578x383-_1.jpg','bqzkpdsk',139044,'jpg',1,'2014-07-02 02:14:17',NULL,NULL,0,NULL),(995,52,92,2,'im578x383-cover.jpg','447u2jba',51075,'jpg',1,'2014-07-02 02:26:01',NULL,NULL,0,NULL),(1004,52,93,2,'01262_chioscatinbarn_1920x1200.jpg','m5a7489j',936876,'jpg',1,'2014-07-02 02:47:12',NULL,NULL,0,NULL),(1005,52,94,2,'im578x383-cover.jpg','9icsywk1',51075,'jpg',1,'2014-07-02 03:24:41',NULL,NULL,0,NULL),(1008,52,95,2,'im578x383-cover.jpg','gfulals3',51075,'jpg',1,'2014-07-02 03:48:25',NULL,NULL,0,NULL),(1011,52,96,2,'im578x383-cover.jpg','gh32043n',51075,'jpg',1,'2014-07-02 04:13:28',NULL,NULL,0,NULL),(1014,52,97,2,'00317_manhattan_1920x1200.jpg','vb9pd5gb',408745,'jpg',1,'2014-07-02 04:37:54',NULL,NULL,0,NULL),(1017,52,98,2,'01097_rockface_1920x1200.jpg','0xtdou0d',472726,'jpg',1,'2014-07-02 04:40:50',NULL,NULL,0,NULL),(1025,52,99,2,'im578x383-cover.jpg','mc7caxpf',51075,'jpg',1,'2014-07-02 04:48:16',NULL,NULL,0,NULL),(1028,52,102,2,'00168_talltalltrees_1920x1200.jpg','x69pdnam',371496,'jpg',1,'2014-07-02 04:51:32',NULL,NULL,0,NULL),(1513,52,103,2,'pdf319458-5.jpg','4tasj5hf',132080,'jpg',1,'2014-07-03 01:45:16',NULL,NULL,0,NULL),(1520,52,104,2,'pdf483306-5.jpg','9uqrzovd',132080,'jpg',1,'2014-07-03 01:47:48',NULL,NULL,0,NULL),(1527,52,105,2,'pdf287628-5.jpg','wsi9kzmp',132080,'jpg',1,'2014-07-03 01:48:47',NULL,NULL,0,NULL),(1528,52,106,2,'00783_hongkongbynight_1920x1200.jpg','m183hp11',298718,'jpg',1,'2014-07-03 01:52:21',NULL,NULL,0,NULL),(1535,52,107,2,'pdf194702-5.jpg','ycpo3yt9',132080,'jpg',1,'2014-07-03 01:52:39',NULL,NULL,0,NULL),(1536,52,108,2,'R_01097_rockface_1920x1200.jpg','dkh95yup',650777,'jpg',1,'2014-07-03 02:04:35',NULL,NULL,0,NULL),(1543,52,109,2,'pdf556945-5.jpg','mwbxd0is',132080,'jpg',1,'2014-07-03 02:05:35',NULL,NULL,0,NULL),(1553,3,75,1,'00525_sciacca_1920x1200.jpg','roa3vlay',829086,'jpg',1,'2014-07-04 02:19:09',NULL,NULL,0,NULL),(1554,3,75,1,'00837_beforethunder_1920x1200.jpg','yz8a4h3p',748930,'jpg',1,'2014-07-04 02:19:34',NULL,NULL,0,NULL),(1573,51,51,3,'00987_sacrecoeur_1920x1200.jpg','wq1kfasz',952540,'jpg',1,'2014-07-04 08:49:42','a:4:{s:1:\"x\";s:2:\"98\";s:1:\"y\";s:2:\"22\";s:2:\"x2\";i:133;s:2:\"y2\";i:57;}',NULL,0,NULL),(1574,52,52,3,'00168_talltalltrees_1920x1200 - Copy.jpg','wucwfdqo',371496,'jpg',1,'2014-07-08 06:57:49',NULL,NULL,0,NULL),(1575,52,14,4,'01181_tampabaywaterandskyline_1920x1200.jpg','d2cypip0',781009,'jpg',1,'2014-07-11 07:29:38',NULL,NULL,0,NULL),(1576,52,14,4,'00992_germanlandscape_1920x1200.jpg','i0ucuwsx',798519,'jpg',1,'2014-07-11 07:31:22',NULL,NULL,0,NULL),(1577,52,14,4,'00987_sacrecoeur_1920x1200.jpg','uw0ixe8h',952540,'jpg',1,'2014-07-11 07:35:21',NULL,NULL,0,NULL),(1578,52,14,5,'00253_naraforest_1920x1200.jpg','yblay9cw',863018,'jpg',1,'2014-07-11 07:54:51',NULL,NULL,0,NULL),(1581,52,29,4,'00589_brooklynbridge_1920x1200.jpg','wxtas1ru',258663,'jpg',1,'2014-07-11 08:26:04',NULL,NULL,0,NULL),(1583,52,29,5,'00631_snowman_1920x1200.jpg','n8sflbzk',742231,'jpg',1,'2014-07-11 08:27:19',NULL,NULL,0,NULL),(1584,52,114,2,'01153_gouganebarra_1920x1200.jpg','2iuzhdhp',839730,'jpg',1,'2014-07-11 08:48:16',NULL,NULL,0,NULL),(1585,52,115,2,'report 05.16.2014.pdf','oigh4b6q',120144,'pdf',0,'2014-07-11 08:48:54',NULL,NULL,0,NULL),(1590,52,115,2,'pdf794372-4.jpg','dvzj4ocx',161215,'jpg',1,'2014-07-11 08:48:58',NULL,NULL,0,NULL),(1599,52,116,2,'fullhd.jpg','1ac2fbtv',977010,'jpg',1,'2014-07-11 08:50:04',NULL,NULL,0,NULL),(1601,52,122,2,'00253_naraforest_1920x1200.jpg','jg8jm3dl',863018,'jpg',1,'2014-07-11 09:49:37',NULL,NULL,0,NULL),(1602,52,124,2,'01153_gouganebarra_1920x1200.jpg','7mgig4l5',839730,'jpg',1,'2014-07-11 09:51:28',NULL,NULL,0,NULL),(1605,53,11,4,'00883_beforebread_1920x1200.jpg','95ove6j7',1070345,'jpg',1,'2014-07-14 10:07:58',NULL,NULL,0,NULL),(1608,52,152,2,'01153_gouganebarra_1920x1200.jpg','o67hasgg',839730,'jpg',1,'2014-07-15 02:48:37',NULL,NULL,0,NULL),(1620,52,153,2,'00631_snowman_1920x1200.jpg','1wlb1o66',742231,'jpg',1,'2014-07-15 03:02:38',NULL,NULL,0,NULL),(1621,52,154,2,'00992_germanlandscape_1920x1200.jpg','3huuonry',798519,'jpg',1,'2014-07-15 03:07:51',NULL,NULL,0,NULL),(1622,52,159,2,'01153_gouganebarra_1920x1200.jpg','o1zd5gpr',839730,'jpg',1,'2014-07-15 03:12:31',NULL,NULL,0,NULL),(1624,52,161,2,'2.pdf','kqn0hmh4',21516,'pdf',0,'2014-07-15 03:14:25',NULL,NULL,0,NULL),(1625,52,161,2,'pdf452392-0.jpg','h5i41f99',196135,'jpg',1,'2014-07-15 03:14:28',NULL,NULL,0,NULL),(1682,52,163,2,'01153_gouganebarra_1920x1200.jpg','c1l1k6i4',839730,'jpg',1,'2014-07-15 04:05:10',NULL,NULL,0,NULL),(1685,52,165,2,'ghp_international_3_150x150_v1.png','5lbtrdnc',9012,'png',1,'2014-07-15 04:16:11',NULL,NULL,0,NULL),(1690,52,166,2,'00972_outwiththelioninwiththelamb_1920x1200.jpg','2q3r350t',801397,'jpg',1,'2014-07-15 05:07:57',NULL,NULL,0,NULL),(1692,52,167,2,'pdf208312-0.jpg','2c68s2he',196135,'jpg',1,'2014-07-15 05:10:43',NULL,NULL,0,NULL),(1694,52,167,2,'2.pdf','tybhaqx2',21516,'pdf',0,'2014-07-15 05:13:11',NULL,NULL,0,NULL),(1700,52,168,2,'2.pdf','00zzxkmb',21516,'pdf',0,'2014-07-15 05:14:17',NULL,NULL,0,NULL),(1702,51,38,5,'01153_gouganebarra_1920x1200.jpg','rx9rkhpc',839730,'jpg',1,'2014-07-24 05:05:46','a:4:{s:1:\"x\";s:1:\"0\";s:1:\"y\";s:2:\"34\";s:2:\"x2\";i:528;s:2:\"y2\";i:257;}',NULL,0,NULL),(1704,51,189,2,'00525_sciacca_1920x1200.jpg','aib679y7',829086,'jpg',1,'2014-07-24 05:09:39',NULL,NULL,0,NULL),(1708,51,3,7,'01153_gouganebarra_1920x1200.jpg','k0mxcdch',839730,'jpg',1,'2014-07-25 03:55:18','a:4:{s:1:\"x\";s:3:\"108\";s:1:\"y\";s:2:\"80\";s:2:\"x2\";i:409;s:2:\"y2\";i:207;}',NULL,0,NULL),(1709,51,3,6,'00179_larch_1920x1200 - Copy.jpg','7ly7ppjh',389437,'jpg',1,'2014-07-25 04:15:33',NULL,NULL,0,NULL),(1710,51,3,6,'01396_hongkongnightshotvictoriahabour_1920x1200.jpg','sdt4n9o6',999658,'jpg',1,'2014-07-25 04:15:37','a:4:{s:1:\"x\";s:1:\"0\";s:1:\"y\";s:1:\"0\";s:2:\"x2\";i:330;s:2:\"y2\";i:330;}',NULL,0,NULL),(1711,51,5,6,'01262_chioscatinbarn_1920x1200.jpg','ckzzwm97',936876,'jpg',1,'2014-07-25 04:16:05',NULL,NULL,0,NULL),(1712,51,5,7,'00631_snowman_1920x1200.jpg','dlhwn3ef',742231,'jpg',1,'2014-07-25 04:16:08',NULL,NULL,0,NULL),(1713,51,5,7,'01208_countyfair_1920x1200.jpg','ehi2p99h',651018,'jpg',1,'2014-07-25 04:16:11',NULL,NULL,0,NULL),(1714,51,6,6,'00525_sciacca_1920x1200.jpg','rl5cxgee',829086,'jpg',1,'2014-07-25 04:17:46',NULL,NULL,0,NULL),(1715,51,6,7,'01364_saskatchewansonlytrees_1920x1200.jpg','ug133wop',690289,'jpg',1,'2014-07-25 04:17:48',NULL,NULL,0,NULL),(1716,51,196,2,'00589_brooklynbridge_1920x1200.jpg','ek5x0vfs',258663,'jpg',1,'2014-07-30 08:33:32',NULL,NULL,0,NULL),(1758,51,197,2,'00631_snowman_1920x1200.jpg','w55zrez4',742231,'jpg',1,'2014-07-30 09:30:03',NULL,NULL,0,NULL),(1768,51,202,2,'fblogo.png','biumw143',68865,'png',1,'2014-07-31 02:41:06',NULL,NULL,0,NULL),(1855,52,1,8,'3.docx','ncxkpxfn',78626,'docx',0,'2014-09-03 06:37:22',NULL,NULL,0,NULL),(1856,52,1,8,'2.docx','hplbiz3k',11983,'docx',0,'2014-09-03 06:37:22',NULL,NULL,0,NULL),(1857,52,1,8,'2.pdf','9r5w4uh2',21516,'pdf',0,'2014-09-03 06:37:22',NULL,NULL,0,NULL),(1858,52,1,8,'4.doc','adxzq87q',121856,'doc',0,'2014-09-03 06:37:22',NULL,NULL,0,NULL),(1862,51,9,9,'00253_naraforest_1920x1200.jpg','w99ch6oj',863018,'jpg',1,'2014-09-08 08:49:55','a:4:{s:1:\"x\";s:3:\"380\";s:1:\"y\";s:2:\"46\";s:2:\"x2\";i:522;s:2:\"y2\";i:188;}',NULL,0,NULL),(1863,51,9,10,'01061_windshapedmountainpine_1920x1200.jpg','slei4z2y',631634,'jpg',1,'2014-09-08 09:32:51',NULL,NULL,0,NULL),(1874,51,10,10,'00525_sciacca_1920x1200.jpg','wo5hg3s6',829086,'jpg',1,'2014-09-08 11:41:57','a:4:{s:1:\"x\";s:2:\"81\";s:1:\"y\";s:3:\"150\";s:2:\"x2\";i:465;s:2:\"y2\";i:312;}',NULL,0,NULL),(1875,51,10,9,'Weird-pictures-art-pictures-Igor-Morski.jpg','h57j70cg',157754,'jpg',1,'2014-09-08 11:41:59',NULL,NULL,0,NULL),(1876,51,304,2,'01396_hongkongnightshotvictoriahabour_1920x1200.jpg','01r7er4o',999658,'jpg',1,'2014-09-09 04:01:17',NULL,NULL,0,NULL),(1877,51,10,9,'01396_hongkongnightshotvictoriahabour_1920x1200.jpg','1bzc9gwe',999658,'jpg',1,'2014-09-12 07:31:57',NULL,NULL,0,NULL),(1878,53,16,9,'01396_hongkongnightshotvictoriahabour_1920x1200.jpg','l8h2h53o',999658,'jpg',1,'2014-09-15 07:55:00',NULL,NULL,0,NULL),(1879,53,16,10,'01061_windshapedmountainpine_1920x1200.jpg','8e5xi7mx',631634,'jpg',1,'2014-09-15 07:55:10',NULL,NULL,0,NULL),(1880,3,77,1,'01262_chioscatinbarn_1920x1200.jpg','mjk125iv',936876,'jpg',1,'2014-09-25 05:01:13',NULL,NULL,0,NULL),(1887,3,78,1,'01310_woodsinthewindow_1920x1200.jpg','qy85ln1s',911344,'jpg',1,'2014-09-25 09:48:39',NULL,NULL,0,NULL),(1888,3,78,1,'01208_countyfair_1920x1200.jpg','4blq9ltn',651018,'jpg',1,'2014-09-25 09:48:43',NULL,NULL,0,NULL),(1889,3,78,1,'01181_tampabaywaterandskyline_1920x1200.jpg','qidurevf',781009,'jpg',1,'2014-09-25 09:48:44',NULL,NULL,0,NULL),(1890,3,78,1,'01262_chioscatinbarn_1920x1200.jpg','zi1akcwd',936876,'jpg',1,'2014-09-25 09:48:45',NULL,NULL,0,NULL),(1891,3,78,1,'01159_runhome_1920x1200.jpg','sq5tq787',414618,'jpg',1,'2014-09-25 09:48:46',NULL,NULL,0,NULL),(1892,3,1,1,'01310_woodsinthewindow_1920x1200.jpg','zwvqqs7f',911344,'jpg',1,'2014-09-25 10:09:09',NULL,NULL,0,NULL),(1893,3,79,1,'01310_woodsinthewindow_1920x1200.jpg','aljwx753',911344,'jpg',1,'2014-09-25 10:09:30',NULL,NULL,0,'a:3:{s:5:\"title\";s:4:\"asas\";s:11:\"alternative\";s:7:\"asasasa\";s:4:\"text\";s:13:\"sasasasasasas\";}'),(1894,3,79,1,'01288_esontown_1920x1200.jpg','96ch01pu',650595,'jpg',1,'2014-09-25 10:09:33',NULL,NULL,0,NULL),(1978,51,388,2,'chi-ctu-karen-lewis-being-evaluated-at-hospital-20141006','dyv6c7vf',57221,'jpg',1,'2014-10-15 07:04:09',NULL,NULL,0,NULL),(1981,51,389,2,'og.png','vxqaaagk',54587,'png',1,'2014-10-15 07:05:20',NULL,NULL,0,NULL),(1983,52,1,8,'01288_esontown_1920x1200.jpg','vn3tz9xg',650595,'jpg',1,'2014-10-15 09:47:12',NULL,NULL,0,NULL),(1984,52,1,8,'01310_woodsinthewindow_1920x1200.jpg','98zxrphg',911344,'jpg',1,'2014-10-15 09:47:16',NULL,NULL,0,NULL),(1985,51,392,2,'P_20141015_103155.jpg','m6xv4lku',1289350,'jpg',1,'2014-10-17 08:41:53',NULL,NULL,0,NULL);

/*Data for the table `galleries` */

insert  into `galleries`(`id`,`page_id`,`name`,`enable_watermark`,`watermark_text`,`watermark_type`,`paid_download`,`large_image_price`,`big_image_price`,`small_image_price`,`album_price`) values (75,29,'',0,'','',0,0,0,0,0),(76,NULL,'',0,'','',0,0,0,0,0),(77,20,'',0,'','',0,0,0,0,0),(78,21,'',0,'','',0,0,0,0,0),(79,22,'',0,'','',0,0,0,0,0);

/*Data for the table `galleries_items` */

insert  into `galleries_items`(`gallery_id`,`file_id`,`position`) values (75,392,5),(75,393,7),(75,395,6),(75,396,4),(75,397,3),(75,398,2),(75,399,1),(75,1553,0),(75,1554,0),(77,1880,0),(78,1887,0),(78,1888,0),(78,1889,0),(78,1890,0),(78,1891,0),(79,1893,0),(79,1894,0);

/*Data for the table `galleries_items_info` */

/*Data for the table `group_discussion_follow` */

insert  into `group_discussion_follow`(`post_id`,`group_id`,`user_id`,`createDate`) values (225,3,51,'2014-09-15 11:02:50'),(270,3,51,'2014-08-05 09:15:55'),(272,3,51,'2014-08-05 08:37:23');

/*Data for the table `group_members` */

insert  into `group_members`(`user_id`,`group_id`,`createDate`,`memberType`,`isApproved`) values (51,3,'2014-07-24 07:29:32',2,1),(51,4,'2014-10-06 09:13:30',1,0),(51,6,'2014-08-05 07:17:45',1,0),(51,7,'2014-08-05 05:14:31',1,1),(51,8,'2014-08-05 05:14:32',1,1),(51,9,'2014-10-06 07:56:57',2,1),(51,10,'2014-10-06 07:59:49',2,1),(51,11,'2014-10-06 08:00:48',2,1),(52,3,'2014-08-13 04:39:09',1,1),(52,4,'2014-07-25 02:34:07',2,1),(52,6,'2014-08-04 07:37:50',1,1),(52,8,'2014-07-25 06:54:47',2,1),(53,3,'2014-10-06 06:55:11',1,1),(53,4,'2014-07-30 04:22:31',1,1),(53,6,'2014-07-28 07:57:00',2,1),(53,7,'2014-07-25 06:33:46',2,1),(53,8,'2014-07-30 04:22:32',1,1),(59,3,'2014-09-16 10:41:43',1,1);

/*Data for the table `groups` */

insert  into `groups`(`id`,`createDate`,`user_id`,`name`,`descriptionShort`,`description`,`website`,`ownerEmail`,`accessType`,`discussionControlType`,`avaToken`,`coverToken`,`members`,`countDiscussions`,`isAgree`) values (3,'2014-07-24 07:29:32',51,'My group','Etiam eu nulla ac nulla laoreet pulvinar non ut massa. Ut luctus ipsum eu dui mollis varius. In sed velit rutrum, tempor nunc vitae, feugiat tellus. Curabitur orci orci, porttitor at libero sit amet, hendrerit semper orci.','Lorem ipsum dolor sit amet, consectetur adipiscing elit. Nulla sit amet quam bibendum mauris hendrerit lacinia. Etiam aliquet hendrerit ante eget scelerisque. Quisque in laoreet mauris. Praesent a tincidunt erat, aliquam pellentesque tellus. Sed in est eu augue mattis pulvinar. Integer tincidunt in felis quis mattis. Fusce non bibendum magna. Lorem ipsum dolor sit amet, consectetur adipiscing elit. Cum sociis natoque penatibus et magnis dis parturient montes, nascetur ridiculus mus. Vestibulum ut convallis elit. Etiam in elit ut orci molestie facilisis. Donec et ultricies turpis, vel luctus mauris. Morbi malesuada diam quis eleifend fringilla. Suspendisse sed viverra urna. Integer venenatis massa sed augue tempus, at pretium nibh aliquet. Lorem ipsum dolor sit amet, consectetur adipiscing elit.\r\n\r\nEtiam eu nulla ac nulla laoreet pulvinar non ut massa. Ut luctus ipsum eu dui mollis varius. In sed velit rutrum, tempor nunc vitae, feugiat tellus. Curabitur orci orci, porttitor at libero sit amet, hendrerit semper orci. Aenean ac diam feugiat justo ornare luctus. Nulla sodales risus ante, eget ullamcorper quam consectetur id. Aliquam velit tellus, ultrices vitae cursus quis, elementum at urna. Proin imperdiet diam et ante porta cursus. Lorem ipsum dolor sit amet, consectetur adipiscing elit. Vestibulum erat ligula, feugiat sit amet dapibus sed, tristique sit amet augue. Aliquam vitae lacus tortor.','http://mekooshar.ukietech.net/groups/9/','mekooshar@meko.com',2,2,'sdt4n9o6','k0mxcdch',4,50,1),(4,'2014-07-25 02:34:07',52,'uiouiouio','gdsfg sdfg',' sdfg sdfg sdfg sdf','','',2,1,NULL,NULL,2,0,1),(6,'2014-07-25 04:16:45',53,'Test','Lorem ipsum dolor sit amet, consectetur adipiscing elit. Nulla sit amet quam bibendum mauris hendrerit lacinia. Etiam aliquet hendrerit ante eget scelerisque. Quisque in laoreet mauris. Praesent a tincidunt erat, aliquam pellentesque tellus.','Lorem ipsum dolor sit amet, consectetur adipiscing elit. Nulla sit amet quam bibendum mauris hendrerit lacinia. Etiam aliquet hendrerit ante eget scelerisque. Quisque in laoreet mauris. Praesent a tincidunt erat, aliquam pellentesque tellus. Sed in est eu augue mattis pulvinar. Integer tincidunt in felis quis mattis. Fusce non bibendum magna. Lorem ipsum dolor sit amet, consectetur adipiscing elit. Cum sociis natoque penatibus et magnis dis parturient montes, nascetur ridiculus mus. Vestibulum ut convallis elit. Etiam in elit ut orci molestie facilisis. Donec et ultricies turpis, vel luctus mauris. Morbi malesuada diam quis eleifend fringilla. Suspendisse sed viverra urna. Integer venenatis massa sed augue tempus, at pretium nibh aliquet. Lorem ipsum dolor sit amet, consectetur adipiscing elit.\r\n\r\nEtiam eu nulla ac nulla laoreet pulvinar non ut massa. Ut luctus ipsum eu dui mollis varius. In sed velit rutrum, tempor nunc vitae, feugiat tellus. Curabitur orci orci, porttitor at libero sit amet, hendrerit semper orci. Aenean ac diam feugiat justo ornare luctus. Nulla sodales risus ante, eget ullamcorper quam consectetur id. Aliquam velit tellus, ultrices vitae cursus quis, elementum at urna. Proin imperdiet diam et ante porta cursus. Lorem ipsum dolor sit amet, consectetur adipiscing elit. Vestibulum erat ligula, feugiat sit amet dapibus sed, tristique sit amet augue. Aliquam vitae lacus tortor.','','',2,1,'rl5cxgee','ug133wop',2,0,1),(7,'2014-07-25 06:33:46',53,'testing','hjf ghjfgh','f ghj fghj fg','','',1,1,NULL,NULL,2,0,1),(8,'2014-07-25 06:54:47',52,'Hello','s dfgs dfg sdf','g sdfg sdfg sd','','',1,1,NULL,NULL,3,0,1),(9,'2014-10-06 07:56:57',51,'testsss','dfdsfdsf','dsfdsfsdfsdfs','','',1,1,NULL,NULL,1,2,1),(10,'2014-10-06 07:59:49',51,'sdfgsdgsdfg','gfsdfgsdgfsd','sdfgsd','','',1,1,NULL,NULL,1,1,1),(11,'2014-10-06 08:00:48',51,'sdfgsdgf','dfg sdf','g sdfg sdfg ','','',1,1,NULL,NULL,1,1,1);

/*Data for the table `inviteConnections` */

insert  into `inviteConnections`(`user_id`,`email`,`createDate`) values (51,'info@testcentre.if.ua','2014-07-24 04:52:53');

/*Data for the table `job_apply` */

insert  into `job_apply`(`job_id`,`user_id`,`createDate`,`coverLetter`,`isViewed`,`isInvited`,`isRemovedJobOwner`,`isRemovedJobApplicant`) values (1,52,'2014-10-15 09:48:43','asd gsdfg sdfg sdfg sdfg \r\nsdfg sdfg \r\nsdfg sdfg sdfg sdf\r\ng sdfg sdfg sdfg sdfg sdf\r\ng sdfg sd\r\nfg sdfg sd\r\nfg sdfg sdfg \r\nsdfg sdfg\r\n sdfg s\r\ndfg sdfg\r\n sd\r\nfg \r\nsdf\r\ng sdfg sdfg\r\n sdf\r\ng sdfg',1,2,0,0);

/*Data for the table `job_skills` */

insert  into `job_skills`(`job_id`,`skill_id`) values (4,4),(4,5),(4,7);

/*Data for the table `jobs` */

insert  into `jobs`(`id`,`user_id`,`company_id`,`plan_id`,`createDate`,`industry`,`country`,`state`,`city`,`title`,`description`,`about`,`employment`,`receivedType`,`receivedEmail`,`expiredDate`,`countApplicants`,`countNewApplicants`,`isRemoved`) values (1,51,38,1,'2014-08-13 09:58:42',3,'AF','sdsdsfds','sdfsdf','Pellentesque sit amet nisi ac augue mollis sagittis.','Pellentesque sit amet nisi ac augue mollis sagittis. Donec lobortis sem nec fringilla consequat. Nullam imperdiet imperdiet tortor, in fermentum orci molestie vitae. Nulla facilisi. Morbi vehicula vitae nunc non laoreet. Quisque eget ante ultricies, accumsan est vel, adipiscing elit. Mauris a sem ligula. Maecenas aliquam, enim at adipiscing vehicula, orci elit ultricies odio, in blandit arcu lectus quis magna. Morbi mattis arcu vitae est dapibus elementum. Aenean tempor luctus ipsum, ac vestibulum est semper et. Nam vitae quam urna. Donec porta sollicitudin nibh, ut tempor dui rutrum quis.\r\n\r\nAliquam vitae adipiscing ipsum. Nunc semper ut felis ac porta. Donec dignissim mauris nulla, vel fringilla enim venenatis ut. Maecenas nec feugiat nunc. Suspendisse potenti. Aliquam elit elit, laoreet ut iaculis ut, fermentum suscipit dolor. Sed et pellentesque magna, vitae malesuada turpis. Aliquam tempus adipiscing blandit. Pellentesque rutrum purus volutpat elit posuere, vel mattis tortor vulputate. Lorem ipsum dolor sit amet, consectetur adipiscing elit. Morbi imperdiet ultrices justo, sed tincidunt turpis bibendum eu. Suspendisse potenti.','Nullam vitae auctor urna. Quisque suscipit bibendum magna quis elementum. Phasellus at purus et elit porttitor gravida in ut erat. Proin hendrerit odio eget ullamcorper facilisis. Cras ultrices consequat mi, quis feugiat lectus lacinia vitae. Duis at orci porta, convallis nunc eget, tincidunt nisi. Integer a ligula justo. Nullam viverra pellentesque leo sed pellentesque. Fusce tempus non magna sed vestibulum. Sed a vulputate nibh. Mauris vel quam erat. Phasellus dignissim blandit ipsum. Nullam quis justo sed nibh viverra faucibus. Aliquam pretium, libero sed iaculis mattis, lacus nisl iaculis diam, in interdum nunc ligula eu urna. Vestibulum ornare commodo ligula, eget gravida neque tincidunt id. Mauris sit amet justo porta, luctus arcu eget, ultrices lorem.\r\n\r\nNulla dapibus purus in lectus pellentesque, ut tincidunt lorem convallis. Cras nibh ligula, tincidunt at justo sagittis, elementum tincidunt metus. Aenean sit amet nisl non diam placerat suscipit. Curabitur iaculis est nec risus ullamcorper, vel egestas mauris molestie. Donec auctor ullamcorper ante, sed laoreet est dignissim vitae. Vestibulum ac ultrices orci, vitae pellentesque quam. Phasellus lacus magna, iaculis eu laoreet auctor, venenatis sit amet diam. Maecenas enim nunc, vehicula non bibendum condimentum, laoreet sit amet tellus. Integer vel sapien non augue semper pharetra. Nullam ac eros sit amet sapien semper auctor. Praesent porttitor metus vitae lorem accumsan, et aliquam elit porta. In hac habitasse platea dictumst. Pellentesque eget nisi id ligula laoreet fringilla. Suspendisse mattis elit sed posuere faucibus.',2,2,'sdfsdf@dfdf.dfd','2014-10-25 08:10:46',14,9,0),(2,51,38,1,'2014-08-13 10:11:42',4,'CA','dfdfdf','sdsdsd','sdsds','dasdasd','asdasd111111',2,1,NULL,'2014-09-04 09:09:53',46,0,1),(4,51,38,1,'2014-08-14 07:43:39',3,'US','AS','dsfsdfdsfdsf111','Lorem ipsum dolor sit amet, consectetur adipiscing elit.','sdfg sdfg sdfg 111','f gdsfg dsfg sdfg sd222',3,1,NULL,'2014-10-08 08:10:34',0,0,0),(7,51,38,1,'2014-08-15 04:43:12',2,'AF','fghjfghj','fghjfghjfghj','fghjfg hjfghj',' gfhj fghj fghj ','f ghj fgh jfghj ',3,1,NULL,'2014-09-02 09:09:42',1,0,1),(8,52,14,1,'2014-08-15 06:33:14',4,'CA','sdasdas','asdasdasd','asdasd','as dasd asd ','d asd asd a',2,1,NULL,'2014-08-15 06:08:02',0,0,1),(10,52,14,1,'2014-08-15 06:45:07',3,'AF','fdfdsfs','fsdfsdfds','Test job','dfsg sdfg sdf','s dfg sdfg sdfg',2,1,NULL,'2014-09-17 06:08:59',0,0,1),(11,52,14,1,'2014-08-15 07:09:04',2,'US','AK','hfghdfgh','Aliquam vitae adipiscing ipsum. Nunc semper ut felis ac porta. Donec dignissim mauris nulla, vel fringilla enim venenatis ut. ','Nullam vitae auctor urna. Quisque suscipit bibendum magna quis elementum. Phasellus at purus et elit porttitor gravida in ut erat. Proin hendrerit odio eget ullamcorper facilisis. Cras ultrices consequat mi, quis feugiat lectus lacinia vitae. Duis at orci porta, convallis nunc eget, tincidunt nisi. Integer a ligula justo. Nullam viverra pellentesque leo sed pellentesque. Fusce tempus non magna sed vestibulum. Sed a vulputate nibh. Mauris vel quam erat. Phasellus dignissim blandit ipsum. Nullam quis justo sed nibh viverra faucibus. Aliquam pretium, libero sed iaculis mattis, lacus nisl iaculis diam, in interdum nunc ligula eu urna. Vestibulum ornare commodo ligula, eget gravida neque tincidunt id. Mauris sit amet justo porta, luctus arcu eget, ultrices lorem.','Nullam vitae auctor urna. Quisque suscipit bibendum magna quis elementum. Phasellus at purus et elit porttitor gravida in ut erat. Proin hendrerit odio eget ullamcorper facilisis. Cras ultrices consequat mi, quis feugiat lectus lacinia vitae. Duis at orci porta, convallis nunc eget, tincidunt nisi. Integer a ligula justo. Nullam viverra pellentesque leo sed pellentesque. Fusce tempus non magna sed vestibulum. Sed a vulputate nibh. Mauris vel quam erat. Phasellus dignissim blandit ipsum. Nullam quis justo sed nibh viverra faucibus. Aliquam pretium, libero sed iaculis mattis, lacus nisl iaculis diam, in interdum nunc ligula eu urna. Vestibulum ornare commodo ligula, eget gravida neque tincidunt id. Mauris sit amet justo porta, luctus arcu eget, ultrices lorem.\r\n\r\nNulla dapibus purus in lectus pellentesque, ut tincidunt lorem convallis. Cras nibh ligula, tincidunt at justo sagittis, elementum tincidunt metus. Aenean sit amet nisl non diam placerat suscipit. Curabitur iaculis est nec risus ullamcorper, vel egestas mauris molestie. Donec auctor ullamcorper ante, sed laoreet est dignissim vitae. Vestibulum ac ultrices orci, vitae pellentesque quam. Phasellus lacus magna, iaculis eu laoreet auctor, venenatis sit amet diam. Maecenas enim nunc, vehicula non bibendum condimentum, laoreet sit amet tellus. Integer vel sapien non augue semper pharetra. Nullam ac eros sit amet sapien semper auctor. Praesent porttitor metus vitae lorem accumsan, et aliquam elit porta. In hac habitasse platea dictumst. Pellentesque eget nisi id ligula laoreet fringilla. Suspendisse mattis elit sed posuere faucibus.',1,1,NULL,'2014-08-30 07:08:10',0,0,0),(12,51,38,1,'2014-08-15 07:21:39',2,'US','AK','asdfasdfasdf','asdfasdfasd','adsf asdf asdf','a sdfas fas',3,1,NULL,'0000-00-00 00:00:00',0,0,0);

/*Data for the table `languages` */

insert  into `languages`(`id`,`name`) values (1,'Ukrainian'),(2,'Poland'),(3,'English'),(4,'Latin'),(5,'Russian'),(6,'Portugal'),(7,'Bolgaria'),(8,'dfdfdfsdfs'),(9,'івівівів'),(10,'фівфівфівфів'),(11,'фівфівфі');

/*Data for the table `mailList` */

/*Data for the table `mailListAttachments` */

/*Data for the table `mailListRecipients` */

/*Data for the table `maillistmessages` */

/*Data for the table `messages` */

insert  into `messages`(`id`,`user_id`,`friend_id`,`createDate`,`typeForUser`,`typeForFriend`,`subject`,`message`,`isUserRemoved`,`isFriendRemoved`,`isFriendView`) values (1,52,51,'2014-06-18 02:39:40',2,0,'sdf','dsfdsfdsf',0,0,1),(2,52,53,'2014-06-18 02:41:08',3,1,'sdfdsf','sdf dsf dsf ds',0,0,0),(3,52,53,'2014-06-18 02:41:20',3,1,'sdfdsf','sdf dsf dsf ds',0,0,0),(4,52,51,'2014-06-18 02:41:53',3,0,' dsf ds fds fdsf ds','sdf dsf dsf',0,0,1),(5,52,51,'2014-06-18 02:42:13',3,2,' dsf ds fds fdsf ds','sdf dsf dsf',0,0,0),(6,52,51,'2014-06-18 02:42:25',3,1,' dsf ds fds fdsf ds','sdf dsf dsf',0,0,0),(7,52,51,'2014-06-18 02:43:30',3,0,' dsf ds fds fdsf ds','sdf dsf dsf',0,0,1),(8,52,51,'2014-06-18 02:44:43',3,0,' dsf ds fds fdsf ds','sdf dsf dsf',0,0,1),(9,52,51,'2014-06-18 02:44:44',3,0,' dsf ds fds fdsf ds','sdf dsf dsf',0,0,1),(10,53,57,'2014-06-18 02:45:26',0,0,'dfds','fsdfdsf',0,0,0),(11,53,59,'2014-06-18 02:45:49',0,0,'dfdsfdsf','df dsf ds f',0,0,0),(12,53,59,'2014-06-18 02:46:26',0,0,'dfdsfdsf','df dsf ds f',0,0,0),(13,52,53,'2014-06-18 02:46:34',3,1,'sdf sd',' sdf dsf sdf',0,0,1),(14,53,52,'2014-06-18 03:15:47',0,0,'dfdsf','sdfdsfdsf',0,0,1),(15,53,52,'2014-06-18 03:16:29',0,0,'Hello','Lorem ipsum dolor sit amet, consectetur adipiscing elit. Etiam tempor nisi turpis, non tempor dui mollis non. Integer quis laoreet tellus. Etiam in neque nec urna interdum aliquam nec at quam. Pellentesque non massa turpis. Quisque quis felis neque. Maecenas malesuada viverra tristique. Pellentesque aliquam leo nisl, imperdiet blandit tellus mollis sit amet. Nam fermentum diam diam, vitae egestas nulla vulputate at. In tempor velit vitae ipsum imperdiet, eu sagittis leo porta. Ut gravida ligula eu faucibus suscipit. Ut semper egestas arcu accumsan mollis. Maecenas sed pellentesque nunc. Vestibulum pellentesque eros ligula, vitae iaculis neque interdum eget. Nulla blandit cursus felis, luctus varius nisl sollicitudin ut. Vestibulum pretium mi tellus, eu iaculis justo blandit sed. Sed egestas rhoncus suscipit.\r\n',0,0,1),(16,53,52,'2014-06-18 04:51:44',0,0,'testing ','dfasg sdfg sdfg sdfg sdfg sdfg sdf',0,0,1),(17,53,52,'2014-06-18 04:51:56',0,0,'dsfdsfdsf',' dsfs dfads fa dsfas fasd ',0,0,1),(18,53,52,'2014-06-18 04:52:23',0,2,'asdfasdf','Lorem ipsum dolor sit amet, consectetur adipiscing elit. Etiam tempor nisi turpis, non tempor dui mollis non. Integer quis laoreet tellus. Etiam in neque nec urna interdum aliquam nec at quam. Pellentesque non massa turpis. Quisque quis felis neque. Maecenas malesuada viverra tristique. Pellentesque aliquam leo nisl, imperdiet blandit tellus mollis sit amet. Nam fermentum diam diam, vitae egestas nulla vulputate at. In tempor velit vitae ipsum imperdiet, eu sagittis leo porta. Ut gravida ligula eu faucibus suscipit. Ut semper egestas arcu accumsan mollis. Maecenas sed pellentesque nunc. Vestibulum pellentesque eros ligula, vitae iaculis neque interdum eget. Nulla blandit cursus felis, luctus varius nisl sollicitudin ut. Vestibulum pretium mi tellus, eu iaculis justo blandit sed. Sed egestas rhoncus suscipit.\r\n\r\nAliquam metus sapien, aliquam a nisi non, elementum facilisis risus. Morbi id tristique nisl. Praesent suscipit augue odio, eget consectetur sapien consectetur at. Vivamus id volutpat mi, at condimentum dui. Vivamus non faucibus enim. Praesent sit amet elit turpis. Etiam bibendum iaculis sapien, in accumsan ligula scelerisque eget. Morbi vel accumsan augue, ut auctor quam. Aliquam venenatis diam ac libero cursus, sed facilisis elit lacinia.\r\n\r\nDonec eleifend venenatis orci, sagittis gravida nisl imperdiet sit amet. Nullam suscipit luctus consectetur. Etiam volutpat felis dui, ut interdum diam feugiat dictum. Curabitur vel turpis sodales, tempor nisl non, posuere lacus. Vestibulum ante ipsum primis in faucibus orci luctus et ultrices posuere cubilia Curae; Aliquam ligula leo, vulputate et mauris sit amet, dignissim molestie justo. Vestibulum ante ipsum primis in faucibus orci luctus et ultrices posuere cubilia Curae; Maecenas a vehicula mauris, ac egestas diam. Vivamus et lobortis nibh. Duis est velit, vulputate id lacinia vitae, pellentesque vulputate ligula. Vivamus mollis leo ut nulla sagittis, sit amet feugiat neque pellentesque.\r\n\r\nMauris eu adipiscing erat, in viverra elit. Integer rhoncus metus ac mauris luctus adipiscing. Fusce iaculis metus a mauris porta, in consectetur purus commodo. In hac habitasse platea dictumst. Donec at iaculis purus. Nunc semper massa vitae eros gravida, pharetra eleifend nisl auctor. Nunc dignissim, neque sed varius tristique, tortor ipsum dignissim turpis, eget ullamcorper quam purus id velit.\r\n\r\nNullam sagittis mauris id ipsum ultricies interdum. Duis rutrum purus arcu, non viverra nisl mattis ac. Fusce quis rutrum ipsum, posuere volutpat diam. Fusce neque odio, pulvinar vitae arcu vitae, convallis suscipit dolor. Quisque fringilla rhoncus scelerisque. Ut feugiat urna nec purus rutrum, eget ornare nisl lacinia. Nunc fringilla faucibus ornare.',0,0,1),(19,52,53,'2014-06-18 08:23:56',3,1,'answer','df gsdfg sdg sdf g',0,0,0),(20,52,53,'2014-06-19 01:19:54',0,1,'test','testing\r\n\r\nOn 06.18.2014 03:15 AM, Mykola Stasiv wrote:\r\n--------------------\r\nsdfdsfdsf',0,0,1),(21,52,53,'2014-06-19 01:28:46',2,1,'yrtyrtyrt','ert yerty er\r\nty e\r\nrty etyety erty \r\ner tye rty \r\ne et\r\nry e\r\nrty \r\ne rty\r\nerty erty \r\ner ty\r\nery ry ert y\r\nert yerty \r\ne rty\r\ner y\r\nerty \r\nerty\r\nertyer ty\r\ner yre',0,0,0),(22,52,53,'2014-06-19 01:50:20',2,1,'f adsf asdf asdf af s','asdf adsf asd',0,0,0),(23,52,53,'2014-06-19 01:50:26',2,1,'f adsf asdf asdf af s','asdf adsf asd',0,0,0),(24,53,52,'2014-06-19 01:50:46',0,0,'gfhdfgh','dfgh dfgh dfg hdfh dfg',0,0,0),(25,53,52,'2014-06-19 01:51:42',0,0,'asdf adsf ads','f asdf adsf adsf',0,0,0),(26,53,52,'2014-06-19 01:51:57',0,0,'dgfhdgf h','dfg hdfg hdgfh dgfh dgf hdfgh dgf hdf',0,0,0),(27,53,52,'2014-06-19 01:52:07',0,0,'dfg hdgf hdfgh dgfh d','fg sdfg sdfg sdfg sdfg sdfg sdfg sdfg ',0,0,0),(28,53,52,'2014-06-19 01:52:14',0,0,'sdf gsdf gdsfg s','dfg sdfg sdfg sdfg dsfg dfs gsdfg dfsg',0,0,0),(29,53,52,'2014-06-19 01:52:56',0,0,'sdf gsdfg ','sdfg sdfg sdfg sdf gdfs',0,0,0),(30,53,52,'2014-06-19 01:53:14',0,0,'asd fasdf asd','a sdf asdf asdf asd fads fasf ads fas',0,0,0),(31,53,52,'2014-06-19 01:53:21',0,0,'sdf asdf ','asdf asdf adsf asdf as',0,0,0),(32,53,52,'2014-06-19 01:53:23',0,0,'sdf asdf ','asdf asdf adsf asdf as',0,0,0),(33,53,52,'2014-06-19 01:53:38',0,0,'asd asdf a','asd fa sdf asf ads fadsf',0,0,0),(34,53,52,'2014-06-19 02:07:19',0,0,'asd asdf a','asd fa sdf asf ads fadsf',0,0,0),(35,53,52,'2014-06-19 02:07:21',0,0,'asd asdf a','asd fa sdf asf ads fadsf',0,0,0),(36,53,52,'2014-06-19 02:07:22',0,0,'asd asdf a','asd fa sdf asf ads fadsf',0,0,0),(37,53,52,'2014-06-19 02:07:23',0,0,'asd asdf a','asd fa sdf asf ads fadsf',0,0,0),(38,53,52,'2014-06-19 02:07:24',0,0,'asd asdf a','asd fa sdf asf ads fadsf',0,0,0),(39,53,52,'2014-06-19 02:07:25',0,0,'asd asdf a','asd fa sdf asf ads fadsf',0,0,0),(40,53,52,'2014-06-19 02:07:25',0,0,'asd asdf a','asd fa sdf asf ads fadsf',0,0,0),(41,53,52,'2014-06-19 02:07:26',0,0,'asd asdf a','asd fa sdf asf ads fadsf',0,0,0),(42,53,52,'2014-06-19 02:07:27',0,0,'asd asdf a','asd fa sdf asf ads fadsf',0,0,0),(43,53,52,'2014-06-19 02:07:28',0,0,'asd asdf a','asd fa sdf asf ads fadsf',0,0,0),(44,53,52,'2014-06-19 02:07:28',0,0,'asd asdf a','asd fa sdf asf ads fadsf',0,0,0),(45,53,52,'2014-06-19 02:07:29',0,0,'asd asdf a','asd fa sdf asf ads fadsf',0,0,0),(46,53,52,'2014-06-19 02:07:30',0,0,'asd asdf a','asd fa sdf asf ads fadsf',0,0,0),(47,53,52,'2014-06-19 02:07:30',0,0,'asd asdf a','asd fa sdf asf ads fadsf',0,0,0),(48,53,52,'2014-06-19 02:07:31',0,0,'asd asdf a','asd fa sdf asf ads fadsf',0,0,0),(49,53,52,'2014-06-19 02:07:32',0,0,'asd asdf a','asd fa sdf asf ads fadsf',0,0,0),(50,53,52,'2014-06-19 02:07:32',0,0,'asd asdf a','asd fa sdf asf ads fadsf',0,0,0),(51,53,52,'2014-06-19 02:07:33',0,0,'asd asdf a','asd fa sdf asf ads fadsf',0,0,0),(52,53,52,'2014-06-19 02:07:33',0,0,'asd asdf a','asd fa sdf asf ads fadsf',0,0,0),(53,53,52,'2014-06-19 02:07:33',0,0,'asd asdf a','asd fa sdf asf ads fadsf',0,0,1),(54,53,52,'2014-06-19 02:07:34',0,0,'asd asdf a','asd fa sdf asf ads fadsf',0,0,0),(55,53,52,'2014-06-19 02:07:34',0,0,'asd asdf a','asd fa sdf asf ads fadsf',0,0,0),(56,53,52,'2014-06-19 02:07:35',0,0,'asd asdf a','asd fa sdf asf ads fadsf',0,0,0),(57,53,52,'2014-06-19 02:07:35',0,0,'asd asdf a','asd fa sdf asf ads fadsf',0,0,0),(58,53,52,'2014-06-19 02:07:36',0,0,'asd asdf a','asd fa sdf asf ads fadsf',0,0,0),(59,53,52,'2014-06-19 02:07:37',0,0,'asd asdf a','asd fa sdf asf ads fadsf',0,0,0),(60,53,52,'2014-06-19 02:07:37',0,0,'asd asdf a','asd fa sdf asf ads fadsf',0,0,0),(61,53,52,'2014-06-19 02:07:38',0,0,'asd asdf a','asd fa sdf asf ads fadsf',0,0,0),(62,53,52,'2014-06-19 02:07:38',0,0,'asd asdf a','asd fa sdf asf ads fadsf',0,0,0),(63,53,52,'2014-06-19 02:07:39',0,0,'asd asdf a','asd fa sdf asf ads fadsf',0,0,0),(64,53,52,'2014-06-19 02:07:39',0,0,'asd asdf a','asd fa sdf asf ads fadsf',0,0,0),(65,53,52,'2014-06-19 02:07:40',0,0,'asd asdf a','asd fa sdf asf ads fadsf',0,0,0),(66,53,52,'2014-06-19 02:07:40',0,0,'asd asdf a','asd fa sdf asf ads fadsf',0,0,0),(67,53,52,'2014-06-19 02:07:41',0,0,'asd asdf a','asd fa sdf asf ads fadsf',0,0,0),(68,53,52,'2014-06-19 02:07:41',0,0,'asd asdf a','asd fa sdf asf ads fadsf',0,0,0),(69,53,52,'2014-06-19 02:07:41',0,0,'asd asdf a','asd fa sdf asf ads fadsf',0,0,0),(70,53,52,'2014-06-19 02:07:42',0,0,'asd asdf a','asd fa sdf asf ads fadsf',0,0,0),(71,53,52,'2014-06-19 02:07:42',0,0,'asd asdf a','asd fa sdf asf ads fadsf',0,0,0),(72,53,52,'2014-06-19 02:07:42',0,0,'asd asdf a','asd fa sdf asf ads fadsf',0,0,0),(73,53,52,'2014-06-19 02:07:43',0,0,'asd asdf a','asd fa sdf asf ads fadsf',0,0,0),(74,53,52,'2014-06-19 02:07:43',0,0,'asd asdf a','asd fa sdf asf ads fadsf',0,0,0),(75,53,52,'2014-06-19 02:07:44',0,0,'asd asdf a','asd fa sdf asf ads fadsf',0,0,0),(76,53,52,'2014-06-19 02:07:44',0,0,'asd asdf a','asd fa sdf asf ads fadsf',0,0,0),(77,53,52,'2014-06-19 02:08:07',0,0,'asd asdf a','asd fa sdf asf ads fadsf',0,0,0),(78,53,52,'2014-06-19 02:08:08',0,0,'asd asdf a','asd fa sdf asf ads fadsf',0,0,0),(79,53,52,'2014-06-19 02:08:09',0,0,'asd asdf a','asd fa sdf asf ads fadsf',0,0,0),(80,53,52,'2014-06-19 02:08:09',0,0,'asd asdf a','asd fa sdf asf ads fadsf',0,0,0),(81,53,52,'2014-06-19 02:08:10',0,0,'asd asdf a','asd fa sdf asf ads fadsf',0,0,0),(82,53,52,'2014-06-19 02:08:10',0,0,'asd asdf a','asd fa sdf asf ads fadsf',0,0,0),(83,53,52,'2014-06-19 02:08:11',0,0,'asd asdf a','asd fa sdf asf ads fadsf',0,0,0),(84,53,52,'2014-06-19 02:08:11',0,0,'asd asdf a','asd fa sdf asf ads fadsf',0,0,0),(85,53,52,'2014-06-19 02:08:11',0,0,'asd asdf a','asd fa sdf asf ads fadsf',0,0,0),(86,53,52,'2014-06-19 02:08:12',0,0,'asd asdf a','asd fa sdf asf ads fadsf',0,0,0),(87,53,52,'2014-06-19 02:08:12',0,0,'asd asdf a','asd fa sdf asf ads fadsf',0,0,0),(88,53,52,'2014-06-19 02:08:13',0,0,'asd asdf a','asd fa sdf asf ads fadsf',0,0,0),(89,53,52,'2014-06-19 02:08:13',0,0,'asd asdf a','asd fa sdf asf ads fadsf',0,0,0),(90,53,52,'2014-06-19 02:08:13',0,0,'asd asdf a','asd fa sdf asf ads fadsf',0,0,0),(91,53,52,'2014-06-19 02:08:13',0,0,'asd asdf a','asd fa sdf asf ads fadsf',0,0,0),(92,53,52,'2014-06-19 02:08:14',0,0,'asd asdf a','asd fa sdf asf ads fadsf',0,0,0),(93,53,52,'2014-06-19 02:08:14',0,0,'asd asdf a','asd fa sdf asf ads fadsf',0,0,0),(94,53,52,'2014-06-19 02:08:15',0,0,'asd asdf a','asd fa sdf asf ads fadsf',0,0,0),(95,53,52,'2014-06-19 02:08:15',0,0,'asd asdf a','asd fa sdf asf ads fadsf',0,0,0),(96,53,52,'2014-06-19 02:08:15',0,0,'asd asdf a','asd fa sdf asf ads fadsf',0,0,0),(97,53,52,'2014-06-19 02:08:16',0,0,'asd asdf a','asd fa sdf asf ads fadsf',0,0,0),(98,53,52,'2014-06-19 02:08:17',0,0,'asd asdf a','asd fa sdf asf ads fadsf',0,0,1),(99,53,52,'2014-06-19 02:08:18',0,0,'asd asdf a','asd fa sdf asf ads fadsf',0,0,0),(100,53,52,'2014-06-19 02:08:18',0,0,'asd asdf a','asd fa sdf asf ads fadsf',0,0,0),(101,53,52,'2014-06-19 02:08:19',0,0,'asd asdf a','asd fa sdf asf ads fadsf',0,0,0),(102,53,52,'2014-06-19 02:08:19',0,0,'asd asdf a','asd fa sdf asf ads fadsf',0,0,0),(103,53,52,'2014-06-19 02:08:20',0,0,'asd asdf a','asd fa sdf asf ads fadsf',0,0,0),(104,53,52,'2014-06-19 02:08:20',0,0,'asd asdf a','asd fa sdf asf ads fadsf',0,0,0),(105,53,52,'2014-06-19 02:08:20',0,0,'asd asdf a','asd fa sdf asf ads fadsf',0,0,0),(106,53,52,'2014-06-19 02:08:21',0,0,'asd asdf a','asd fa sdf asf ads fadsf',0,0,0),(107,53,52,'2014-06-19 02:08:21',0,0,'asd asdf a','asd fa sdf asf ads fadsf',0,0,0),(108,53,52,'2014-06-19 02:08:22',0,0,'asd asdf a','asd fa sdf asf ads fadsf',0,0,0),(109,53,52,'2014-06-19 02:08:22',0,0,'asd asdf a','asd fa sdf asf ads fadsf',0,0,0),(110,53,52,'2014-06-19 02:08:22',0,0,'asd asdf a','asd fa sdf asf ads fadsf',0,0,0),(111,53,52,'2014-06-19 02:08:22',0,0,'asd asdf a','asd fa sdf asf ads fadsf',0,0,0),(112,53,52,'2014-06-19 02:08:23',0,0,'asd asdf a','asd fa sdf asf ads fadsf',0,0,0),(113,53,52,'2014-06-19 02:08:23',0,0,'asd asdf a','asd fa sdf asf ads fadsf',0,0,0),(114,53,52,'2014-06-19 02:08:24',0,0,'asd asdf a','asd fa sdf asf ads fadsf',0,0,0),(115,53,52,'2014-06-19 02:08:24',0,0,'asd asdf a','asd fa sdf asf ads fadsf',0,0,0),(116,53,52,'2014-06-19 02:08:25',0,0,'asd asdf a','asd fa sdf asf ads fadsf',0,0,0),(117,53,52,'2014-06-19 02:08:25',0,0,'asd asdf a','asd fa sdf asf ads fadsf',0,0,0),(118,53,52,'2014-06-19 02:08:25',0,0,'asd asdf a','asd fa sdf asf ads fadsf',0,0,0),(119,53,52,'2014-06-19 02:08:25',0,0,'asd asdf a','asd fa sdf asf ads fadsf',0,0,0),(120,53,52,'2014-06-19 02:08:26',0,0,'asd asdf a','asd fa sdf asf ads fadsf',0,0,0),(121,53,52,'2014-06-19 02:08:26',0,0,'asd asdf a','asd fa sdf asf ads fadsf',0,0,0),(122,53,52,'2014-06-19 02:08:27',0,2,'asd asdf a','asd fa sdf asf ads fadsf',0,0,0),(123,53,52,'2014-06-19 02:08:27',0,2,'asd asdf a','asd fa sdf asf ads fadsf',0,0,0),(124,53,52,'2014-06-19 02:08:27',0,0,'asd asdf a','asd fa sdf asf ads fadsf',0,0,0),(125,53,52,'2014-06-19 02:08:28',0,2,'asd asdf a','asd fa sdf asf ads fadsf',0,0,0),(126,53,52,'2014-06-19 02:08:28',0,2,'asd asdf a','asd fa sdf asf ads fadsf',0,0,0),(127,53,52,'2014-06-19 02:08:28',0,2,'asd asdf a','asd fa sdf asf ads fadsf',0,0,0),(128,53,52,'2014-06-19 02:08:28',0,0,'asd asdf a','asd fa sdf asf ads fadsf',0,0,0),(129,53,52,'2014-06-19 02:08:29',0,2,'asd asdf a','asd fa sdf asf ads fadsf',0,0,0),(130,53,52,'2014-06-19 02:08:29',0,2,'asd asdf a','asd fa sdf asf ads fadsf',0,0,0),(131,53,52,'2014-06-19 02:08:29',0,0,'asd asdf a','asd fa sdf asf ads fadsf',0,0,1),(132,53,52,'2014-06-19 02:08:30',0,2,'asd asdf a','asd fa sdf asf ads fadsf',0,0,0),(133,53,52,'2014-06-19 02:08:30',0,2,'asd asdf a','asd fa sdf asf ads fadsf',0,0,0),(134,53,52,'2014-06-19 02:08:30',0,2,'asd asdf a','asd fa sdf asf ads fadsf',0,0,0),(135,53,52,'2014-06-19 02:08:30',0,2,'asd asdf a','asd fa sdf asf ads fadsf',0,0,0),(136,53,52,'2014-06-19 02:08:31',0,0,'asd asdf a','asd fa sdf asf ads fadsf',0,0,1),(137,53,52,'2014-06-19 02:08:31',0,2,'asd asdf a','asd fa sdf asf ads fadsf',0,0,0),(138,53,52,'2014-06-19 02:08:32',0,0,'asd asdf a','asd fa sdf asf ads fadsf',0,0,1),(139,53,52,'2014-06-19 02:08:32',0,0,'asd asdf a','asd fa sdf asf ads fadsf',0,0,1),(140,53,52,'2014-06-19 02:08:32',0,0,'asd asdf a','asd fa sdf asf ads fadsf',0,0,1),(141,53,52,'2014-06-19 02:08:32',0,0,'asd asdf a','asd fa sdf asf ads fadsf',0,0,1),(142,53,52,'2014-06-19 02:08:33',0,2,'asd asdf a','asd fa sdf asf ads fadsf',0,0,0),(143,53,52,'2014-06-19 02:08:33',0,0,'asd asdf a','asd fa sdf asf ads fadsf',0,0,1),(144,53,52,'2014-06-19 02:08:34',0,2,'asd asdf a','asd fa sdf asf ads fadsf',0,0,0),(145,53,52,'2014-06-19 02:08:34',0,2,'asd asdf a','asd fa sdf asf ads fadsf',0,0,0),(146,53,52,'2014-06-19 02:08:34',0,2,'asd asdf a','asd fa sdf asf ads fadsf',0,0,0),(147,53,52,'2014-06-19 02:08:34',0,2,'asd asdf a','asd fa sdf asf ads fadsf',0,0,0),(148,53,52,'2014-06-19 02:08:35',0,2,'asd asdf a','asd fa sdf asf ads fadsf',0,0,0),(149,53,52,'2014-06-19 02:08:35',0,2,'asd asdf a','asd fa sdf asf ads fadsf',0,0,0),(150,53,52,'2014-06-19 02:08:35',0,2,'asd asdf a','asd fa sdf asf ads fadsf',0,0,0),(151,53,52,'2014-06-19 02:08:35',0,2,'asd asdf a','asd fa sdf asf ads fadsf',0,0,0),(152,53,52,'2014-06-19 02:08:36',0,0,'asd asdf a','asd fa sdf asf ads fadsf',0,0,1),(153,53,52,'2014-06-19 02:08:36',0,0,'asd asdf a','asd fa sdf asf ads fadsf',0,0,1),(154,53,52,'2014-06-19 02:08:36',0,2,'asd asdf a','asd fa sdf asf ads fadsf',0,0,0),(155,53,52,'2014-06-19 02:08:37',0,0,'asd asdf a','asd fa sdf asf ads fadsf',0,0,1),(156,53,52,'2014-06-19 02:08:37',0,0,'asd asdf a','asd fa sdf asf ads fadsf',0,0,1),(157,53,52,'2014-06-19 02:08:38',0,0,'asd asdf a','asd fa sdf asf ads fadsf',0,0,1),(158,53,52,'2014-06-19 02:08:38',0,0,'asd asdf a','asd fa sdf asf ads fadsf',0,0,1),(159,53,52,'2014-06-19 02:08:39',0,0,'asd asdf a','asd fa sdf asf ads fadsf',0,0,1),(160,53,52,'2014-06-19 02:08:39',0,0,'asd asdf a','asd fa sdf asf ads fadsf',0,0,1),(161,53,52,'2014-06-19 02:08:39',0,0,'asd asdf a','asd fa sdf asf ads fadsf',0,0,1),(162,53,52,'2014-06-19 02:08:40',0,0,'asd asdf a','asd fa sdf asf ads fadsf',0,0,1),(163,53,52,'2014-06-19 02:08:40',0,0,'asd asdf a','asd fa sdf asf ads fadsf',0,0,1),(164,53,52,'2014-06-19 02:08:41',0,0,'asd asdf a','asd fa sdf asf ads fadsf',0,0,1),(165,53,52,'2014-06-19 02:08:41',0,0,'asd asdf a','asd fa sdf asf ads fadsf',0,0,1),(166,53,52,'2014-06-19 02:08:42',0,2,'asd asdf a','asd fa sdf asf ads fadsf',0,0,0),(167,53,52,'2014-06-19 02:08:42',0,2,'asd asdf a','asd fa sdf asf ads fadsf',0,0,0),(168,53,52,'2014-06-19 02:08:42',0,2,'asd asdf a','asd fa sdf asf ads fadsf',0,0,0),(169,53,52,'2014-06-19 02:08:43',0,2,'asd asdf a','asd fa sdf asf ads fadsf',0,0,0),(170,53,52,'2014-06-19 02:08:43',0,2,'asd asdf a','asd fa sdf asf ads fadsf',0,0,0),(171,53,52,'2014-06-19 02:08:43',0,0,'asd asdf a','asd fa sdf asf ads fadsf',0,0,1),(172,53,52,'2014-06-19 02:08:44',0,2,'asd asdf a','asd fa sdf asf ads fadsf',0,0,0),(173,53,52,'2014-06-19 02:08:44',0,2,'asd asdf a','asd fa sdf asf ads fadsf',0,0,0),(174,53,52,'2014-06-19 02:08:45',0,2,'asd asdf a','asd fa sdf asf ads fadsf',0,0,1),(175,53,52,'2014-06-19 02:08:45',0,0,'asd asdf a','asd fa sdf asf ads fadsf',0,0,1),(176,53,52,'2014-06-19 02:08:45',0,2,'asd asdf a','asd fa sdf asf ads fadsf',0,0,0),(177,53,52,'2014-06-19 02:08:46',0,2,'asd asdf a','asd fa sdf asf ads fadsf',0,0,1),(178,53,52,'2014-06-19 02:08:46',0,0,'asd asdf a','asd fa sdf asf ads fadsf',0,0,1),(179,53,52,'2014-06-19 02:08:47',0,0,'asd asdf a','asd fa sdf asf ads fadsf',0,0,1),(180,53,52,'2014-06-19 02:08:47',0,0,'asd asdf a','asd fa sdf asf ads fadsf',0,0,1),(181,53,52,'2014-06-19 02:08:48',0,0,'asd asdf a','asd fa sdf asf ads fadsf',0,0,1),(182,53,52,'2014-06-19 02:08:48',0,0,'asd asdf a','asd fa sdf asf ads fadsf',0,0,1),(183,53,52,'2014-06-19 02:08:48',0,0,'asd asdf a','asd fa sdf asf ads fadsf',0,0,1),(184,53,52,'2014-06-19 02:08:49',0,0,'asd asdf a','asd fa sdf asf ads fadsf',0,0,1),(185,53,52,'2014-06-19 02:08:49',0,0,'asd asdf a','asd fa sdf asf ads fadsf',0,0,1),(186,53,52,'2014-06-19 02:08:50',0,0,'asd asdf a','asd fa sdf asf ads fadsf',0,0,1),(187,53,52,'2014-06-19 02:08:50',0,0,'asd asdf a','asd fa sdf asf ads fadsf',0,0,1),(188,53,52,'2014-06-19 02:08:50',0,0,'asd asdf a','asd fa sdf asf ads fadsf',0,0,1),(189,53,52,'2014-06-19 02:08:50',0,0,'asd asdf a','asd fa sdf asf ads fadsf',0,0,1),(190,53,52,'2014-06-19 02:08:51',0,2,'asd asdf a','asd fa sdf asf ads fadsf',0,0,0),(191,53,52,'2014-06-19 02:08:51',0,2,'asd asdf a','asd fa sdf asf ads fadsf',0,0,0),(192,53,52,'2014-06-19 02:08:52',0,2,'asd asdf a','asd fa sdf asf ads fadsf',0,0,1),(193,53,52,'2014-06-19 02:08:52',0,0,'asd asdf a','asd fa sdf asf ads fadsf',0,0,1),(194,53,52,'2014-06-19 02:08:52',0,0,'asd asdf a','asd fa sdf asf ads fadsf',0,0,1),(195,53,52,'2014-06-19 02:08:53',0,2,'asd asdf a','asd fa sdf asf ads fadsf',0,0,0),(196,53,52,'2014-06-19 02:08:53',0,2,'asd asdf a','asd fa sdf asf ads fadsf',0,0,0),(197,53,52,'2014-06-19 02:08:53',0,2,'asd asdf a','asd fa sdf asf ads fadsf',0,0,0),(198,53,52,'2014-06-19 02:08:54',0,2,'asd asdf a','asd fa sdf asf ads fadsf',0,0,1),(199,53,52,'2014-06-19 02:08:54',0,2,'asd asdf a','asd fa sdf asf ads fadsf',0,0,0),(200,53,52,'2014-06-19 02:08:55',0,0,'asd asdf a','asd fa sdf asf ads fadsf',0,0,1),(201,53,52,'2014-06-19 02:08:55',0,0,'asd asdf a','asd fa sdf asf ads fadsf',0,0,1),(202,53,52,'2014-06-19 02:08:55',0,0,'asd asdf a','asd fa sdf asf ads fadsf',0,0,1),(203,53,52,'2014-06-19 02:08:56',0,0,'asd asdf a','asd fa sdf asf ads fadsf',0,0,1),(204,53,52,'2014-06-19 02:08:56',0,0,'asd asdf a','asd fa sdf asf ads fadsf',0,0,1),(205,53,52,'2014-06-19 02:08:56',0,0,'asd asdf a','asd fa sdf asf ads fadsf',0,0,1),(206,53,52,'2014-06-19 02:08:57',0,3,'asd asdf a','asd fa sdf asf ads fadsf',0,0,1),(207,53,52,'2014-06-19 02:08:57',0,0,'asd asdf a','asd fa sdf asf ads fadsf',0,0,1),(208,53,52,'2014-06-19 02:08:58',0,0,'asd asdf a','asd fa sdf asf ads fadsf',0,0,1),(209,53,52,'2014-06-19 04:39:29',0,0,'asd asdf a','asd fa sdf asf ads fadsf',0,0,1),(210,52,53,'2014-06-19 04:54:18',0,1,'hjgfhjfgh','jfghjfgjfgh',0,0,1),(211,52,53,'2014-06-19 04:54:28',0,1,'gfhdgfh dgf','h dgfh dgf hdgfh dfg',0,0,1),(212,52,53,'2014-06-19 04:56:49',2,1,'dfdsfds','fdsf dsf dsf ds',0,0,1),(213,52,53,'2014-06-19 04:57:12',0,1,'sdf sdf ds','f dsf dsf dsf sdf dsf sd',0,0,1),(214,52,51,'2014-06-19 06:31:59',0,0,'парвпар вап','р впар вапр вап рва',0,0,1),(215,51,52,'2014-07-04 09:22:53',0,0,'f dsf adsf adsf ','\r\n\r\nOn 06.18.2014 02:44 AM, vova Stasic wrote:\r\n--------------------\r\nsdf dsf dsf',0,0,1),(216,52,53,'2014-07-07 06:57:16',0,0,'RE: asd asdf a','Lorem ipsum dolor sit amet, consectetur adipiscing elit. Etiam volutpat dui enim, id bibendum tortor fringilla non. Praesent hendrerit tincidunt augue sit amet pulvinar. Aenean tempus cursus sagittis. Cras suscipit nisi tincidunt mi consectetur semper. Aliquam varius lorem arcu, id fermentum nulla placerat et. Donec porttitor, lorem vel varius fringilla, dolor felis varius est, in accumsan nibh magna et magna. Nam aliquet sem at tristique pretium. Nullam eget augue et diam tincidunt vestibulum. Donec varius, tortor a commodo faucibus, sem neque eleifend nisl, mollis aliquam justo turpis ut urna. Suspendisse sagittis augue vel arcu pulvinar, auctor scelerisque odio mattis. Mauris sit amet nibh et sem suscipit dapibus. Morbi est quam, dapibus vel arcu vel, rutrum volutpat lacus. Sed luctus, diam pellentesque hendrerit bibendum, elit ipsum tristique dolor, non sollicitudin nulla velit sit amet eros.\r\n\r\nOn 06.19.2014 02:08 AM, Mykola Stasiv wrote:\r\n--------------------\r\nasd fa sdf asf ads fadsf',0,0,0),(217,52,51,'2014-07-08 03:59:27',0,0,'sdf sdf',' dasf asdf ads',0,0,1),(218,52,53,'2014-07-08 03:59:33',0,0,'asdf asd fadsf','a sdf adsf ',0,0,0),(219,52,53,'2014-07-08 03:59:39',0,0,' asdf asd','af asdf asdf ads',0,0,0),(220,52,61,'2014-07-08 03:59:49',0,0,'ansdf asdf',' adsf adsf adsf a',0,0,0),(221,52,51,'2014-07-08 03:59:54',0,0,'asdf asdf asd',' asdf asdf ',0,0,1),(222,52,51,'2014-07-08 04:00:03',1,0,'a sdf asdf',' asdf asdf asdf a',0,0,1),(223,61,52,'2014-07-08 04:47:38',0,1,'12dsfdfdsf','as dfasdf asdf asdf adsf asdf asd',0,0,1),(224,61,52,'2014-07-08 04:50:24',0,0,'asdf adsf ','adsf asdf asdf asdf asdf adsf das',0,0,1),(225,52,53,'2014-07-08 08:32:16',0,0,'RE: asd asdf a','dfg sfdg sdfg sdfg sdf',0,0,0),(226,52,53,'2014-07-08 08:36:52',0,0,'RE: asd asdf a','df sdf ads f',0,0,0),(227,52,53,'2014-07-08 08:38:01',0,0,'RE: asd asdf a','sdfgsdfg',0,0,1),(228,52,61,'2014-07-08 08:47:58',0,0,'fasdfasdf','dfasdfasd',0,0,0),(229,53,57,'2014-07-18 07:40:06',0,0,'dsf dsf ds','ds fds fdsf ',0,0,0),(230,51,52,'2014-09-11 07:20:29',0,0,'test','dfdf sdf asdf asd\r\nf a\r\nds f\r\nasd\r\n fa\r\nsdf\r\n as\r\ndf \r\nadsf\r\n adsf asdf asdf asd',0,0,0),(231,51,52,'2014-09-11 07:22:48',0,0,'dfdf','dfsdfsdfsdf',0,0,0),(232,51,52,'2014-09-11 07:27:02',0,0,'f afdsfds','sdfdsfsd',0,0,0),(233,51,52,'2014-09-11 07:27:06',0,0,'f afdsfds','sdfdsfsd',0,0,0),(234,51,52,'2014-09-11 07:27:22',0,0,'gfhgfhgf','gfhfghgfh',0,0,0),(235,51,52,'2014-09-11 07:29:17',0,0,'ghfjg','jfghjfghjfgh',0,0,0),(236,51,52,'2014-09-11 07:29:23',0,0,'dfgdf','gdfgdfg',0,0,0),(237,51,52,'2014-09-11 07:30:18',0,0,'dfddfgdfg','fgfgfg',0,0,0),(238,51,52,'2014-09-11 07:30:55',0,0,'dfgdf','gdfgdf',0,0,0),(239,51,53,'2014-09-11 09:24:05',0,0,'dfgdfg','dfgd fg sdfg sdfg sdf',0,0,0);

/*Data for the table `notifications` */

insert  into `notifications`(`id`,`user_id`,`friend_id`,`createDate`,`type`,`notification`,`post_id`,`skill_id`,`company_id`,`job_id`,`isRemoved`,`isView`) values (32,53,52,'2014-07-18 05:05:56',1,'\r\n\r\n\r\n\r\n\r\n		<div class=\"update-info  update-is_sub\">\r\n			<div>\r\n\r\n																	<div class=\"update-textblock\">\r\n									<div class=\"update-text\">\r\n																								<div class=\"update-text-post_web\">\r\n																							<a href=\"/content/updates/files/t/y/b/tybhaqx2/2.pdf\" target=\"_blank\">2.pdf</a>\r\n																																													<img src=\"/content/updates/image/2/c/6/2c68s2he/userava_44.jpg\" onclick=\"box.previewImage(this);\" data-img=\"/content/updates/image/2/c/6/2c68s2he/preview.jpg\" />\r\n																					</div>\r\n\r\n																							</div>\r\n\r\n														</div>\r\n			</div>\r\n		</div>\r\n\r\n		',167,NULL,NULL,NULL,0,1),(33,53,52,'2014-07-18 05:06:01',1,'\r\n\r\n\r\n\r\n\r\n		<div class=\"update-info  update-is_sub\">\r\n			<div>\r\n\r\n																	<div class=\"update-textblock\">\r\n									<div class=\"update-text\">\r\n																																			<div class=\"update-text-post_image\">\r\n												Lorem ipsum dolor sit amet, consectetur adipiscing elit. Nullam quis tellus ac nulla pulvinar cursus. Ut porttitor posuere elit at condimentum. Intege...												<img src=\"/content/updates/image/2/q/3/2q3r350t/userava_44.jpg\" onclick=\"box.previewImage(this);\" data-img=\"/content/updates/image/2/q/3/2q3r350t/preview.jpg\" />\r\n											</div>\r\n										\r\n																							</div>\r\n\r\n														</div>\r\n			</div>\r\n		</div>\r\n\r\n		',166,NULL,NULL,NULL,0,1),(35,53,52,'2014-07-18 05:06:20',1,'\r\n\r\n\r\n\r\n\r\n		<div class=\"update-info  update-is_sub\">\r\n			<div>\r\n\r\n																	<div class=\"update-textblock\">\r\n									<div class=\"update-text\">\r\n																					<div>\r\n																		<div class=\"update-shared\">\r\n										\r\n\r\n\r\n\r\n\r\n		<div class=\"update-info  update-is_sub\">\r\n			<div>\r\n\r\n																	<div class=\"update-textblock\">\r\n									<div class=\"update-text\">\r\n																								<div class=\"update-text-post_web\">\r\n																							<a href=\"/content/updates/files/0/0/z/00zzxkmb/2.pdf\" target=\"_blank\">2.pdf</a>\r\n																						sdfasdf asdf																					</div>\r\n\r\n																							</div>\r\n\r\n														</div>\r\n			</div>\r\n		</div>\r\n\r\n											</div>\r\n								</div>\r\n													</div>\r\n\r\n														</div>\r\n			</div>\r\n		</div>\r\n\r\n		',168,NULL,NULL,NULL,0,1),(44,53,52,'2014-07-18 06:53:44',1,'\r\n\r\n\r\n\r\n\r\n		<div class=\"update-info  update-is_sub\">\r\n			<div>\r\n\r\n																	<div class=\"update-textblock\">\r\n									<div class=\"update-text\">\r\n																																			<div class=\"update-text-post_text\">\r\n												 dgf sdfg sdfg sdfg sdf											</div>\r\n										\r\n																							</div>\r\n\r\n														</div>\r\n			</div>\r\n		</div>\r\n\r\n		',185,NULL,NULL,NULL,0,1),(45,53,52,'2014-07-18 06:53:53',1,'\r\n\r\n\r\n\r\n\r\n		<div class=\"update-info  update-is_sub\">\r\n			<div>\r\n\r\n																	<div class=\"update-textblock\">\r\n									<div class=\"update-text\">\r\n																																			<div class=\"update-text-post_text\">\r\n												Lorem ipsum dolor sit amet, consectetur adipiscing elit. Nunc sed mollis nunc. Nunc venenatis odio eget consequat ullamcorper. Phasellus a leo vel leo...											</div>\r\n										\r\n																							</div>\r\n\r\n														</div>\r\n			</div>\r\n		</div>\r\n\r\n		',184,NULL,NULL,NULL,0,1),(47,53,52,'2014-07-18 06:53:57',1,'\r\n\r\n\r\n\r\n\r\n		<div class=\"update-info  update-is_sub\">\r\n			<div>\r\n\r\n																	<div class=\"update-textblock\">\r\n									<div class=\"update-text\">\r\n																																			<div class=\"update-text-post_text\">\r\n												sd gfdfsg sdfg 											</div>\r\n										\r\n																							</div>\r\n\r\n														</div>\r\n			</div>\r\n		</div>\r\n\r\n		',182,NULL,NULL,NULL,0,1),(48,53,52,'2014-07-18 06:53:59',1,'\r\n\r\n\r\n\r\n\r\n		<div class=\"update-info  update-is_sub\">\r\n			<div>\r\n\r\n																	<div class=\"update-textblock\">\r\n									<div class=\"update-text\">\r\n																																			<div class=\"update-text-post_text\">\r\n												Lorem ipsum dolor sit amet, consectetur adipiscing elit. Nunc sed mollis nunc. Nunc venenatis odio eget consequat ullamcorper. Phasellus a leo vel leo...											</div>\r\n										\r\n																							</div>\r\n\r\n														</div>\r\n			</div>\r\n		</div>\r\n\r\n		',181,NULL,NULL,NULL,0,1),(49,53,52,'2014-07-18 06:54:02',1,'\r\n\r\n\r\n\r\n\r\n		<div class=\"update-info  update-is_sub\">\r\n			<div>\r\n\r\n																	<div class=\"update-textblock\">\r\n									<div class=\"update-text\">\r\n																																			<div class=\"update-text-post_text\">\r\n												Lorem ipsum dolor sit amet, consectetur adipiscing elit. Nunc sed mollis nunc. Nunc venenatis odio eget consequat ullamcorper. Phasellus a leo vel leo...											</div>\r\n										\r\n																							</div>\r\n\r\n														</div>\r\n			</div>\r\n		</div>\r\n\r\n		',180,NULL,NULL,NULL,0,1),(61,53,52,'2014-07-18 06:59:46',1,'\r\n\r\n\r\n\r\n\r\n		<div class=\"update-info  update-is_sub\">\r\n			<div>\r\n\r\n																	<div class=\"update-textblock\">\r\n									<div class=\"update-text\">\r\n																																			<div class=\"update-text-post_text\">\r\n												f ghj fghj fghj											</div>\r\n										\r\n																							</div>\r\n\r\n														</div>\r\n			</div>\r\n		</div>\r\n\r\n		',174,NULL,NULL,NULL,0,1),(62,53,52,'2014-07-18 07:08:54',2,'\r\n\r\n\r\n\r\n\r\n		<div class=\"update-info  update-is_sub\">\r\n			<div>\r\n\r\n																	<div class=\"update-textblock\">\r\n									<div class=\"update-text\">\r\n																																			<div class=\"update-text-post_text\">\r\n												Lorem ipsum dolor sit amet, consectetur adipiscing elit. Nunc sed mollis nunc. Nunc venenatis odio eget consequat ullamcorper. Phasellus a leo vel leo...											</div>\r\n										\r\n																							</div>\r\n\r\n														</div>\r\n			</div>\r\n		</div>\r\n\r\n		',180,NULL,NULL,NULL,0,1),(63,53,52,'2014-07-18 07:17:38',2,'\r\n\r\n\r\n\r\n\r\n		<div class=\"update-info  update-is_sub\">\r\n			<div>\r\n\r\n																	<div class=\"update-textblock\">\r\n									<div class=\"update-text\">\r\n																																			<div class=\"update-text-post_text\">\r\n												Lorem ipsum dolor sit amet, consectetur adipiscing elit. Nunc sed mollis nunc. Nunc venenatis odio eget consequat ullamcorper. Phasellus a leo vel leo...											</div>\r\n										\r\n																							</div>\r\n\r\n														</div>\r\n			</div>\r\n		</div>\r\n\r\n		',179,NULL,NULL,NULL,0,1),(64,53,52,'2014-07-18 07:22:32',3,NULL,NULL,NULL,NULL,NULL,0,1),(65,53,52,'2014-07-18 07:22:42',3,NULL,NULL,NULL,NULL,NULL,0,1),(66,53,52,'2014-07-18 07:24:22',3,NULL,NULL,NULL,NULL,NULL,0,1),(67,53,52,'2014-07-18 07:28:21',3,NULL,NULL,NULL,NULL,NULL,0,1),(68,52,53,'2014-07-18 07:32:20',4,NULL,NULL,NULL,NULL,NULL,0,1),(69,52,53,'2014-07-18 07:33:48',3,NULL,NULL,NULL,NULL,NULL,0,1),(70,53,52,'2014-07-18 07:39:48',3,NULL,NULL,NULL,NULL,NULL,0,1),(72,52,53,'2014-07-21 09:02:26',5,'People endorse your skill <span>\"MySql\"</span>',NULL,6,NULL,NULL,0,1),(73,52,53,'2014-07-21 09:12:00',5,'People endorse your skill <span>\"Delphi\"</span>',NULL,5,NULL,NULL,0,1),(74,52,53,'2014-07-21 09:12:03',5,'People endorse your skill <span>\"PHP\"</span>',NULL,1,NULL,NULL,0,1),(75,52,53,'2014-07-21 09:12:04',5,'People endorse your skill <span>\"MySql\"</span>',NULL,6,NULL,NULL,0,1),(76,52,53,'2014-07-21 09:16:33',3,NULL,NULL,NULL,NULL,NULL,0,1),(77,53,52,'2014-07-21 09:18:28',1,'\r\n\r\n\r\n\r\n\r\n		<div class=\"update-info  update-is_sub\">\r\n			<div>\r\n\r\n																	<div class=\"update-textblock\">\r\n									<div class=\"update-text\">\r\n																																			<div class=\"update-text-post_text\">\r\n												Lorem ipsum dolor sit amet, consectetur adipiscing elit. Nunc sed mollis nunc. Nunc venenatis odio eget consequat ullamcorper. Phasellus a leo vel leo...											</div>\r\n										\r\n																							</div>\r\n\r\n														</div>\r\n			</div>\r\n		</div>\r\n\r\n		',183,NULL,NULL,NULL,0,1),(78,53,52,'2014-07-21 09:18:52',2,'\r\n\r\n\r\n\r\n\r\n		<div class=\"update-info  update-is_sub\">\r\n			<div>\r\n\r\n																	<div class=\"update-textblock\">\r\n									<div class=\"update-text\">\r\n																																			<div class=\"update-text-post_text\">\r\n												Lorem ipsum dolor sit amet, consectetur adipiscing elit. Nunc sed mollis nunc. Nunc venenatis odio eget consequat ullamcorper. Phasellus a leo vel leo...											</div>\r\n										\r\n																							</div>\r\n\r\n														</div>\r\n			</div>\r\n		</div>\r\n\r\n		',180,NULL,NULL,NULL,0,1),(79,53,52,'2014-07-21 09:24:26',2,'\r\n\r\n\r\n\r\n\r\n		<div class=\"update-info  update-is_sub\">\r\n			<div>\r\n\r\n																	<div class=\"update-textblock\">\r\n									<div class=\"update-text\">\r\n																																			<div class=\"update-text-post_text\">\r\n												Lorem ipsum dolor sit amet, consectetur adipiscing elit. Nunc sed mollis nunc. Nunc venenatis odio eget consequat ullamcorper. Phasellus a leo vel leo...											</div>\r\n										\r\n																							</div>\r\n\r\n														</div>\r\n			</div>\r\n		</div>\r\n\r\n		',180,NULL,NULL,NULL,0,1),(80,53,52,'2014-07-21 09:24:43',2,'\r\n\r\n\r\n\r\n\r\n		<div class=\"update-info  update-is_sub\">\r\n			<div>\r\n\r\n																	<div class=\"update-textblock\">\r\n									<div class=\"update-text\">\r\n																																			<div class=\"update-text-post_text\">\r\n												Lorem ipsum dolor sit amet, consectetur adipiscing elit. Nunc sed mollis nunc. Nunc venenatis odio eget consequat ullamcorper. Phasellus a leo vel leo...											</div>\r\n										\r\n																							</div>\r\n\r\n														</div>\r\n			</div>\r\n		</div>\r\n\r\n		',179,NULL,NULL,NULL,0,1),(81,53,52,'2014-07-21 09:24:48',2,'\r\n\r\n\r\n\r\n\r\n		<div class=\"update-info  update-is_sub\">\r\n			<div>\r\n\r\n																	<div class=\"update-textblock\">\r\n									<div class=\"update-text\">\r\n																																			<div class=\"update-text-post_text\">\r\n												Lorem ipsum dolor sit amet, consectetur adipiscing elit. Nunc sed mollis nunc. Nunc venenatis odio eget consequat ullamcorper. Phasellus a leo vel leo...											</div>\r\n										\r\n																							</div>\r\n\r\n														</div>\r\n			</div>\r\n		</div>\r\n\r\n		',178,NULL,NULL,NULL,0,1),(82,53,52,'2014-07-21 09:24:52',2,'\r\n\r\n\r\n\r\n\r\n		<div class=\"update-info  update-is_sub\">\r\n			<div>\r\n\r\n																	<div class=\"update-textblock\">\r\n									<div class=\"update-text\">\r\n																																			<div class=\"update-text-post_text\">\r\n												Lorem ipsum dolor sit amet, consectetur adipiscing elit. Nunc sed mollis nunc. Nunc venenatis odio eget consequat ullamcorper. Phasellus a leo vel leo...											</div>\r\n										\r\n																							</div>\r\n\r\n														</div>\r\n			</div>\r\n		</div>\r\n\r\n		',177,NULL,NULL,NULL,0,1),(83,53,52,'2014-07-21 09:24:57',2,'\r\n\r\n\r\n\r\n\r\n		<div class=\"update-info  update-is_sub\">\r\n			<div>\r\n\r\n																	<div class=\"update-textblock\">\r\n									<div class=\"update-text\">\r\n																																			<div class=\"update-text-post_text\">\r\n												fghj fghj fghj fghj											</div>\r\n										\r\n																							</div>\r\n\r\n														</div>\r\n			</div>\r\n		</div>\r\n\r\n		',176,NULL,NULL,NULL,0,1),(84,53,52,'2014-07-21 09:25:02',2,'\r\n\r\n\r\n\r\n\r\n		<div class=\"update-info  update-is_sub\">\r\n			<div>\r\n\r\n																	<div class=\"update-textblock\">\r\n									<div class=\"update-text\">\r\n																																			<div class=\"update-text-post_text\">\r\n												fgh jfghj ghfj fghj fghj fghj											</div>\r\n										\r\n																							</div>\r\n\r\n														</div>\r\n			</div>\r\n		</div>\r\n\r\n		',175,NULL,NULL,NULL,0,1),(85,53,52,'2014-07-21 09:51:35',2,'\r\n\r\n\r\n\r\n\r\n		<div class=\"update-info  update-is_sub\">\r\n			<div>\r\n\r\n																	<div class=\"update-textblock\">\r\n									<div class=\"update-text\">\r\n																																			<div class=\"update-text-post_text\">\r\n												fgh jfghj ghfj fghj fghj fghj											</div>\r\n										\r\n																							</div>\r\n\r\n														</div>\r\n			</div>\r\n		</div>\r\n\r\n		',175,NULL,NULL,NULL,0,1),(86,53,52,'2014-07-21 09:51:39',2,'\r\n\r\n\r\n\r\n\r\n		<div class=\"update-info  update-is_sub\">\r\n			<div>\r\n\r\n																	<div class=\"update-textblock\">\r\n									<div class=\"update-text\">\r\n																																			<div class=\"update-text-post_text\">\r\n												fghj fghj fghj fghj											</div>\r\n										\r\n																							</div>\r\n\r\n														</div>\r\n			</div>\r\n		</div>\r\n\r\n		',176,NULL,NULL,NULL,0,1),(87,53,52,'2014-07-21 09:51:41',2,'\r\n\r\n\r\n\r\n\r\n		<div class=\"update-info  update-is_sub\">\r\n			<div>\r\n\r\n																	<div class=\"update-textblock\">\r\n									<div class=\"update-text\">\r\n																																			<div class=\"update-text-post_text\">\r\n												Lorem ipsum dolor sit amet, consectetur adipiscing elit. Nunc sed mollis nunc. Nunc venenatis odio eget consequat ullamcorper. Phasellus a leo vel leo...											</div>\r\n										\r\n																							</div>\r\n\r\n														</div>\r\n			</div>\r\n		</div>\r\n\r\n		',177,NULL,NULL,NULL,0,1),(88,53,52,'2014-07-21 09:51:44',2,'\r\n\r\n\r\n\r\n\r\n		<div class=\"update-info  update-is_sub\">\r\n			<div>\r\n\r\n																	<div class=\"update-textblock\">\r\n									<div class=\"update-text\">\r\n																																			<div class=\"update-text-post_text\">\r\n												Lorem ipsum dolor sit amet, consectetur adipiscing elit. Nunc sed mollis nunc. Nunc venenatis odio eget consequat ullamcorper. Phasellus a leo vel leo...											</div>\r\n										\r\n																							</div>\r\n\r\n														</div>\r\n			</div>\r\n		</div>\r\n\r\n		',178,NULL,NULL,NULL,0,1),(89,53,52,'2014-07-21 09:51:46',2,'\r\n\r\n\r\n\r\n\r\n		<div class=\"update-info  update-is_sub\">\r\n			<div>\r\n\r\n																	<div class=\"update-textblock\">\r\n									<div class=\"update-text\">\r\n																																			<div class=\"update-text-post_text\">\r\n												Lorem ipsum dolor sit amet, consectetur adipiscing elit. Nunc sed mollis nunc. Nunc venenatis odio eget consequat ullamcorper. Phasellus a leo vel leo...											</div>\r\n										\r\n																							</div>\r\n\r\n														</div>\r\n			</div>\r\n		</div>\r\n\r\n		',179,NULL,NULL,NULL,0,1),(90,53,52,'2014-07-21 10:19:21',2,'\r\n\r\n\r\n\r\n\r\n		<div class=\"update-info  update-is_sub\">\r\n			<div>\r\n\r\n																	<div class=\"update-textblock\">\r\n									<div class=\"update-text\">\r\n																																			<div class=\"update-text-post_text\">\r\n												Lorem ipsum dolor sit amet, consectetur adipiscing elit. Nunc sed mollis nunc. Nunc venenatis odio eget consequat ullamcorper. Phasellus a leo vel leo...											</div>\r\n										\r\n																							</div>\r\n\r\n														</div>\r\n			</div>\r\n		</div>\r\n\r\n		',181,NULL,NULL,NULL,0,1),(91,53,52,'2014-07-21 10:19:25',2,'\r\n\r\n\r\n\r\n\r\n		<div class=\"update-info  update-is_sub\">\r\n			<div>\r\n\r\n																	<div class=\"update-textblock\">\r\n									<div class=\"update-text\">\r\n																																			<div class=\"update-text-post_text\">\r\n												sd gfdfsg sdfg 											</div>\r\n										\r\n																							</div>\r\n\r\n														</div>\r\n			</div>\r\n		</div>\r\n\r\n		',182,NULL,NULL,NULL,0,1),(92,53,52,'2014-07-21 10:19:28',2,'\r\n\r\n\r\n\r\n\r\n		<div class=\"update-info  update-is_sub\">\r\n			<div>\r\n\r\n																	<div class=\"update-textblock\">\r\n									<div class=\"update-text\">\r\n																																			<div class=\"update-text-post_text\">\r\n												Lorem ipsum dolor sit amet, consectetur adipiscing elit. Nunc sed mollis nunc. Nunc venenatis odio eget consequat ullamcorper. Phasellus a leo vel leo...											</div>\r\n										\r\n																							</div>\r\n\r\n														</div>\r\n			</div>\r\n		</div>\r\n\r\n		',183,NULL,NULL,NULL,0,1),(93,53,52,'2014-07-21 10:22:51',2,'\r\n\r\n\r\n\r\n\r\n		<div class=\"update-info  update-is_sub\">\r\n			<div>\r\n\r\n																	<div class=\"update-textblock\">\r\n									<div class=\"update-text\">\r\n																																			<div class=\"update-text-post_text\">\r\n												Lorem ipsum dolor sit amet, consectetur adipiscing elit. Nunc sed mollis nunc. Nunc venenatis odio eget consequat ullamcorper. Phasellus a leo vel leo...											</div>\r\n										\r\n																							</div>\r\n\r\n														</div>\r\n			</div>\r\n		</div>\r\n\r\n		',183,NULL,NULL,NULL,0,1),(94,53,52,'2014-07-21 10:22:54',2,'\r\n\r\n\r\n\r\n\r\n		<div class=\"update-info  update-is_sub\">\r\n			<div>\r\n\r\n																	<div class=\"update-textblock\">\r\n									<div class=\"update-text\">\r\n																																			<div class=\"update-text-post_text\">\r\n												sd gfdfsg sdfg 											</div>\r\n										\r\n																							</div>\r\n\r\n														</div>\r\n			</div>\r\n		</div>\r\n\r\n		',182,NULL,NULL,NULL,0,1),(95,52,53,'2014-07-21 10:24:17',5,'People endorse your skill <span>\"Delphi\"</span>',NULL,5,NULL,NULL,0,1),(96,52,53,'2014-07-21 10:24:19',5,'People endorse your skill <span>\"MySql\"</span>',NULL,6,NULL,NULL,0,1),(97,52,53,'2014-07-21 10:24:29',5,'People endorse your skill <span>\"PHP\"</span>',NULL,1,NULL,NULL,0,1),(98,53,52,'2014-07-24 03:30:51',2,'\r\n\r\n\r\n\r\n\r\n		<div class=\"update-info  update-is_sub\">\r\n			<div>\r\n\r\n																	<div class=\"update-textblock\">\r\n									<div class=\"update-text\">\r\n																																			<div class=\"update-text-post_text\">\r\n												 dgf sdfg sdfg sdfg sdf											</div>\r\n										\r\n																							</div>\r\n\r\n														</div>\r\n			</div>\r\n		</div>\r\n\r\n		',185,NULL,NULL,NULL,0,1),(99,53,51,'2014-07-24 05:10:29',1,'\r\n\r\n\r\n\r\n\r\n		<div class=\"update-info  update-is_sub\">\r\n			<div>\r\n\r\n																	<div class=\"update-textblock\">\r\n									<div class=\"update-text\">\r\n																																			<div class=\"update-text-post_image\">\r\n																								<img src=\"/content/updates/image/a/i/b/aib679y7/userava_44.jpg\" onclick=\"box.previewImage(this);\" data-img=\"/content/updates/image/a/i/b/aib679y7/preview.jpg\" />\r\n											</div>\r\n										\r\n																							</div>\r\n\r\n														</div>\r\n			</div>\r\n		</div>\r\n\r\n		',189,NULL,NULL,NULL,0,1),(100,51,51,'2014-07-25 09:49:27',3,NULL,NULL,NULL,NULL,NULL,0,1),(101,52,51,'2014-07-31 04:34:53',2,'\r\n\r\n\r\n\r\n\r\n		<div class=\"update-info  update-is_sub\">\r\n			<div>\r\n\r\n																	<div class=\"update-textblock\">\r\n									<div class=\"update-text\">\r\n																											<div>\r\n																		<div class=\"update-shared\">\r\n										\r\n\r\n\r\n\r\n\r\n		<div class=\"update-info  update-is_sub\">\r\n			<div>\r\n\r\n																	<div class=\"update-textblock\">\r\n									<div class=\"update-text\">\r\n																																									<div class=\"update-text-post_text\">\r\n												 dfgh dfgh dfgh dfghdgf hdgfh											</div>\r\n										\r\n																							</div>\r\n\r\n														</div>\r\n			</div>\r\n		</div>\r\n\r\n											</div>\r\n								</div>\r\n													</div>\r\n\r\n														</div>\r\n			</div>\r\n		</div>\r\n\r\n		',213,NULL,NULL,NULL,0,1),(106,52,51,'2014-07-31 04:40:19',2,'\r\n\r\n\r\n\r\n\r\n		<div class=\"update-info  update-is_sub\">\r\n			<div>\r\n\r\n																	<div class=\"update-textblock\">\r\n									<div class=\"update-text\">\r\n																																									<div class=\"update-text-post_text\">\r\n												 dfgh dfgh dfgh dgfh											</div>\r\n										\r\n																							</div>\r\n\r\n														</div>\r\n			</div>\r\n		</div>\r\n\r\n		',216,NULL,NULL,NULL,0,1),(107,52,51,'2014-07-31 04:40:22',2,'\r\n\r\n\r\n\r\n\r\n		<div class=\"update-info  update-is_sub\">\r\n			<div>\r\n\r\n																	<div class=\"update-textblock\">\r\n									<div class=\"update-text\">\r\n																																									<div class=\"update-text-post_text\">\r\n												 dfgh dfgh dfgh dgf											</div>\r\n										\r\n																							</div>\r\n\r\n														</div>\r\n			</div>\r\n		</div>\r\n\r\n		',215,NULL,NULL,NULL,0,1),(108,52,51,'2014-07-31 04:40:25',2,'\r\n\r\n\r\n\r\n\r\n		<div class=\"update-info  update-is_sub\">\r\n			<div>\r\n\r\n																	<div class=\"update-textblock\">\r\n									<div class=\"update-text\">\r\n																																									<div class=\"update-text-post_text\">\r\n												dfg hdgfh dgf hdgfh 											</div>\r\n										\r\n																							</div>\r\n\r\n														</div>\r\n			</div>\r\n		</div>\r\n\r\n		',214,NULL,NULL,NULL,0,1),(109,52,51,'2014-07-31 04:40:58',2,'\r\n\r\n\r\n\r\n\r\n		<div class=\"update-info  update-is_sub\">\r\n			<div>\r\n\r\n																	<div class=\"update-textblock\">\r\n									<div class=\"update-text\">\r\n																																									<div class=\"update-text-post_text\">\r\n												 sdfg sdfg											</div>\r\n										\r\n																							</div>\r\n\r\n														</div>\r\n			</div>\r\n		</div>\r\n\r\n		',220,NULL,NULL,NULL,0,1),(110,52,51,'2014-07-31 04:41:02',2,'\r\n\r\n\r\n\r\n\r\n		<div class=\"update-info  update-is_sub\">\r\n			<div>\r\n\r\n																	<div class=\"update-textblock\">\r\n									<div class=\"update-text\">\r\n																																									<div class=\"update-text-post_text\">\r\n												 sdfg sdfg 											</div>\r\n										\r\n																							</div>\r\n\r\n														</div>\r\n			</div>\r\n		</div>\r\n\r\n		',219,NULL,NULL,NULL,0,1),(111,52,51,'2014-07-31 04:41:06',2,'\r\n\r\n\r\n\r\n\r\n		<div class=\"update-info  update-is_sub\">\r\n			<div>\r\n\r\n																	<div class=\"update-textblock\">\r\n									<div class=\"update-text\">\r\n																																									<div class=\"update-text-post_text\">\r\n												 dsfg sdfg 											</div>\r\n										\r\n																							</div>\r\n\r\n														</div>\r\n			</div>\r\n		</div>\r\n\r\n		',218,NULL,NULL,NULL,0,1),(112,52,51,'2014-07-31 04:41:09',2,'\r\n\r\n\r\n\r\n\r\n		<div class=\"update-info  update-is_sub\">\r\n			<div>\r\n\r\n																	<div class=\"update-textblock\">\r\n									<div class=\"update-text\">\r\n																																									<div class=\"update-text-post_text\">\r\n												fdg sdf gsdf											</div>\r\n										\r\n																							</div>\r\n\r\n														</div>\r\n			</div>\r\n		</div>\r\n\r\n		',217,NULL,NULL,NULL,0,1),(115,52,51,'2014-07-31 08:54:49',2,'\r\n\r\n\r\n<li data-id=\"timeline_727\">\r\n	<div>\r\n\r\n		<div class=\"update-info  \">\r\n			<div>\r\n\r\n									<div class=\"update-user_name\">\r\n													<b><a href=\"http://localhost/profile/51/\" title=\"View profile\">Andrew Svorak</a></b>\r\n						\r\n													<span class=\"update-type_label icons update-type-1\"> <span></span>Shared an update</span>\r\n											</div>\r\n\r\n											<a class=\"update-img_updater\" href=\"http://localhost/profile/51/\" title=\"View profile\"><img src=\"/content/ava/image/w/q/1/wq1kfasz/userava_94.jpg\" title=\"\" /></a><div class=\"update-textblock\">\r\n					\r\n					<div class=\"update-text\">\r\n														<a class=\"update-titletext\" href=\"http://localhost/groups/discussion/727/\">Test group  title </a>\r\n\r\n																		<div class=\"update-text-post_text\">\r\n											Maecenas at ultrices sem. Aenean in augue non augue dignissim interdum. Pellentesque dui leo, iaculis quis nunc id, congue sagittis tortor. Cras urna ...										</div>\r\n\r\n																							</div>\r\n\r\n																			<div class=\"list-panel-btns\">\r\n									<a href=\"http://localhost/updates/like/727/\"  onclick=\"return web.ajaxGet(this);\" class=\"icons i-like icon-text btn-icon\" > <span></span><div>0</div></a>\r\n\r\n																			<a href=\"http://localhost/updates/comments/727/\"  onclick=\"return web.showHideComments(this)\" class=\"icons i-comments icon-text btn-icon\" > <span></span><div>1</div> </a>\r\n																	</div>\r\n								<div class=\"list-panel-bottom\">\r\n									07.31.2014 08:53 AM								</div>\r\n																						<div class=\"update-comments\"></div>\r\n									</div>\r\n			</div>\r\n		</div>\r\n\r\n			</div>\r\n</li>\r\n',225,NULL,NULL,NULL,0,1),(116,51,51,'2014-07-31 08:58:37',2,'\r\n\r\n\r\n<li data-id=\"timeline_728\">\r\n	<div>\r\n\r\n		<div class=\"update-info  \">\r\n			<div>\r\n\r\n									<div class=\"update-user_name\">\r\n													<b><a href=\"http://localhost/profile/52/\" title=\"View profile\">vova Stasic</a></b>\r\n						\r\n													<span class=\"update-type_label icons update-type-10\"> <span></span>Added new comment to the post</span>\r\n											</div>\r\n\r\n											<a class=\"update-img_updater\" href=\"http://localhost/profile/52/\" title=\"View profile\"><img src=\"/content/ava/image/w/u/c/wucwfdqo/userava_94.jpg\" title=\"\" /></a><div class=\"update-textblock\">\r\n					\r\n					<div class=\"update-text\">\r\n																													<div>\r\n																		<div class=\"update-shared\">\r\n										\r\n\r\n\r\n\r\n		<div class=\"update-info  update-is_sub\">\r\n			<div>\r\n\r\n									<div class=\"update-user_name\">\r\n													<b><a href=\"http://localhost/groups/3/\" title=\"View group\">My group</a></b>\r\n						\r\n											</div>\r\n\r\n											<a class=\"update-img_updater\" href=\"http://localhost/groups/3/\" title=\"View group\"><img src=\"/content/group_emblem/image/s/d/t/sdt4n9o6/userava_44.jpg\" title=\"\" /></a><div class=\"update-textblock\">\r\n					\r\n					<div class=\"update-text\">\r\n														<a class=\"update-titletext\" href=\"http://localhost/groups/discussion/727/\">Test group  title </a>\r\n\r\n																		<div class=\"update-text-post_text\">\r\n											Maecenas at ultrices sem. Aenean in augue non augue dignissim interdum. Pellentesque dui leo, iaculis quis nunc id, congue sagittis tortor. Cras urna ...										</div>\r\n\r\n																							</div>\r\n\r\n														</div>\r\n			</div>\r\n		</div>\r\n\r\n											</div>\r\n								</div>\r\n													</div>\r\n\r\n																			<div class=\"list-panel-btns\">\r\n									<a href=\"http://localhost/updates/like/728/\"  onclick=\"return web.ajaxGet(this);\" class=\"icons i-like icon-text btn-icon\" > <span></span><div>0</div></a>\r\n\r\n																			<a href=\"http://localhost/updates/comments/728/\"  onclick=\"return web.showHideComments(this)\" class=\"icons i-comments icon-text btn-icon\" > <span></span><div>1</div> </a>\r\n																	</div>\r\n								<div class=\"list-panel-bottom\">\r\n									07.31.2014 08:53 AM								</div>\r\n\r\n																								<div class=\"update-comments\"></div>\r\n									</div>\r\n			</div>\r\n		</div>\r\n\r\n			</div>\r\n</li>\r\n',225,NULL,NULL,NULL,0,1),(117,51,51,'2014-07-31 09:12:53',1,'\r\n\r\n\r\n<li data-id=\"timeline_731\">\r\n	<div>\r\n\r\n		<div class=\"update-info  \">\r\n			<div>\r\n\r\n									<div class=\"update-user_name\">\r\n													<b><a href=\"http://localhost/profile/53/\" title=\"View profile\">Mykola Stasiv</a></b>\r\n						\r\n													<span class=\"update-type_label icons update-type-12\"> <span></span>Added new comment to the discussion</span>\r\n											</div>\r\n\r\n											<a class=\"update-img_updater\" href=\"http://localhost/profile/53/\" title=\"View profile\"><img src=\"/resources/images/noimage_94.jpg\" title=\"\" /></a><div class=\"update-textblock\">\r\n					\r\n					<div class=\"update-text\">\r\n																													<div>\r\n																		<div class=\"update-shared\">\r\n										\r\n\r\n\r\n\r\n		<div class=\"update-info  update-is_sub\">\r\n			<div>\r\n\r\n									<div class=\"update-user_name\">\r\n													<b><a href=\"http://localhost/groups/3/\" title=\"View group\">My group</a></b>\r\n						\r\n											</div>\r\n\r\n											<a class=\"update-img_updater\" href=\"http://localhost/groups/3/\" title=\"View group\"><img src=\"/content/group_emblem/image/s/d/t/sdt4n9o6/userava_44.jpg\" title=\"\" /></a><div class=\"update-textblock\">\r\n					\r\n					<div class=\"update-text\">\r\n														<a class=\"update-titletext\" href=\"http://localhost/groups/discussion/727/\">Test group  title </a>\r\n\r\n																		<div class=\"update-text-post_text\">\r\n											Maecenas at ultrices sem. Aenean in augue non augue dignissim interdum. Pellentesque dui leo, iaculis quis nunc id, congue sagittis tortor. Cras urna ...										</div>\r\n\r\n																							</div>\r\n\r\n														</div>\r\n			</div>\r\n		</div>\r\n\r\n											</div>\r\n								</div>\r\n													</div>\r\n\r\n																			<div class=\"list-panel-btns\">\r\n									<a href=\"http://localhost/updates/like/731/\"  onclick=\"return web.ajaxGet(this);\" class=\"icons i-like icon-text btn-icon\" > <span></span><div>0</div></a>\r\n\r\n																			<a href=\"http://localhost/updates/comments/731/\"  onclick=\"return web.showHideComments(this)\" class=\"icons i-comments icon-text btn-icon\" > <span></span><div>4</div> </a>\r\n																	</div>\r\n								<div class=\"list-panel-bottom\">\r\n									07.31.2014 08:53 AM								</div>\r\n\r\n																								<div class=\"update-comments\"></div>\r\n									</div>\r\n			</div>\r\n		</div>\r\n\r\n			</div>\r\n</li>\r\n',225,NULL,NULL,NULL,0,1),(118,51,52,'2014-07-31 09:17:00',1,'\r\n\r\n\r\n\r\n\r\n		<div class=\"update-info  update-is_sub\">\r\n			<div>\r\n\r\n																	<div class=\"update-textblock\">\r\n									<div class=\"update-text\">\r\n																				<div>\r\n																		<div class=\"update-shared\">\r\n										\r\n\r\n\r\n\r\n\r\n		<div class=\"update-info  update-is_sub\">\r\n			<div>\r\n\r\n																	<div class=\"update-textblock\">\r\n									<div class=\"update-text\">\r\n																																									<div class=\"update-text-post_text\">\r\n												Lorem ipsum dolor sit amet, consectetur adipiscing elit. Nullam quis tellus ac nulla pulvinar cursus. Ut porttitor posuere elit at condimentum. Intege...											</div>\r\n										\r\n																							</div>\r\n\r\n														</div>\r\n			</div>\r\n		</div>\r\n\r\n											</div>\r\n								</div>\r\n													</div>\r\n\r\n														</div>\r\n			</div>\r\n		</div>\r\n\r\n		',164,NULL,NULL,NULL,0,1),(119,51,52,'2014-08-05 09:46:35',1,'Exception \'InvalidArgumentException\' with message \'Property \"timelineLikesUserId\" does not exist.\' in Z:\\home\\mekoo\\system\\library\\system\\model.php:521\nStack trace:\n#0 Z:\\home\\mekoo\\application\\views\\pages\\updates\\item-update.php(519): System_Model->__get(\'timelineLikesUs...\')\n#1 Z:\\home\\mekoo\\system\\library\\system\\view.php(210): include(\'Z:\\home\\mekoo\\a...\')\n#2 Z:\\home\\mekoo\\system\\library\\system\\view.php(194): System_View::evaluate(\'Z:\\home\\mekoo\\a...\', Array)\n#3 Z:\\home\\mekoo\\system\\library\\system\\view.php(142): System_View->render()\n#4 Z:\\home\\mekoo\\application\\library\\model\\notifications.php(170): System_View->__toString()\n#5 Z:\\home\\mekoo\\application\\library\\model\\notifications.php(100): Model_Notifications::createNotification(1, \'51\', Array)\n#6 Z:\\home\\mekoo\\application\\library\\updates.php(346): Model_Notifications::createLikeNotification(\'51\', Object(Model_Timeline))\n#7 Z:\\home\\mekoo\\application\\controllers\\updates.php(488): Updates::like(Object(Model_Timeline), Object(Model_User))\n#8 [internal function]: Updates_Controller->actionLike(759)\n#9 Z:\\home\\mekoo\\system\\library\\system\\request.php(322): ReflectionMethod->invokeArgs(Object(Updates_Controller), Array)\n#10 Z:\\home\\mekoo\\application\\library\\application.php(43): System_Request::execute(\'/updates/like/7...\')\n#11 Z:\\home\\mekoo\\www\\index.php(22): Application::execute()\n#12 {main}',243,NULL,NULL,NULL,0,1),(120,51,53,'2014-08-05 09:47:03',1,'Exception \'InvalidArgumentException\' with message \'Property \"timelineLikesUserId\" does not exist.\' in Z:\\home\\mekoo\\system\\library\\system\\model.php:521\nStack trace:\n#0 Z:\\home\\mekoo\\application\\views\\pages\\updates\\item-update.php(519): System_Model->__get(\'timelineLikesUs...\')\n#1 Z:\\home\\mekoo\\system\\library\\system\\view.php(210): include(\'Z:\\home\\mekoo\\a...\')\n#2 Z:\\home\\mekoo\\system\\library\\system\\view.php(194): System_View::evaluate(\'Z:\\home\\mekoo\\a...\', Array)\n#3 Z:\\home\\mekoo\\system\\library\\system\\view.php(142): System_View->render()\n#4 Z:\\home\\mekoo\\application\\library\\model\\notifications.php(170): System_View->__toString()\n#5 Z:\\home\\mekoo\\application\\library\\model\\notifications.php(100): Model_Notifications::createNotification(1, \'51\', Array)\n#6 Z:\\home\\mekoo\\application\\library\\updates.php(346): Model_Notifications::createLikeNotification(\'51\', Object(Model_Timeline))\n#7 Z:\\home\\mekoo\\application\\controllers\\updates.php(488): Updates::like(Object(Model_Timeline), Object(Model_User))\n#8 [internal function]: Updates_Controller->actionLike(466)\n#9 Z:\\home\\mekoo\\system\\library\\system\\request.php(322): ReflectionMethod->invokeArgs(Object(Updates_Controller), Array)\n#10 Z:\\home\\mekoo\\application\\library\\application.php(43): System_Request::execute(\'/updates/like/4...\')\n#11 Z:\\home\\mekoo\\www\\index.php(22): Application::execute()\n#12 {main}',156,NULL,NULL,NULL,0,1),(121,51,52,'2014-08-05 09:47:33',1,'\r\n\r\n\r\nException \'InvalidArgumentException\' with message \'Property \"timelineLikesUserId\" does not exist.\' in Z:\\home\\mekoo\\system\\library\\system\\model.php:521\nStack trace:\n#0 Z:\\home\\mekoo\\application\\views\\pages\\updates\\item-update_company.php(153): System_Model->__get(\'timelineLikesUs...\')\n#1 Z:\\home\\mekoo\\system\\library\\system\\view.php(210): include(\'Z:\\home\\mekoo\\a...\')\n#2 Z:\\home\\mekoo\\system\\library\\system\\view.php(194): System_View::evaluate(\'Z:\\home\\mekoo\\a...\', Array)\n#3 Z:\\home\\mekoo\\system\\library\\system\\view.php(142): System_View->render()\n#4 Z:\\home\\mekoo\\application\\views\\pages\\updates\\item-update.php(274): System_View->__toString()\n#5 Z:\\home\\mekoo\\system\\library\\system\\view.php(210): include(\'Z:\\home\\mekoo\\a...\')\n#6 Z:\\home\\mekoo\\system\\library\\system\\view.php(194): System_View::evaluate(\'Z:\\home\\mekoo\\a...\', Array)\n#7 Z:\\home\\mekoo\\system\\library\\system\\view.php(142): System_View->render()\n#8 Z:\\home\\mekoo\\application\\library\\model\\notifications.php(170): System_View->__toString()\n#9 Z:\\home\\mekoo\\application\\library\\model\\notifications.php(100): Model_Notifications::createNotification(1, \'51\', Array)\n#10 Z:\\home\\mekoo\\application\\library\\updates.php(346): Model_Notifications::createLikeNotification(\'51\', Object(Model_Timeline))\n#11 Z:\\home\\mekoo\\application\\controllers\\updates.php(488): Updates::like(Object(Model_Timeline), Object(Model_User))\n#12 [internal function]: Updates_Controller->actionLike(481)\n#13 Z:\\home\\mekoo\\system\\library\\system\\request.php(322): ReflectionMethod->invokeArgs(Object(Updates_Controller), Array)\n#14 Z:\\home\\mekoo\\application\\library\\application.php(43): System_Request::execute(\'/updates/like/4...\')\n#15 Z:\\home\\mekoo\\www\\index.php(22): Application::execute()\n#16 {main}',168,NULL,NULL,NULL,0,1),(122,51,51,'2014-08-14 05:01:31',3,NULL,NULL,NULL,NULL,NULL,0,1),(123,51,61,'2014-08-15 08:36:37',3,NULL,NULL,NULL,NULL,NULL,0,0),(124,51,52,'2014-08-15 08:36:53',5,'People endorse your skill <span>\"testing\"</span>',NULL,7,NULL,NULL,0,1),(126,51,51,'2014-09-15 11:01:18',2,'\r\n\r\n\r\n\r\n		<div class=\"update-info  update-is_sub\">\r\n			<div>\r\n\r\n								\r\n									<div class=\"update-textblock\">\r\n				\r\n					<div class=\"update-text\">\r\n						\r\n																		<div class=\"update-text-post_text\">\r\n											kjjkhjkhjk3334 4545454										</div>\r\n\r\n																							</div>\r\n\r\n														</div>\r\n			</div>\r\n		</div>\r\n\r\n',305,NULL,NULL,NULL,0,1),(127,51,51,'2014-09-15 11:01:46',1,'\r\n\r\n\r\n\r\n		<div class=\"update-info  update-is_sub\">\r\n			<div>\r\n\r\n								\r\n									<div class=\"update-textblock\">\r\n				\r\n					<div class=\"update-text\">\r\n						\r\n																		<div class=\"update-text-post_text\">\r\n											і вап івап іва										</div>\r\n\r\n																							</div>\r\n\r\n														</div>\r\n			</div>\r\n		</div>\r\n\r\n',303,NULL,NULL,NULL,0,1),(128,51,53,'2014-09-15 11:02:39',1,'\r\n\r\n\r\n\r\n		<div class=\"update-info  update-is_sub\">\r\n			<div>\r\n																	<div class=\"update-textblock\">\r\n									<div class=\"update-text\">\r\n																									<div class=\"update-text-post_text\">\r\n												test message											</div>\r\n\r\n																							</div>\r\n\r\n														</div>\r\n			</div>\r\n		</div>\r\n\r\n',273,NULL,NULL,NULL,0,1),(129,59,51,'2014-09-16 10:42:35',3,NULL,NULL,NULL,NULL,NULL,0,1),(130,61,61,'2014-09-18 04:13:19',3,NULL,NULL,NULL,NULL,NULL,0,0),(131,59,51,'2014-09-18 08:32:33',3,NULL,NULL,NULL,NULL,NULL,0,1),(132,52,61,'2014-09-18 08:40:39',4,NULL,NULL,NULL,NULL,NULL,0,0),(133,52,61,'2014-09-18 08:45:37',4,NULL,NULL,NULL,NULL,NULL,0,0),(134,53,61,'2014-09-18 09:18:06',4,NULL,NULL,NULL,NULL,NULL,0,0),(135,3,70,'2014-09-29 02:46:29',3,NULL,NULL,NULL,NULL,NULL,0,0),(136,51,52,'2014-10-08 10:12:56',2,'\r\n\r\n\r\n\r\n\r\n\r\n		<div class=\"update-info  update-is_sub\">\r\n			<div>\r\n																	<div class=\"update-textblock\">\r\n									<div class=\"update-text\">\r\n																								<div class=\"update-text-post_web\">\r\n											<a href=\"http://nung.edu.ua/en/contacts\" target=\"_blank\"></a>\r\n																																</div>\r\n\r\n																							</div>\r\n\r\n														</div>\r\n			</div>\r\n		</div>\r\n\r\n',278,NULL,NULL,NULL,0,1),(137,52,51,'2014-10-08 10:14:06',2,'\r\n\r\n\r\n\r\n\r\n\r\n		<div class=\"update-info  update-is_sub\">\r\n			<div>\r\n																	<div class=\"update-textblock\">\r\n									<div class=\"update-text\">\r\n																									<div class=\"update-text-post_text\">\r\n												 sdfg sdfg											</div>\r\n\r\n																							</div>\r\n\r\n														</div>\r\n			</div>\r\n		</div>\r\n\r\n',220,NULL,NULL,NULL,0,1),(138,51,51,'2014-10-08 10:18:29',2,'\r\n\r\n\r\n\r\n		<div class=\"update-info  update-is_sub\">\r\n			<div>\r\n\r\n								\r\n									<div class=\"update-textblock\">\r\n				\r\n					<div class=\"update-text\">\r\n						\r\n																		<div class=\"update-text-post_text\">\r\n											kjjkhjkhjk3334 4545454										</div>\r\n\r\n																							</div>\r\n\r\n														</div>\r\n			</div>\r\n		</div>\r\n\r\n',305,NULL,NULL,NULL,0,1),(139,52,51,'2014-10-08 10:46:31',2,'\r\n\r\n\r\n\r\n		<div class=\"update-info  update-is_sub\">\r\n			<div>\r\n\r\n								\r\n									<div class=\"update-textblock\">\r\n				\r\n					<div class=\"update-text\">\r\n						\r\n																		<div class=\"update-text-post_text\">\r\n											kjjkhjkhjk3334 4545454										</div>\r\n\r\n																							</div>\r\n\r\n														</div>\r\n			</div>\r\n		</div>\r\n\r\n',305,NULL,NULL,NULL,0,1),(140,51,51,'2014-10-09 03:44:33',2,'\r\n\r\n\r\n\r\n		<div class=\"update-info  update-is_sub\">\r\n			<div>\r\n\r\n								\r\n									<div class=\"update-textblock\">\r\n				\r\n					<div class=\"update-text\">\r\n						\r\n																		<div class=\"update-text-post_image\">\r\n											апапапап											<img src=\"/content/updates/image/0/1/r/01r7er4o/userava_44.jpg\" onclick=\"box.previewImage(this);\" data-img=\"/content/updates/image/0/1/r/01r7er4o/preview.jpg\" />\r\n										</div>\r\n\r\n																							</div>\r\n\r\n														</div>\r\n			</div>\r\n		</div>\r\n\r\n',304,NULL,NULL,NULL,0,1),(141,52,51,'2014-10-09 04:26:32',2,'\r\n\r\n\r\n\r\n\r\n\r\n		<div class=\"update-info  update-is_sub\">\r\n			<div>\r\n																	<div class=\"update-textblock\">\r\n									<div class=\"update-text\">\r\n																									<div class=\"update-text-post_text\">\r\n												http://www.chicagotribune.com/news/local/breaking/chi-ctu-karen-lewis-being-evaluated-at-hospital-20141006-story.html											</div>\r\n\r\n																							</div>\r\n\r\n														</div>\r\n			</div>\r\n		</div>\r\n\r\n',333,NULL,NULL,NULL,0,1),(142,52,51,'2014-10-09 04:28:18',2,'\r\n\r\n\r\n\r\n\r\n\r\n		<div class=\"update-info  update-is_sub\">\r\n			<div>\r\n																	<div class=\"update-textblock\">\r\n									<div class=\"update-text\">\r\n																									<div class=\"update-text-post_text\">\r\n												http://www.ynet.co.il/articles/0,7340,L-4578489,00.html											</div>\r\n\r\n																							</div>\r\n\r\n														</div>\r\n			</div>\r\n		</div>\r\n\r\n',332,NULL,NULL,NULL,0,1),(143,52,51,'2014-10-09 04:28:30',2,'\r\n\r\n\r\n\r\n		<div class=\"update-info  update-is_sub\">\r\n			<div>\r\n\r\n								\r\n									<div class=\"update-textblock\">\r\n				\r\n					<div class=\"update-text\">\r\n																																				<div>\r\n									jjjj									<div class=\"update-shared\">\r\n										\r\n\r\n\r\n\r\n		<div class=\"update-info  update-is_sub\">\r\n			<div>\r\n\r\n								\r\n									<div class=\"update-textblock\">\r\n				\r\n					<div class=\"update-text\">\r\n						\r\n																		<div class=\"update-text-post_text\">\r\n											 іва півап іва										</div>\r\n\r\n																							</div>\r\n\r\n														</div>\r\n			</div>\r\n		</div>\r\n\r\n									</div>\r\n								</div>\r\n													</div>\r\n\r\n														</div>\r\n			</div>\r\n		</div>\r\n\r\n',302,NULL,NULL,NULL,0,1),(144,52,51,'2014-10-10 02:52:23',2,'\r\n\r\n\r\n\r\n\r\n\r\n		<div class=\"update-info  update-is_sub\">\r\n			<div>\r\n																	<div class=\"update-textblock\">\r\n									<div class=\"update-text\">\r\n																									<div class=\"update-text-post_text\">\r\n												http://www.chicagotribune.com/news/local/breaking/chi-ctu-karen-lewis-being-evaluated-at-hospital-20141006-story.html											</div>\r\n\r\n																							</div>\r\n\r\n														</div>\r\n			</div>\r\n		</div>\r\n\r\n',333,NULL,NULL,NULL,0,1),(145,52,51,'2014-10-10 02:52:33',2,'\r\n\r\n\r\n\r\n\r\n\r\n		<div class=\"update-info  update-is_sub\">\r\n			<div>\r\n																	<div class=\"update-textblock\">\r\n									<div class=\"update-text\">\r\n																									<div class=\"update-text-post_text\">\r\n												http://www.ynet.co.il/articles/0,7340,L-4578489,00.html											</div>\r\n\r\n																							</div>\r\n\r\n														</div>\r\n			</div>\r\n		</div>\r\n\r\n',332,NULL,NULL,NULL,0,1),(146,52,51,'2014-10-10 02:52:45',2,'\r\n\r\n\r\n\r\n		<div class=\"update-info  update-is_sub\">\r\n			<div>\r\n\r\n								\r\n									<div class=\"update-textblock\">\r\n				\r\n					<div class=\"update-text\">\r\n																																				<div>\r\n									jjjj									<div class=\"update-shared\">\r\n										\r\n\r\n\r\n\r\n		<div class=\"update-info  update-is_sub\">\r\n			<div>\r\n\r\n								\r\n									<div class=\"update-textblock\">\r\n				\r\n					<div class=\"update-text\">\r\n						\r\n																		<div class=\"update-text-post_text\">\r\n											 іва півап іва										</div>\r\n\r\n																							</div>\r\n\r\n														</div>\r\n			</div>\r\n		</div>\r\n\r\n									</div>\r\n								</div>\r\n													</div>\r\n\r\n														</div>\r\n			</div>\r\n		</div>\r\n\r\n',302,NULL,NULL,NULL,0,1),(147,52,51,'2014-10-10 02:52:50',2,'\r\n\r\n\r\n\r\n		<div class=\"update-info  update-is_sub\">\r\n			<div>\r\n\r\n								\r\n									<div class=\"update-textblock\">\r\n				\r\n					<div class=\"update-text\">\r\n																																				<div>\r\n									Ха-ха-ха :)									<div class=\"update-shared\">\r\n										\r\n\r\n\r\n\r\n		<div class=\"update-info  update-is_sub\">\r\n			<div>\r\n\r\n								\r\n									<div class=\"update-textblock\">\r\n				\r\n					<div class=\"update-text\">\r\n						\r\n																		<div class=\"update-text-post_image\">\r\n											апапапап											<img src=\"/content/updates/image/0/1/r/01r7er4o/userava_44.jpg\" onclick=\"box.previewImage(this);\" data-img=\"/content/updates/image/0/1/r/01r7er4o/preview.jpg\" />\r\n										</div>\r\n\r\n																							</div>\r\n\r\n														</div>\r\n			</div>\r\n		</div>\r\n\r\n									</div>\r\n								</div>\r\n													</div>\r\n\r\n														</div>\r\n			</div>\r\n		</div>\r\n\r\n',304,NULL,NULL,NULL,0,1),(148,51,51,'2014-10-10 02:53:21',2,'\r\n\r\n\r\n\r\n		<div class=\"update-info  update-is_sub\">\r\n			<div>\r\n\r\n								\r\n									<div class=\"update-textblock\">\r\n				\r\n					<div class=\"update-text\">\r\n																																				<div>\r\n									fg hjfgh jfgh jf									<div class=\"update-shared\">\r\n										\r\n\r\n\r\n\r\n		<div class=\"update-info  update-is_sub\">\r\n			<div>\r\n\r\n								\r\n									<div class=\"update-textblock\">\r\n				\r\n					<div class=\"update-text\">\r\n						\r\n																		<div class=\"update-text-post_text\">\r\n											 іва півап іва										</div>\r\n\r\n																							</div>\r\n\r\n														</div>\r\n			</div>\r\n		</div>\r\n\r\n									</div>\r\n								</div>\r\n													</div>\r\n\r\n														</div>\r\n			</div>\r\n		</div>\r\n\r\n',302,NULL,NULL,NULL,0,1),(149,51,51,'2014-10-10 03:29:21',2,'\r\n\r\n\r\n\r\n		<div class=\"update-info  update-is_sub\">\r\n			<div>\r\n\r\n								\r\n									<div class=\"update-textblock\">\r\n				\r\n					<div class=\"update-text\">\r\n																																				<div>\r\n									fg hjfgh jfgh jf									<div class=\"update-shared\">\r\n										\r\n\r\n\r\n\r\n		<div class=\"update-info  update-is_sub\">\r\n			<div>\r\n\r\n								\r\n									<div class=\"update-textblock\">\r\n				\r\n					<div class=\"update-text\">\r\n						\r\n																		<div class=\"update-text-post_text\">\r\n											 іва півап іва										</div>\r\n\r\n																							</div>\r\n\r\n														</div>\r\n			</div>\r\n		</div>\r\n\r\n									</div>\r\n								</div>\r\n													</div>\r\n\r\n														</div>\r\n			</div>\r\n		</div>\r\n\r\n',302,NULL,NULL,NULL,0,1),(150,52,51,'2014-10-10 04:01:50',1,'\r\n\r\n\r\n\r\n\r\n\r\n		<div class=\"update-info  update-is_sub\">\r\n			<div>\r\n																	<div class=\"update-textblock\">\r\n									<div class=\"update-text\">\r\n																									<div class=\"update-text-post_text\">\r\n												http://www.chicagotribune.com/news/local/breaking/chi-ctu-karen-lewis-being-evaluated-at-hospital-20141006-story.html											</div>\r\n\r\n																							</div>\r\n\r\n														</div>\r\n			</div>\r\n		</div>\r\n\r\n',333,NULL,NULL,NULL,0,1),(151,52,51,'2014-10-10 04:02:06',2,'\r\n\r\n\r\n\r\n\r\n\r\n		<div class=\"update-info  update-is_sub\">\r\n			<div>\r\n																	<div class=\"update-textblock\">\r\n									<div class=\"update-text\">\r\n																									<div class=\"update-text-post_text\">\r\n												http://www.chicagotribune.com/news/local/breaking/chi-ctu-karen-lewis-being-evaluated-at-hospital-20141006-story.html											</div>\r\n\r\n																							</div>\r\n\r\n														</div>\r\n			</div>\r\n		</div>\r\n\r\n',333,NULL,NULL,NULL,0,1),(152,51,51,'2014-10-13 02:40:31',1,'\r\n\r\n\r\n\r\n\r\n\r\n		<div class=\"update-info  update-is_sub\">\r\n			<div>\r\n																	<div class=\"update-textblock\">\r\n									<div class=\"update-text\">\r\n																												<div>\r\n									hjkhjkhjkhjk									<div class=\"update-shared\">\r\n\r\n																				\r\n\r\n\r\n\r\n\r\n\r\n		<div class=\"update-info  update-is_sub\">\r\n			<div>\r\n																	<div class=\"update-textblock\">\r\n									<div class=\"update-text\">\r\n																									<div class=\"update-text-post_text\">\r\n												http://www.chicagotribune.com/news/local/breaking/chi-ctu-karen-lewis-being-evaluated-at-hospital-20141006-story.html											</div>\r\n\r\n																							</div>\r\n\r\n														</div>\r\n			</div>\r\n		</div>\r\n\r\n									</div>\r\n								</div>\r\n													</div>\r\n\r\n														</div>\r\n			</div>\r\n		</div>\r\n\r\n',333,NULL,NULL,NULL,0,1),(153,51,51,'2014-10-13 02:40:43',1,'\r\n\r\n\r\n\r\n		<div class=\"update-info  update-is_sub\">\r\n			<div>\r\n\r\n								\r\n									<div class=\"update-textblock\">\r\n				\r\n					<div class=\"update-text\">\r\n																																				<div>\r\n									fg hjfgh jfgh jf									<div class=\"update-shared\">\r\n										\r\n\r\n\r\n\r\n		<div class=\"update-info  update-is_sub\">\r\n			<div>\r\n\r\n								\r\n									<div class=\"update-textblock\">\r\n				\r\n					<div class=\"update-text\">\r\n						\r\n																		<div class=\"update-text-post_text\">\r\n											 іва півап іва										</div>\r\n\r\n																							</div>\r\n\r\n														</div>\r\n			</div>\r\n		</div>\r\n\r\n									</div>\r\n								</div>\r\n													</div>\r\n\r\n														</div>\r\n			</div>\r\n		</div>\r\n\r\n',302,NULL,NULL,NULL,0,1),(154,51,53,'2014-10-13 02:41:31',1,'\r\n\r\n\r\n\r\n		<div class=\"update-info  update-is_sub\">\r\n			<div>\r\n\r\n								\r\n									<div class=\"update-textblock\">\r\n				\r\n					<div class=\"update-text\">\r\n						\r\n																		<div class=\"update-text-post_web\">\r\n																							<a href=\"http://askubuntu.com/questions/1224/how-do-i-determine-the-total-size-of-a-directory-folder-from-the-command-line\" target=\"_blank\">How do I determine the total size of a directory (folder) from the command line?</a>\r\n											\r\n											Is there a simple command to display the total aggregate size (disk usage) of all files in a directory (folder)?&lt;br /&gt;<br />\r\n&lt;br /&gt;<br />\r\nI have tried these, an...																					</div>\r\n\r\n																							</div>\r\n\r\n														</div>\r\n			</div>\r\n		</div>\r\n\r\n',172,NULL,NULL,NULL,0,0),(155,52,51,'2014-10-13 05:05:41',1,'\r\n\r\n\r\n\r\n\r\n\r\n		<div class=\"update-info  update-is_sub\">\r\n			<div>\r\n																	<div class=\"update-textblock\">\r\n									<div class=\"update-text\">\r\n																									<div class=\"update-text-post_text\">\r\n												s dfg sdfgdfs											</div>\r\n\r\n																							</div>\r\n\r\n														</div>\r\n			</div>\r\n		</div>\r\n\r\n',374,NULL,NULL,NULL,0,1),(156,52,51,'2014-10-13 05:05:50',1,'\r\n\r\n\r\n\r\n\r\n\r\n		<div class=\"update-info  update-is_sub\">\r\n			<div>\r\n																	<div class=\"update-textblock\">\r\n									<div class=\"update-text\">\r\n																									<div class=\"update-text-post_text\">\r\n												s dfg sdfg dfs											</div>\r\n\r\n																							</div>\r\n\r\n														</div>\r\n			</div>\r\n		</div>\r\n\r\n',373,NULL,NULL,NULL,0,1),(157,52,51,'2014-10-13 05:08:49',1,'\r\n\r\n\r\n\r\n\r\n\r\n		<div class=\"update-info  update-is_sub\">\r\n			<div>\r\n																	<div class=\"update-textblock\">\r\n									<div class=\"update-text\">\r\n																									<div class=\"update-text-post_text\">\r\n												s dfg sdfg											</div>\r\n\r\n																							</div>\r\n\r\n														</div>\r\n			</div>\r\n		</div>\r\n\r\n',378,NULL,NULL,NULL,0,1),(158,52,51,'2014-10-13 05:25:42',1,'\r\n\r\n\r\n\r\n\r\n\r\n		<div class=\"update-info  update-is_sub\">\r\n			<div>\r\n																	<div class=\"update-textblock\">\r\n									<div class=\"update-text\">\r\n																									<div class=\"update-text-post_text\">\r\n												 sdfg sdfg											</div>\r\n\r\n																							</div>\r\n\r\n														</div>\r\n			</div>\r\n		</div>\r\n\r\n',383,NULL,NULL,NULL,0,1),(159,52,51,'2014-10-13 05:25:50',1,'\r\n\r\n\r\n\r\n\r\n\r\n		<div class=\"update-info  update-is_sub\">\r\n			<div>\r\n																	<div class=\"update-textblock\">\r\n									<div class=\"update-text\">\r\n																									<div class=\"update-text-post_text\">\r\n												 sdfg sdfg s											</div>\r\n\r\n																							</div>\r\n\r\n														</div>\r\n			</div>\r\n		</div>\r\n\r\n',382,NULL,NULL,NULL,0,1),(160,52,51,'2014-10-15 03:09:38',3,NULL,NULL,NULL,NULL,NULL,0,1),(161,52,51,'2014-10-15 03:09:52',5,'People endorse your skill <span>\"PHP1\"</span>',NULL,8,NULL,NULL,0,1),(162,52,51,'2014-10-15 04:10:42',3,NULL,NULL,NULL,NULL,NULL,0,1),(163,52,51,'2014-10-15 09:00:24',3,NULL,NULL,NULL,NULL,NULL,0,1),(164,NULL,52,'2014-10-16 09:15:16',6,NULL,NULL,NULL,38,1,0,1),(165,NULL,52,'2014-10-16 09:32:19',7,NULL,NULL,NULL,38,1,0,1);

/*Data for the table `page_category` */

insert  into `page_category`(`id`,`name`,`subCategory`,`isBlocked`) values (1,'Home page',NULL,0),(2,'Privacy policy',NULL,0),(5,'About us',NULL,0),(6,'Background gallery on start page',NULL,0);

/*Data for the table `pages` */

insert  into `pages`(`id`,`createDate`,`updateDate`,`typePage`,`category`,`alias`,`title`,`text`,`config`,`isPublic`,`isRemoved`) values (2,'2014-05-05 09:24:12','2014-05-23 10:19:38',0,0,'praesent-aliquam-diam-lobortis-tincidunt-leo-in','Praesent aliquam diam lobortis, tincidunt leo in ','<p>вапів апівап<br />\r\nіва піва пвіап віа фвіа ф<br />\r\nвіа фвіа фіва фіва фіва<br />\r\n&nbsp;<br />\r\nаф іва фів<br />\r\nф іва фіва&nbsp;<br />\r\nф іва фіваап апав п &nbsp; &nbsp;<br />\r\nвіа<br />\r\nфві<br />\r\n&nbsp;а</p>\r\n\r\n<p><br />\r\nфві а<br />\r\nфів<br />\r\nа&nbsp;<br />\r\nфіва</p>\r\n\r\n<p><br />\r\n&nbsp;ф<br />\r\nіва&nbsp;<br />\r\nф<br />\r\nіва&nbsp;<br />\r\nфів<br />\r\nа фвіа фвіа ф</p>\r\n\r\n<p>dfdf</p>\r\n\r\n<p>&nbsp;</p>\r\n\r\n<p>&nbsp;</p>\r\n','a:2:{s:7:\"canEdit\";b:1;s:9:\"canDelete\";b:1;}',0,0),(3,'2014-05-05 09:24:39','2014-05-23 10:20:00',0,0,'sd-adsgfdasgdfsgdfs','sd adsgfdasgdfsgdfs','<ol>\r\n	<li>1111111111</li>\r\n	<li>22222222222222</li>\r\n	<li>333333333333</li>\r\n</ol>\r\n\r\n<ul>\r\n	<li>31111111111</li>\r\n	<li>322222222222</li>\r\n	<li>33333333333</li>\r\n</ul>\r\n\r\n<ol>\r\n	<li>1111111111</li>\r\n	<li>22222222222222</li>\r\n	<li>333333333333</li>\r\n</ol>\r\n\r\n<ul>\r\n	<li>31111111111</li>\r\n	<li>322222222222</li>\r\n	<li>33333333333</li>\r\n</ul>\r\n\r\n<ul class=\"gallery ui-sortable\" data-id=\"2\">\r\n	<li class=\"ui-state-disabled\"><a class=\"addImage\" href=\"#\">+</a><span class=\"removeGallery\" href=\"#\">x</span></li>\r\n	<li class=\"image-wrap\" data-id=\"4\" id=\"images_127\"><img data-id=\"127\" src=\"/content/images/image/k/5/4/k54uuyde/tiny.jpg\" style=\"height:100px; width:100px\" />\r\n	<div class=\"gallery-image-actions\"><a class=\"edit\" href=\"/uploader/files/editImage/127/\">+</a> <a class=\"remove\" eva-confirm=\"\" href=\"/uploader/files/removeFromList/127/\">+</a></div>\r\n	</li>\r\n	<li class=\"image-wrap\" data-id=\"3\" id=\"images_126\"><img data-id=\"126\" src=\"/content/images/image/s/h/u/shujfv6d/tiny.jpg\" style=\"height:100px; width:100px\" />\r\n	<div class=\"gallery-image-actions\"><a class=\"edit\" href=\"/uploader/files/editImage/126/\">+</a> <a class=\"remove\" eva-confirm=\"\" href=\"/uploader/files/removeFromList/126/\">+</a></div>\r\n	</li>\r\n	<li class=\"image-wrap\" data-id=\"2\" id=\"images_125\"><img data-id=\"125\" src=\"/content/images/image/2/q/y/2qy6d804/tiny.jpg\" style=\"height:100px; width:100px\" />\r\n	<div class=\"gallery-image-actions\"><a class=\"edit\" href=\"/uploader/files/editImage/125/\">+</a> <a class=\"remove\" eva-confirm=\"\" href=\"/uploader/files/removeFromList/125/\">+</a></div>\r\n	</li>\r\n	<li class=\"image-wrap\" data-id=\"1\" id=\"images_124\"><img data-id=\"124\" src=\"/content/images/image/v/q/g/vqg0u74f/tiny.jpg\" style=\"height:100px; width:100px\" />\r\n	<div class=\"gallery-image-actions\"><a class=\"edit\" href=\"/uploader/files/editImage/124/\">+</a> <a class=\"remove\" eva-confirm=\"\" href=\"/uploader/files/removeFromList/124/\">+</a></div>\r\n	</li>\r\n	<li class=\"image-wrap\" data-id=\"0\" id=\"images_123\"><img data-id=\"123\" src=\"/content/images/image/v/g/7/vg7428bi/tiny.jpg\" style=\"height:100px; width:100px\" />\r\n	<div class=\"gallery-image-actions\"><a class=\"edit\" href=\"/uploader/files/editImage/123/\">+</a> <a class=\"remove\" eva-confirm=\"\" href=\"/uploader/files/removeFromList/123/\">+</a></div>\r\n	</li>\r\n</ul>\r\n\r\n<p>&nbsp;</p>\r\n','a:2:{s:7:\"canEdit\";b:1;s:9:\"canDelete\";b:1;}',1,0),(7,'2014-05-23 10:48:38','2014-05-23 10:48:38',0,0,'fa-sdf-asdf-asdf-asdf-asdf','fa sdf asdf asdf asdf asdf ','<p>dsf dsf dsf&nbsp;</p>\r\n\r\n<p>dsf dsf dsf</p>\r\n\r\n<p>&nbsp;dsf dsf dsf&nbsp;</p>\r\n\r\n<p>dsf dsf dsf dsf df sd</p>\r\n',NULL,1,0),(15,'2014-05-23 11:16:33','0000-00-00 00:00:00',0,0,'222222','222222','<p>dsf asdf ads fasd fa</p>\r\n','a:2:{s:7:\"canEdit\";b:1;s:9:\"canDelete\";b:1;}',0,0),(18,'2014-05-23 11:17:59','0000-00-00 00:00:00',0,0,'444444444','444444444','<p>gf hgfh dgfh dgf hdf</p>\r\n','a:2:{s:7:\"canEdit\";b:1;s:9:\"canDelete\";b:1;}',0,0),(20,'2014-05-23 11:26:21','2014-09-25 08:34:30',1,1,'home-page-1','Home page','<p style=\"text-align:justify\">Quisque ullamcorper orci ligula. Suspendisse posuere, justo vel sodales aliquam, mauris enim ultricies nisi, vitae imperdiet purus mi ac lacus. Ut elementum enim ut elit malesuada sagittis. Curabitur tempor, metus at hendrerit sollicitudin, metus quam pellentesque nisl, quis consequat arcu tellus sit amet erat. Sed vulputate congue justo tempor rutrum. Vivamus cursus, mauris id fermentum tempus, odio nibh venenatis est, sit amet faucibus justo nisl gravida libero. Mauris sit amet nunc feugiat, blandit risus at, aliquam mi. Praesent accumsan mattis odio vitae congue. Sed dapibus imperdiet aliquam. Morbi luctus ac ipsum congue aliquet. Donec non lorem metus. In dolor justo, ultrices quis est at, pretium pellentesque leo. Interdum et malesuada fames ac ante ipsum primis in faucibus. Nam varius leo in arcu adipiscing, a lobortis eros aliquet. Donec tempus viverra lectus quis dictum.</p>\r\n\r\n<p style=\"text-align:justify\">Aliquam vitae dolor felis. Integer faucibus nec dui non mattis. Aliquam iaculis fermentum luctus. Ut nec aliquet augue. Vestibulum consequat turpis vel est sollicitudin, et egestas velit mattis. Aliquam ac dignissim libero, a mattis ligula. Integer quis diam id leo sagittis euismod. Fusce commodo quam mollis lectus venenatis ultrices. Nulla eget nulla justo. Cras non malesuada arcu, eget lacinia ante. Nulla facilisi. Nullam ut libero eu ipsum euismod auctor sit amet in felis. Aliquam mollis bibendum arcu at tincidunt. Pellentesque vitae metus scelerisque, pellentesque ipsum eget, dictum orci. Vivamus porta purus velit, in adipiscing velit vehicula eu.</p>\r\n\r\n<p style=\"text-align:justify\">Cras tellus nibh, lobortis vel nisi vitae, lobortis lacinia lorem. Etiam tempus, ipsum ut pharetra bibendum, lacus dolor convallis dolor, pellentesque fermentum nisl leo at dui. Quisque tempor, magna at tincidunt porta, neque erat sagittis odio, et pellentesque mi ante sed augue. In pharetra libero eget purus interdum molestie. Vivamus varius auctor ipsum, vehicula fermentum quam aliquet vel. Fusce bibendum dui ut neque convallis, sit amet commodo augue faucibus. Nunc pellentesque, ipsum sed ornare sollicitudin, dui massa aliquam diam, eu iaculis elit massa vitae quam. Sed pretium accumsan justo, non porttitor metus vehicula non. Praesent ullamcorper leo ut ultrices accumsan. Curabitur eleifend tellus malesuada tincidunt cursus. Morbi a metus lacus.</p>\r\n\r\n<p>&nbsp;</p>\r\n',NULL,1,0),(21,'2014-05-23 11:26:53','2014-09-25 09:48:50',1,2,'privacy-policy','Privacy policy','<p style=\"text-align:justify\">Lorem ipsum dolor sit amet, consectetur adipiscing elit. Phasellus semper tortor ut ligula varius mattis eu nec nisi. Praesent vehicula metus eget risus convallis sodales. Proin interdum tincidunt lacus. Praesent varius volutpat convallis. Cras pellentesque, erat eu elementum viverra, diam risus pharetra nisi, quis dignissim odio sem ut mauris. Quisque nec diam interdum, mattis est sit amet, volutpat eros. Praesent vulputate, libero sit amet mollis molestie, quam lorem bibendum nunc, quis lacinia ipsum velit id odio. Vivamus enim lectus, varius id malesuada non, luctus et metus. Cras quis venenatis libero. Mauris nec mi hendrerit, pharetra diam eu, feugiat orci. Nunc vel ipsum augue.</p>\r\n\r\n<p style=\"text-align:justify\">Nunc pulvinar laoreet lectus, in gravida tellus. Praesent at dictum ante. Nam lectus arcu, malesuada nec sollicitudin et, ornare vitae velit. Maecenas cursus sit amet urna eget iaculis. Ut sit amet porta metus, quis accumsan mauris. Sed facilisis felis at turpis pellentesque consequat. Quisque eleifend elementum aliquam. Donec accumsan dolor sed orci laoreet dignissim. Phasellus dapibus risus justo, tincidunt semper ante commodo sit amet. Quisque tincidunt dui sit amet tellus sollicitudin, in tempus eros sagittis. Sed euismod rutrum ipsum eu tristique.</p>\r\n\r\n<p style=\"text-align:justify\">Phasellus a bibendum ante. Maecenas condimentum rutrum fringilla. Morbi ut tortor sapien. Aliquam ornare metus non ultrices auctor. Sed posuere porta sagittis. Class aptent taciti sociosqu ad litora torquent per conubia nostra, per inceptos himenaeos. In posuere dolor id tortor vestibulum sollicitudin. Donec id enim eu odio mattis imperdiet placerat at ipsum. Curabitur non pellentesque justo. Morbi suscipit lacinia nisi, quis tincidunt elit faucibus id. Sed tristique augue at quam consectetur, at eleifend nibh posuere. Lorem ipsum dolor sit amet, consectetur adipiscing elit. Fusce sollicitudin dolor id venenatis malesuada. Nunc at nulla a sem mollis dignissim vitae sed tellus. Sed sit amet est vitae quam euismod mollis.</p>\r\n\r\n<p style=\"text-align:justify\">Ut mollis tortor ut tortor dapibus malesuada. Aliquam consequat tortor leo, non vestibulum quam bibendum ut. Sed vel dignissim lorem. Integer pretium nisl eros, ac hendrerit nisl rutrum nec. Nullam quis mollis turpis. Cras in tortor porta, congue erat at, malesuada neque. Nam eu tortor lectus.</p>\r\n\r\n<ul class=\"gallery\" data-id=\"78\">\r\n	<li class=\"ui-state-disabled\"><a class=\"addImage\" href=\"#\">+</a><span class=\"removeGallery\">x</span></li>\r\n	<li class=\"image-wrap active\" data-id=\"4\" id=\"images_1891\"><img data-id=\"1891\" src=\"/content/images/image/s/q/5/sq5tq787/tiny.jpg\" style=\"height:100px; width:100px\" />\r\n	<div class=\"gallery-image-actions\"><a class=\"edit\" href=\"/uploader/files/editImage/1891/\">+</a> <a class=\"remove\" eva-confirm=\"\" href=\"/uploader/files/removeFromList/1891/\">+</a></div>\r\n	</li>\r\n	<li class=\"image-wrap active\" data-id=\"3\" id=\"images_1889\"><img data-id=\"1889\" src=\"/content/images/image/q/i/d/qidurevf/tiny.jpg\" style=\"height:100px; width:100px\" />\r\n	<div class=\"gallery-image-actions\"><a class=\"edit\" href=\"/uploader/files/editImage/1889/\">+</a> <a class=\"remove\" eva-confirm=\"\" href=\"/uploader/files/removeFromList/1889/\">+</a></div>\r\n	</li>\r\n	<li class=\"image-wrap active\" data-id=\"2\" id=\"images_1888\"><img data-id=\"1888\" src=\"/content/images/image/4/b/l/4blq9ltn/tiny.jpg\" style=\"height:100px; width:100px\" />\r\n	<div class=\"gallery-image-actions\"><a class=\"edit\" href=\"/uploader/files/editImage/1888/\">+</a> <a class=\"remove\" eva-confirm=\"\" href=\"/uploader/files/removeFromList/1888/\">+</a></div>\r\n	</li>\r\n	<li class=\"image-wrap active\" data-id=\"1\" id=\"images_1890\"><img data-id=\"1890\" src=\"/content/images/image/z/i/1/zi1akcwd/tiny.jpg\" style=\"height:100px; width:100px\" />\r\n	<div class=\"gallery-image-actions\"><a class=\"edit\" href=\"/uploader/files/editImage/1890/\">+</a> <a class=\"remove\" eva-confirm=\"\" href=\"/uploader/files/removeFromList/1890/\">+</a></div>\r\n	</li>\r\n	<li class=\"image-wrap active\" data-id=\"0\" id=\"images_1887\"><img data-id=\"1887\" src=\"/content/images/image/q/y/8/qy85ln1s/tiny.jpg\" style=\"height:100px; width:100px\" />\r\n	<div class=\"gallery-image-actions\"><a class=\"edit\" href=\"/uploader/files/editImage/1887/\">+</a> <a class=\"remove\" eva-confirm=\"\" href=\"/uploader/files/removeFromList/1887/\">+</a></div>\r\n	</li>\r\n</ul>\r\n\r\n<p style=\"text-align:justify\">Quisque ullamcorper orci ligula. Suspendisse posuere, justo vel sodales aliquam, mauris enim ultricies nisi, vitae imperdiet purus mi ac lacus. Ut elementum enim ut elit malesuada sagittis. Curabitur tempor, metus at hendrerit sollicitudin, metus quam pellentesque nisl, quis consequat arcu tellus sit amet erat. Sed vulputate congue justo tempor rutrum. Vivamus cursus, mauris id fermentum tempus, odio nibh venenatis est, sit amet faucibus justo nisl gravida libero. Mauris sit amet nunc feugiat, blandit risus at, aliquam mi. Praesent accumsan mattis odio vitae congue. Sed dapibus imperdiet aliquam. Morbi luctus ac ipsum congue aliquet. Donec non lorem metus. In dolor justo, ultrices quis est at, pretium pellentesque leo. Interdum et malesuada fames ac ante ipsum primis in faucibus. Nam varius leo in arcu adipiscing, a lobortis eros aliquet. Donec tempus viverra lectus quis dictum.</p>\r\n\r\n<p style=\"text-align:justify\">Aliquam vitae dolor felis. Integer faucibus nec dui non mattis. Aliquam iaculis fermentum luctus. Ut nec aliquet augue. Vestibulum consequat turpis vel est sollicitudin, et egestas velit mattis. Aliquam ac dignissim libero, a mattis ligula. Integer quis diam id leo sagittis euismod. Fusce commodo quam mollis lectus venenatis ultrices. Nulla eget nulla justo. Cras non malesuada arcu, eget lacinia ante. Nulla facilisi. Nullam ut libero eu ipsum euismod auctor sit amet in felis. Aliquam mollis bibendum arcu at tincidunt. Pellentesque vitae metus scelerisque, pellentesque ipsum eget, dictum orci. Vivamus porta purus velit, in adipiscing velit vehicula eu.</p>\r\n\r\n<p style=\"text-align:justify\">Cras tellus nibh, lobortis vel nisi vitae, lobortis lacinia lorem. Etiam tempus, ipsum ut pharetra bibendum, lacus dolor convallis dolor, pellentesque fermentum nisl leo at dui. Quisque tempor, magna at tincidunt porta, neque erat sagittis odio, et pellentesque mi ante sed augue. In pharetra libero eget purus interdum molestie. Vivamus varius auctor ipsum, vehicula fermentum quam aliquet vel. Fusce bibendum dui ut neque convallis, sit amet commodo augue faucibus. Nunc pellentesque, ipsum sed ornare sollicitudin, dui massa aliquam diam, eu iaculis elit massa vitae quam. Sed pretium accumsan justo, non porttitor metus vehicula non. Praesent ullamcorper leo ut ultrices accumsan. Curabitur eleifend tellus malesuada tincidunt cursus. Morbi a metus lacus.</p>\r\n\r\n<p style=\"text-align:justify\">Quisque interdum consequat dignissim. Nam iaculis aliquam erat quis dignissim. Integer pulvinar elementum mi, sit amet feugiat justo auctor nec. Suspendisse venenatis ac magna nec commodo. Donec consectetur tempor augue, vel lacinia est viverra sed. Nullam pharetra mauris eu diam suscipit ornare. Vestibulum vel diam ornare justo lacinia ullamcorper. Praesent non mi pharetra, consequat quam quis, facilisis libero. Sed fringilla magna eget facilisis condimentum. Sed nisi neque, rutrum eget sapien in, tempor volutpat nulla. Proin rhoncus a dolor a congue.</p>\r\n\r\n<p style=\"text-align:justify\">Quisque feugiat, nunc eu pellentesque fringilla, tortor lacus viverra diam, eu pretium libero ligula eget mi. Fusce elementum turpis et sodales mollis. Mauris pharetra nunc vel dui placerat lobortis. Morbi vestibulum sapien orci, condimentum placerat purus sodales eu. Proin felis orci, vestibulum nec aliquam faucibus, condimentum at orci. Aliquam sed mi non lacus convallis tincidunt eget sit amet eros. Maecenas bibendum fermentum leo, eget porta risus facilisis nec. Vestibulum consequat eros quis urna gravida luctus. Nullam sollicitudin erat lorem, ac sodales dui accumsan vel. Fusce sagittis laoreet condimentum. Nam non elementum eros. Nam ultrices nunc odio, ut malesuada odio hendrerit quis.</p>\r\n\r\n<p style=\"text-align:justify\">Quisque nec sapien orci. Maecenas dapibus, diam eu faucibus convallis, urna velit laoreet sapien, eget consectetur ipsum purus quis sem. Ut risus odio, porta vitae ultrices congue, vestibulum in velit. Donec nec gravida eros. Aliquam erat volutpat. Morbi nisi lorem, fringilla at volutpat id, tincidunt non velit. Curabitur feugiat nunc sed orci iaculis, eu ultrices massa tempor. Morbi risus tortor, accumsan eu massa ut, pellentesque aliquet enim. Quisque nec adipiscing arcu. Suspendisse vitae eleifend nisl. Proin id felis gravida, aliquam velit eget, pulvinar mi. Suspendisse leo elit, volutpat in mi sit amet, ultricies tempor nisl. Proin rutrum pharetra placerat. Sed magna enim, gravida eget magna sed, malesuada accumsan ligula. Ut condimentum tempor massa id feugiat.</p>\r\n\r\n<p style=\"text-align:justify\">Suspendisse ultricies blandit nibh et pulvinar. Aenean euismod a leo sit amet lobortis. Aenean eleifend rhoncus lobortis. Nulla facilisi. In fringilla justo nibh, hendrerit fringilla tellus elementum nec. Aenean pellentesque dapibus risus a hendrerit. Duis nec fringilla massa. Cum sociis natoque penatibus et magnis dis parturient montes, nascetur ridiculus mus. Vivamus commodo elementum interdum. Nunc faucibus, sapien id rutrum interdum, turpis sem sodales erat, sit amet mattis dui lectus a erat. Etiam iaculis orci quam, quis ultricies dolor euismod sed. Pellentesque sed pellentesque nisi, nec fringilla urna. Integer eget nunc nunc.</p>\r\n\r\n<p style=\"text-align:justify\">Curabitur eleifend, justo vel dapibus ullamcorper, risus lectus cursus ipsum, eu blandit arcu ipsum quis arcu. Duis pharetra nisi ut elit mattis, non consequat elit elementum. Donec eu felis ultrices, varius felis at, mollis sapien. Suspendisse potenti. Praesent congue nulla sem, vitae pulvinar mauris rutrum non. Curabitur elit ipsum, dictum a sem at, gravida rhoncus tellus. Etiam lectus ligula, porttitor nec sollicitudin et, tincidunt nec nulla.</p>\r\n\r\n<p style=\"text-align:justify\">Sed scelerisque a nisi sit amet fringilla. Ut eget elementum arcu, vel blandit ipsum. Donec dictum varius nibh vitae lobortis. Phasellus bibendum, turpis et condimentum pretium, orci massa sollicitudin quam, vel bibendum magna lacus eu urna. Duis iaculis tempus est, et placerat justo convallis ut. Nam suscipit lectus nec lorem blandit viverra. Nunc id venenatis neque. Nulla accumsan neque vel nulla varius, a ultricies ipsum gravida. Nunc quis lacinia elit, id iaculis lorem. Pellentesque habitant morbi tristique senectus et netus et malesuada fames ac turpis egestas. Vestibulum cursus faucibus rutrum. Proin dignissim dictum ullamcorper. Curabitur congue sollicitudin risus nec laoreet. Proin velit turpis, pretium a eros nec, viverra interdum nibh. Fusce odio lectus, placerat sit amet erat non, fermentum volutpat mauris. Pellentesque feugiat ultricies metus et eleifend.</p>\r\n\r\n<p style=\"text-align:justify\">Aenean et faucibus lacus. Duis gravida tincidunt enim ac mollis. Etiam quis ipsum justo. Nam enim neque, dignissim non mauris non, convallis ultricies lorem. Nam molestie metus risus, et suscipit eros sagittis sed. Pellentesque scelerisque augue purus, a convallis risus mattis a. Integer a neque vitae est imperdiet euismod.</p>\r\n\r\n<p style=\"text-align:justify\">Proin tincidunt tincidunt vestibulum. Ut tristique tincidunt nulla et luctus. Vestibulum id vulputate tellus, at dictum tellus. Pellentesque massa nibh, blandit a ipsum scelerisque, malesuada vehicula lorem. Nullam vel erat id est sollicitudin elementum. Praesent diam risus, auctor eget lectus sed, ultricies convallis ipsum. Donec justo arcu, fermentum eu vestibulum eget, commodo sed risus. Morbi magna arcu, dapibus eget sapien quis, lacinia hendrerit dui. Curabitur consequat faucibus felis a imperdiet.</p>\r\n\r\n<p style=\"text-align:justify\">Nam mi lorem, pretium eu nisl sit amet, scelerisque ullamcorper augue. Ut feugiat ante eu felis tempor faucibus. Integer sit amet leo urna. Nulla commodo dolor diam, vitae luctus tellus tincidunt ullamcorper. Phasellus dapibus, quam a interdum mollis, nulla justo facilisis quam, quis tempor sapien metus id felis. Suspendisse gravida commodo mi eget porta. Phasellus sed risus et arcu sollicitudin interdum nec et eros. Nulla fermentum a ante nec mattis. Duis id luctus mi. Phasellus mauris neque, tincidunt nec neque non, commodo dapibus dolor. Etiam vehicula egestas magna in lacinia. Curabitur in lorem nibh. Curabitur viverra tincidunt nisi vitae adipiscing. Mauris placerat erat adipiscing condimentum ultrices. Fusce tincidunt nunc in nibh mollis luctus. Suspendisse sed dui neque.</p>\r\n\r\n<p style=\"text-align:justify\">Nam eleifend venenatis tincidunt. Sed et leo sed quam commodo rhoncus. In hac habitasse platea dictumst. Praesent a ipsum tempus, pulvinar turpis sed, porta arcu. Aenean imperdiet sed nisi quis euismod. Nulla sit amet orci fringilla, mattis ipsum ut, placerat quam. Integer sit amet nulla ipsum. Nam dictum sapien sit amet erat facilisis semper. Vivamus aliquam placerat facilisis. Donec laoreet tempor facilisis. Phasellus vel turpis et enim gravida rhoncus sed sed est. Donec vulputate urna metus, a ultricies nisi egestas non. Cras ac nisl sit amet orci mattis mollis.</p>\r\n\r\n<p style=\"text-align:justify\">Morbi blandit turpis lorem, non semper dolor molestie nec. Nunc eget lacinia purus. Suspendisse rutrum nisi id diam sodales dignissim. In eleifend venenatis lectus, at sollicitudin nibh hendrerit quis. Fusce ac luctus arcu. Suspendisse potenti. Nunc vel ipsum facilisis, pellentesque turpis a, varius dolor. Morbi vulputate imperdiet est, at malesuada mauris viverra et.</p>\r\n\r\n<p style=\"text-align:justify\">Proin mattis nisi et pellentesque vestibulum. Maecenas nulla purus, porttitor nec ornare vel, rutrum in velit. Cras commodo quam et massa placerat egestas non sit amet ligula. In vitae mauris rhoncus, faucibus tortor eget, porta nulla. Vivamus a tortor hendrerit, semper tortor at, commodo erat. In mi ligula, venenatis sit amet viverra id, gravida sed ante. Nam ut pharetra augue, sit amet convallis lacus.</p>\r\n\r\n<p style=\"text-align:justify\">In non risus sed nibh ullamcorper aliquet vitae a sapien. Phasellus in mi viverra, sollicitudin neque auctor, interdum elit. Nunc id augue at dolor aliquet faucibus. Sed rutrum, arcu id ornare porttitor, est ipsum rhoncus massa, vitae sagittis urna est nec est. In varius sapien at augue mattis blandit. Duis rhoncus nunc sapien, ornare imperdiet massa faucibus a. Donec nulla nulla, dignissim at tincidunt et, suscipit id erat. Sed mattis augue sed mi vestibulum varius. Proin eu aliquet lorem, id dictum arcu. Vivamus scelerisque magna massa, vel viverra metus varius at.</p>\r\n\r\n<p style=\"text-align:justify\">Duis iaculis velit ac justo cursus eleifend at sagittis ipsum. Maecenas rhoncus ornare odio, eu auctor ante dapibus eget. Suspendisse pharetra dapibus nisi, et scelerisque purus. Aenean nec dolor eget neque lobortis elementum in tempor lacus. Nam dapibus eros vel tortor aliquam consequat. Integer sit amet nunc arcu. Nunc vel lectus metus. Nulla facilisi. Curabitur lobortis arcu euismod lacus imperdiet, adipiscing pharetra risus scelerisque. Integer iaculis erat a felis sollicitudin, sed viverra diam sollicitudin. Phasellus ullamcorper bibendum velit vel dignissim. Duis at condimentum orci. Vestibulum consequat, arcu sodales molestie pellentesque, lectus mauris aliquam urna, nec porttitor turpis odio non dui.</p>\r\n\r\n<p style=\"text-align:justify\">Praesent ut vulputate purus. Donec mattis sodales fermentum. Maecenas vehicula diam ac fringilla rutrum. Sed vitae risus sit amet lectus porttitor interdum nec accumsan tellus. Morbi lacinia accumsan odio, vel commodo nibh sodales non. Fusce blandit tellus mauris, eu pulvinar purus commodo sit amet. Aenean at sem non turpis semper interdum. Praesent ut metus non nisl scelerisque lobortis a in risus. Quisque in erat euismod, convallis justo in, bibendum purus. Proin dolor nibh, ornare eu est sit amet, posuere semper tellus. In justo dolor, eleifend id est sit amet, mattis dictum magna. Suspendisse urna elit, pulvinar ut ultricies quis, lacinia in quam. Etiam sodales lacus lorem, non interdum mauris vehicula non. Nam gravida ipsum eget justo venenatis, sed pulvinar erat sollicitudin. Mauris eu feugiat turpis.</p>\r\n\r\n<p style=\"text-align:justify\">Morbi sit amet iaculis elit. Cras nunc mauris, vulputate non mollis ut, lacinia id neque. Cum sociis natoque penatibus et magnis dis parturient montes, nascetur ridiculus mus. Vivamus sed scelerisque augue, eget gravida est. In pulvinar egestas purus quis tincidunt. Ut sed tempor enim. Curabitur id sollicitudin lectus, eu interdum enim. Quisque vel eros iaculis, vehicula odio sed, venenatis risus. Etiam non viverra diam. Vivamus imperdiet, erat nec volutpat vestibulum, neque augue ultrices justo, at hendrerit nisl nisl sed lacus. Phasellus purus metus, egestas vitae dictum nec, condimentum eu massa. Vestibulum ante ipsum primis in faucibus orci luctus et ultrices posuere cubilia Curae; Integer condimentum accumsan odio, gravida euismod nibh blandit vitae.</p>\r\n\r\n<p style=\"text-align:justify\">Pellentesque quis nulla dictum nisi faucibus mollis. Ut dignissim facilisis est. Morbi luctus orci eros, a ullamcorper ligula imperdiet in. Ut laoreet pretium tellus non euismod. Vivamus ac aliquam enim. Ut pharetra, nulla vitae imperdiet auctor, lectus orci placerat ipsum, vitae viverra nisl nulla non quam. Mauris auctor egestas massa ac varius. In nec auctor eros. Curabitur purus tellus, molestie at lacinia ut, volutpat eu diam. Phasellus vel est in metus pellentesque dapibus. Suspendisse sed justo sit amet sapien mollis accumsan.</p>\r\n\r\n<p style=\"text-align:justify\">Phasellus vel arcu mollis massa adipiscing tincidunt ut quis purus. Curabitur sed enim a mauris posuere eleifend eu at lectus. Aliquam in posuere risus, in molestie neque. Phasellus tempus nisi in ante convallis vulputate. Praesent sapien sem, convallis sit amet neque vel, mollis posuere augue. Mauris et posuere ligula. Ut congue in ipsum ut posuere. Praesent pharetra, lacus eget porttitor eleifend, libero neque imperdiet ipsum, id egestas libero odio sit amet leo. Donec cursus tortor pretium nisl ornare, nec placerat orci tempor.</p>\r\n\r\n<p style=\"text-align:justify\">Nullam ligula ipsum, mattis a porta ut, iaculis eget massa. Donec dapibus est in felis rutrum, in tempor risus pulvinar. Aliquam tincidunt gravida consequat. Duis ut turpis adipiscing, interdum sem quis, tempus neque. In egestas pellentesque metus, non mollis sem viverra ut. Vivamus non accumsan elit. Proin eget augue sit amet lorem pulvinar posuere interdum id nulla. Sed sit amet risus massa. Lorem ipsum dolor sit amet, consectetur adipiscing elit. Maecenas vel lorem sodales, rhoncus nunc ac, accumsan justo. Nulla et turpis eu lectus consequat semper. Integer mollis et erat sit amet pulvinar. Maecenas sed laoreet diam. Duis molestie volutpat turpis, quis dignissim lacus luctus id.</p>\r\n\r\n<p style=\"text-align:justify\">Nunc a nisl sagittis, tempus metus vitae, feugiat ligula. Proin id odio magna. Quisque eget imperdiet est, at viverra felis. Pellentesque aliquet mauris eget ultricies sodales. Integer semper ante eu neque porta, sed euismod quam dapibus. Quisque ac interdum ante. Nam pulvinar eleifend massa, sed gravida odio porta id.</p>\r\n\r\n<p style=\"text-align:justify\">Maecenas sit amet sodales elit. Aliquam erat volutpat. Vestibulum venenatis, augue blandit ornare ultricies, ipsum tortor fermentum ligula, non cursus risus augue ut ipsum. Etiam vel neque adipiscing, interdum erat quis, commodo nibh. Aenean porttitor felis dictum lorem consequat eleifend. Nam quis tortor sem. Suspendisse ac malesuada magna, nec aliquam eros.</p>\r\n\r\n<p style=\"text-align:justify\">Suspendisse dui urna, aliquet eget tristique nec, pretium sit amet felis. Sed pellentesque lectus id enim vestibulum, sed vehicula sem ornare. Proin quis aliquet turpis. Etiam a cursus tellus. Donec venenatis egestas ante, ut posuere tellus auctor a. Integer eros leo, lobortis ut tempor eget, gravida et lorem. Proin quis quam ornare, pellentesque enim sagittis, ornare est.</p>\r\n\r\n<p style=\"text-align:justify\">Pellentesque bibendum ipsum a libero lobortis laoreet. Curabitur purus ligula, pellentesque a est eu, vehicula placerat tortor. Class aptent taciti sociosqu ad litora torquent per conubia nostra, per inceptos himenaeos. Aliquam ullamcorper dolor non convallis feugiat. Nunc mollis mauris a felis sollicitudin, ut volutpat nisi feugiat. Sed volutpat justo posuere lectus iaculis, non laoreet enim pellentesque. Aenean et viverra ipsum, non iaculis lorem. Donec sit amet sodales nunc. Praesent laoreet tortor eu tortor scelerisque dignissim.</p>\r\n\r\n<p style=\"text-align:justify\">Etiam semper posuere justo vel feugiat. Maecenas sed leo eu risus elementum tempor. Nam volutpat, nisi vitae ullamcorper imperdiet, elit lectus mollis elit, ac viverra nunc orci ac metus. Donec luctus odio sit amet neque lobortis, at porta lacus viverra. Mauris mattis justo nec massa varius, et adipiscing augue viverra. Morbi id cursus risus, eget bibendum lorem. Maecenas purus felis, consectetur vitae pellentesque nec, commodo in dui. Vestibulum non ipsum vel ante fermentum pharetra id ac est. Donec leo nulla, vehicula eget laoreet consequat, malesuada eleifend orci. Aliquam ut odio viverra, tincidunt orci vitae, volutpat enim. Quisque id massa eget quam dignissim cursus non ut odio.</p>\r\n\r\n<p style=\"text-align:justify\">Curabitur sed faucibus massa. Pellentesque placerat pharetra elementum. Quisque facilisis metus eu commodo consequat. Suspendisse eros lectus, vehicula vel nunc vitae, lacinia condimentum massa. Fusce facilisis sollicitudin bibendum. Quisque sollicitudin ante et justo mattis feugiat fringilla vel ante. Class aptent taciti sociosqu ad litora torquent per conubia nostra, per inceptos himenaeos. Nunc quis pretium lacus, id mattis mi. Curabitur elit libero, congue in rhoncus ut, gravida quis augue. Cum sociis natoque penatibus et magnis dis parturient montes, nascetur ridiculus mus. Pellentesque accumsan mauris a placerat cursus. Fusce eget sapien nisl. Interdum et malesuada fames ac ante ipsum primis in faucibus. Sed dictum enim eget ipsum dignissim gravida. Aliquam quis quam vulputate mauris posuere laoreet. Aliquam pellentesque consectetur nisi.</p>\r\n\r\n<p style=\"text-align:justify\">Nullam vitae consequat mauris, lacinia tincidunt enim. Curabitur convallis diam felis, pulvinar pellentesque tellus suscipit in. Pellentesque et turpis eu tellus interdum pharetra. Sed ante ipsum, auctor nec ornare ut, venenatis vel tortor. Pellentesque nec quam mollis, imperdiet est eu, pretium turpis. Donec laoreet facilisis dolor id pharetra. Sed tempus mauris molestie lectus fermentum, vulputate vestibulum enim mollis. Donec quis mauris nec enim sollicitudin lacinia et a velit. Morbi ultricies mauris at viverra iaculis. Ut a fringilla nisl, vitae aliquam erat. Etiam et cursus odio, scelerisque mollis lorem. Nullam sed condimentum elit, id varius ipsum. Lorem ipsum dolor sit amet, consectetur adipiscing elit. Aenean eleifend pharetra tristique. Aenean at imperdiet erat.</p>\r\n\r\n<p style=\"text-align:justify\">Cum sociis natoque penatibus et magnis dis parturient montes, nascetur ridiculus mus. Mauris pharetra velit nulla. Suspendisse eu dui quis massa ornare sollicitudin in non est. Phasellus interdum, nunc id molestie ultricies, enim ligula adipiscing lacus, et vestibulum dolor mi sed metus. Nulla quis vehicula sapien. Integer iaculis orci eget enim luctus, et tempor lectus pharetra. Nulla scelerisque libero sit amet auctor tincidunt. Donec laoreet nulla nec elit condimentum aliquet eget vel nibh.</p>\r\n\r\n<p style=\"text-align:justify\">Aliquam erat volutpat. Duis augue nisl, hendrerit sit amet risus ac, posuere ornare elit. Ut convallis, diam sed pellentesque ultrices, nibh turpis rhoncus ipsum, et hendrerit turpis metus ut risus. Nulla tristique justo non augue congue ullamcorper. Sed libero nibh, porttitor in justo non, posuere placerat lorem. Duis eu risus ultricies, placerat elit vel, ultrices libero. Mauris aliquam pharetra eleifend. Maecenas euismod a lorem vel interdum. Maecenas nec auctor orci. Aenean a libero in ipsum consequat pretium. Donec viverra velit eget consequat congue. Sed scelerisque lectus id nisl lobortis, bibendum varius massa dictum. Donec vel magna vel nisl feugiat volutpat vitae in leo. Pellentesque auctor libero vitae nulla tincidunt, tincidunt fermentum enim fermentum.</p>\r\n\r\n<p style=\"text-align:justify\">Mauris mattis, quam at volutpat auctor, massa magna commodo orci, in varius magna neque vel lacus. Aenean bibendum arcu eget aliquet feugiat. Aenean ac ipsum ac massa ultrices ultricies. Nam volutpat eleifend varius. Donec commodo dui in risus condimentum pellentesque. Sed ut arcu eu risus ornare placerat non sodales turpis. Mauris sodales nunc elit, ut convallis neque mattis non.</p>\r\n\r\n<p style=\"text-align:justify\">Donec faucibus gravida arcu, non malesuada nisl imperdiet luctus. Curabitur dictum pellentesque neque, et fermentum risus eleifend vitae. Ut vel egestas diam. Praesent nec diam fermentum, mollis libero sit amet, malesuada purus. Sed quis lectus neque. Fusce a nibh felis. Quisque non justo eu nunc tristique placerat porta sit amet velit. Etiam tempus consequat blandit. Vestibulum ante ipsum primis in faucibus orci luctus et ultrices posuere cubilia Curae;</p>\r\n\r\n<p style=\"text-align:justify\">Phasellus tincidunt velit neque, id imperdiet tortor suscipit non. Praesent sed dui at tellus vulputate tristique. Etiam condimentum mi vel nunc aliquam feugiat sed non nisl. Nunc at dui magna. Ut leo arcu, molestie vitae tristique a, facilisis eu tortor. Mauris suscipit mauris nulla, ut posuere tellus tempor at. Suspendisse nec est sapien. Aliquam tristique aliquam metus. Lorem ipsum dolor sit amet, consectetur adipiscing elit. Pellentesque augue felis, faucibus id tellus eu, egestas posuere orci. Praesent erat metus, commodo at eleifend vel, adipiscing eget massa. Aenean et ornare magna, vitae mattis nulla. Vestibulum malesuada mi felis, sed molestie lacus ultrices non. Mauris convallis odio in nunc elementum blandit. Donec sit amet auctor ligula.</p>\r\n\r\n<p style=\"text-align:justify\">Nulla mollis faucibus pretium. Curabitur eros turpis, lacinia in arcu eu, vehicula auctor enim. Integer ac egestas sapien. Sed blandit turpis eu turpis ultrices, et blandit sapien tristique. Maecenas consectetur semper feugiat. Nunc in sagittis nibh. Sed sodales, sem aliquam dapibus tincidunt, nisl lacus feugiat tortor, a venenatis lectus tortor quis neque. Vestibulum tristique magna nulla, nec posuere nunc facilisis vitae. Cras ut eros lacus. Phasellus turpis sapien, molestie at molestie ac, eleifend quis enim. Nam blandit consectetur ipsum et interdum. Nullam tortor risus, molestie ut adipiscing ut, pellentesque et ante. Nam venenatis, quam ut semper aliquet, sapien purus rutrum arcu, ut pretium leo odio in libero. Nunc dignissim erat lectus.</p>\r\n\r\n<p style=\"text-align:justify\">Maecenas scelerisque viverra sodales. Donec commodo blandit vehicula. Cum sociis natoque penatibus et magnis dis parturient montes, nascetur ridiculus mus. Curabitur laoreet, massa non vestibulum sollicitudin, nunc metus placerat nibh, eget placerat ipsum lectus in quam. Etiam ac risus vitae dolor accumsan elementum. Aliquam vitae tincidunt ligula. Curabitur placerat ligula et commodo fringilla.</p>\r\n\r\n<p style=\"text-align:justify\">Proin consectetur felis enim, ac placerat lorem iaculis sed. Suspendisse eu urna rhoncus, vulputate ante eu, luctus tortor. Curabitur nisi lectus, tempus et dolor molestie, scelerisque semper dolor. Cras ac lobortis orci, nec porttitor nisi. Vivamus sodales nisl in mauris hendrerit, sit amet fringilla felis scelerisque. Etiam vitae placerat ipsum. Sed tincidunt tellus non metus condimentum bibendum eu ut ipsum.</p>\r\n\r\n<p style=\"text-align:justify\">Aliquam aliquet porta felis vitae vestibulum. Mauris eget nunc massa. Phasellus ut vestibulum mi. Maecenas vitae ante ligula. Mauris vitae molestie nunc. Nam eget nibh egestas, blandit ante id, pellentesque lectus. Vestibulum non sagittis ipsum. Etiam et consectetur tellus. Proin sodales, urna sit amet malesuada facilisis, est dui ultrices mauris, in accumsan tortor magna vel justo. Nunc suscipit ac lorem eu vehicula. Quisque purus tellus, imperdiet in arcu ac, aliquet ullamcorper odio. Quisque ac orci aliquam, tempus sapien a, mattis lacus. Suspendisse ut fringilla augue. Integer at tellus non lacus elementum dignissim.</p>\r\n\r\n<p style=\"text-align:justify\">Donec rhoncus nisi eget placerat tempus. Nunc iaculis odio ut massa rutrum, in tincidunt eros placerat. Vivamus tincidunt nisi est, vitae tincidunt lectus dignissim ac. In lorem neque, vestibulum eget pharetra ac, rhoncus et nibh. Nunc semper vel felis vulputate volutpat. Aliquam cursus blandit magna. Quisque ac velit nulla. Curabitur sollicitudin nunc urna, et aliquet purus egestas vitae.</p>\r\n\r\n<p style=\"text-align:justify\">Duis id est metus. Nam sed vulputate erat, vitae lobortis ipsum. Praesent eu placerat urna, in tincidunt libero. Cras semper egestas neque, id fringilla lectus consequat ac. Praesent nec augue blandit, laoreet eros eu, egestas orci. Nullam ipsum libero, pretium eu tempor vel, euismod eget nisi. Curabitur a luctus nibh, id venenatis tellus. Duis gravida ipsum a turpis euismod dictum. In id magna at orci vehicula volutpat quis sed orci. Phasellus ut augue hendrerit, sagittis enim vel, vestibulum odio. Sed fringilla bibendum porta. Pellentesque arcu nibh, interdum quis est quis, adipiscing ultrices lorem. Nam non massa cursus, facilisis ante sed, volutpat ipsum. Vivamus euismod gravida suscipit. Phasellus ultricies feugiat arcu faucibus accumsan.</p>\r\n',NULL,1,0),(22,'2014-05-23 11:27:31','2014-09-25 10:09:35',1,5,'about-us','About us','<p style=\"text-align:justify\">Fusce ac massa sit amet nisi eleifend ornare quis id est. Vivamus in mi ac justo sodales volutpat. Donec vulputate mi consectetur magna feugiat congue. Etiam nec tincidunt libero, tempus dignissim velit. Nulla lacinia lorem nisi, mollis blandit odio pharetra quis. Ut ut ante vel eros suscipit dignissim. Vivamus posuere dignissim purus, non volutpat metus eleifend vel.</p>\r\n\r\n<p style=\"text-align:justify\">Class aptent taciti sociosqu ad litora torquent per conubia nostra, per inceptos himenaeos. Vivamus rutrum tempor augue, id aliquet arcu aliquet non. Suspendisse imperdiet mi vitae mauris auctor, ac posuere risus porta. Nunc egestas quis turpis sollicitudin placerat. Nulla facilisi. Phasellus egestas ipsum ligula, a venenatis neque facilisis quis. Nunc enim nibh, pretium ac dolor ut, dictum varius felis. Donec in nunc id turpis egestas volutpat. Ut venenatis lobortis lacus, eget ultricies eros dignissim eu. Ut sodales, lacus ut consectetur accumsan, mi orci faucibus quam, vitae placerat libero libero sit amet sem. Integer eleifend est non magna faucibus luctus. Praesent ut eros sed felis vulputate aliquam vestibulum in lorem. Ut nec tempor turpis.</p>\r\n\r\n<p style=\"text-align:justify\">Integer lacinia augue vehicula turpis fermentum tempus. Vestibulum ante ipsum primis in faucibus orci luctus et ultrices posuere cubilia Curae; Quisque vehicula laoreet massa, ac malesuada risus aliquam sit amet. Quisque vulputate libero ullamcorper faucibus condimentum. Donec nec malesuada nulla. Fusce ac bibendum augue. Morbi nisi mi, facilisis eget libero sit amet, varius euismod sapien. Sed vehicula et lectus quis tristique. Nulla in commodo neque, in ultricies nisi. Nulla sed nibh sit amet magna convallis consequat sed ac orci. Proin imperdiet erat nec mi vulputate, quis porttitor erat iaculis. Pellentesque dapibus diam at ultrices rutrum. Nulla consectetur arcu ac lectus tincidunt, eget scelerisque neque imperdiet. Phasellus semper aliquam mi vitae convallis. Pellentesque eget diam velit. Integer lobortis, libero quis egestas adipiscing, quam lectus faucibus sem, id consequat elit dui id sem.</p>\r\n\r\n<ul class=\"gallery\" data-id=\"79\">\r\n	<li class=\"ui-state-disabled\"><a class=\"addImage\" href=\"#\">+</a><span class=\"removeGallery\" href=\"#\">x</span></li>\r\n	<li class=\"image-wrap active\" data-id=\"1\" id=\"images_1894\"><img data-id=\"1894\" src=\"/content/images/image/9/6/c/96ch01pu/tiny.jpg\" style=\"height:100px; width:100px\" />\r\n	<div class=\"gallery-image-actions\"><a class=\"edit\" href=\"/uploader/files/editImage/1894/\">+</a> <a class=\"remove\" eva-confirm=\"\" href=\"/uploader/files/removeFromList/1894/\">+</a></div>\r\n	</li>\r\n	<li class=\"image-wrap active\" data-id=\"0\" id=\"images_1893\"><img data-id=\"1893\" src=\"/content/images/image/a/l/j/aljwx753/tiny.jpg\" style=\"height:100px; width:100px\" />\r\n	<div class=\"gallery-image-actions\"><a class=\"edit\" href=\"/uploader/files/editImage/1893/\">+</a> <a class=\"remove\" eva-confirm=\"\" href=\"/uploader/files/removeFromList/1893/\">+</a></div>\r\n	</li>\r\n</ul>\r\n\r\n<p>&nbsp;</p>\r\n',NULL,1,0),(29,'2014-05-26 07:20:36','2014-09-25 08:35:28',2,6,'background-images','Background images','<ul class=\"gallery\" data-id=\"75\">\r\n	<li class=\"ui-state-disabled\"><a class=\"addImage\" href=\"#\">+</a><span class=\"removeGallery\">x</span></li>\r\n	<li id=\"images_399\"><img data-id=\"399\" src=\"/content/images/image/p/a/0/pa0lxxg0/tiny.jpg\" style=\"height:100px; width:100px\" />\r\n	<div class=\"gallery-image-actions\"><a class=\"edit\" href=\"/uploader/files/editImage/399/\">+</a> <a class=\"remove\" href=\"/uploader/files/removeFromList/399/\">+</a></div>\r\n	</li>\r\n	<li id=\"images_398\"><img data-id=\"398\" src=\"/content/images/image/t/3/i/t3if6gjb/tiny.jpg\" style=\"height:100px; width:100px\" />\r\n	<div class=\"gallery-image-actions\"><a class=\"edit\" href=\"/uploader/files/editImage/398/\">+</a> <a class=\"remove\" href=\"/uploader/files/removeFromList/398/\">+</a></div>\r\n	</li>\r\n	<li id=\"images_397\"><img data-id=\"397\" src=\"/content/images/image/2/6/0/260qn0ng/tiny.jpg\" style=\"height:100px; width:100px\" />\r\n	<div class=\"gallery-image-actions\"><a class=\"edit\" href=\"/uploader/files/editImage/397/\">+</a> <a class=\"remove\" href=\"/uploader/files/removeFromList/397/\">+</a></div>\r\n	</li>\r\n	<li id=\"images_396\"><img data-id=\"396\" src=\"/content/images/image/t/2/g/t2gxjusb/tiny.jpg\" style=\"height:100px; width:100px\" />\r\n	<div class=\"gallery-image-actions\"><a class=\"edit\" href=\"/uploader/files/editImage/396/\">+</a> <a class=\"remove\" href=\"/uploader/files/removeFromList/396/\">+</a></div>\r\n	</li>\r\n	<li id=\"images_392\"><img data-id=\"392\" src=\"/content/images/image/g/x/y/gxycq9aj/tiny.jpg\" style=\"height:100px; width:100px\" />\r\n	<div class=\"gallery-image-actions\"><a class=\"edit\" href=\"/uploader/files/editImage/392/\">+</a> <a class=\"remove\" href=\"/uploader/files/removeFromList/392/\">+</a></div>\r\n	</li>\r\n	<li id=\"images_395\"><img data-id=\"395\" src=\"/content/images/image/7/a/f/7afqq2b5/tiny.jpg\" style=\"height:100px; width:100px\" />\r\n	<div class=\"gallery-image-actions\"><a class=\"edit\" href=\"/uploader/files/editImage/395/\">+</a> <a class=\"remove\" href=\"/uploader/files/removeFromList/395/\">+</a></div>\r\n	</li>\r\n	<li id=\"images_393\"><img data-id=\"393\" src=\"/content/images/image/k/q/5/kq5gw87h/tiny.jpg\" style=\"height:100px; width:100px\" />\r\n	<div class=\"gallery-image-actions\"><a class=\"edit\" href=\"/uploader/files/editImage/393/\">+</a> <a class=\"remove\" href=\"/uploader/files/removeFromList/393/\">+</a></div>\r\n	</li>\r\n</ul>\r\n\r\n<p>&nbsp;</p>\r\n',NULL,1,0);

/*Data for the table `plans` */

insert  into `plans`(`id`,`createDate`,`category`,`name`,`price`,`countDays`,`isRemoved`) values (1,'0000-00-00 00:00:00',1,'15 days ($10)','10.00',15,0),(2,'0000-00-00 00:00:00',1,'30 days ($20)','20.00',30,0),(3,'0000-00-00 00:00:00',1,'60 days ($40)','40.00',65,0),(4,'2014-08-15 06:32:16',1,'sdsdsd','5.00',10,1),(5,'2014-08-15 06:32:32',1,'test plan 100 days ($0.05)','0.05',100,1),(6,'2014-09-24 06:28:03',1,'test','20.00',10,1),(7,'2014-09-24 06:28:59',1,'test ','10.00',2,1),(8,'2014-09-24 06:32:35',2,'2 month ($ 2.00)','2.00',60,0),(9,'2014-09-24 06:35:17',2,'1 month ($ 1.00)','1.00',30,0),(10,'2014-09-24 06:35:34',2,'3 month ($ 3.00)','3.00',90,0),(11,'2014-09-24 06:35:49',2,'6 month ($ 6.00)','6.00',180,0),(12,'2014-09-24 06:36:12',2,'12 month ($ 12.00)','12.00',360,0);

/*Data for the table `posts` */

insert  into `posts`(`id`,`user_id`,`company_id`,`group_id`,`school_id`,`createDate`,`typePost`,`title`,`text`,`link`,`alias`,`isGroupAccept`,`isIncludeImage`,`countGroupFollow`,`countImpressions`,`countImpressionsUnique`,`countClicks`,`countInteractions`,`countLikes`,`countComments`) values (156,53,NULL,NULL,NULL,'2014-07-15 03:10:10',1,'','dsdsdsdsd',NULL,NULL,NULL,1,NULL,0,0,0,0,0,0),(160,52,NULL,NULL,NULL,'2014-07-15 03:13:09',1,'','gfh dfghdgf hdfg',NULL,NULL,NULL,1,NULL,0,0,0,0,0,0),(161,52,NULL,NULL,NULL,'2014-07-15 03:14:36',4,'2.pdf','dsf dsf dsf dsf ds','/content/updates/files/k/q/n/kqn0hmh4/2.pdf','h5i41f99',NULL,1,NULL,0,0,0,0,0,0),(163,NULL,14,NULL,NULL,'2014-07-15 04:05:11',2,'','',NULL,'c1l1k6i4',NULL,1,NULL,126,2,3,0,3,1),(164,NULL,14,NULL,NULL,'2014-07-15 04:16:00',1,'','Lorem ipsum dolor sit amet, consectetur adipiscing elit. Nullam quis tellus ac nulla pulvinar cursus. Ut porttitor posuere elit at condimentum. Integer felis ante, luctus quis pellentesque sed, mollis et purus. Vivamus at purus consectetur, imperdiet dolor nec, feugiat est. Pellentesque ornare, nibh vitae lacinia egestas, tortor nunc eleifend lorem, sit amet fermentum dolor nibh eu dolor. Sed quis laoreet nisl. Nulla id placerat sapien. Phasellus sapien lacus, sagittis a lacus sed, ultrices facilisis purus. Sed vulputate quis mi at mattis. Proin aliquam nibh vel rhoncus pharetra.',NULL,NULL,NULL,1,NULL,70,2,1,0,3,1),(165,NULL,14,NULL,NULL,'2014-07-15 04:16:21',3,'Worlds Largest Professional Network | LinkedIn','>>utmx_section(\"Subtagline\")Registration takes less than 2 minutes.>\r\nBy clicking Join Now, you agree to LinkedIn\'s User Agreement, Privacy Policy and Cookie Policy.\r\n>\r\nutmx_section(\"JoinNow-Button\")\r\n>>LinkedIn Corporation  2014','https://www.linkedin.com/','5lbtrdnc',NULL,1,NULL,51,2,1,0,1,0),(166,NULL,14,NULL,NULL,'2014-07-15 05:07:58',2,'','Lorem ipsum dolor sit amet, consectetur adipiscing elit. Nullam quis tellus ac nulla pulvinar cursus. Ut porttitor posuere elit at condimentum. Integer felis ante, luctus quis pellentesque sed, mollis et purus. Vivamus at purus consectetur, imperdiet dolor nec, feugiat est. Pellentesque ornare, nibh vitae lacinia egestas, tortor nunc eleifend lorem, sit amet fermentum dolor nibh eu dolor. Sed quis laoreet nisl. Nulla id placerat sapien. Phasellus sapien lacus, sagittis a lacus sed, ultrices facilisis purus. Sed vulputate quis mi at mattis. Proin aliquam nibh vel rhoncus pharetra.',NULL,'2q3r350t',NULL,1,NULL,61,3,2,0,1,1),(167,NULL,14,NULL,NULL,'2014-07-15 05:13:18',4,'2.pdf','','/content/updates/files/t/y/b/tybhaqx2/2.pdf','2c68s2he',NULL,1,NULL,55,2,1,0,1,0),(168,NULL,14,NULL,NULL,'2014-07-15 05:14:28',4,'2.pdf','sdfasdf asdf','/content/updates/files/0/0/z/00zzxkmb/2.pdf',NULL,NULL,1,NULL,63,3,0,0,3,2),(171,NULL,29,NULL,NULL,'2014-07-16 09:58:22',3,'How do I determine the total size of a directory (folder) from the command line?','Is there a simple command to display the total aggregate size (disk usage) of all files in a directory (folder)?\r\nI have tried these, and they dont do what I want:\r\nls -l, which only displays the...','http://askubuntu.com/questions/1224/how-do-i-determine-the-total-size-of-a-directory-folder-from-the-command-line',NULL,NULL,1,NULL,1,1,1,0,0,0),(172,NULL,11,NULL,NULL,'2014-07-16 10:03:27',3,'How do I determine the total size of a directory (folder) from the command line?','Is there a simple command to display the total aggregate size (disk usage) of all files in a directory (folder)?\r\n\r\nI have tried these, and they dont do what I want:\r\n\r\n\r\nls -l, which only displays the...','http://askubuntu.com/questions/1224/how-do-i-determine-the-total-size-of-a-directory-folder-from-the-command-line',NULL,NULL,1,NULL,80,3,1,0,1,0),(173,NULL,14,NULL,NULL,'2014-07-16 10:08:30',1,'','tj ghfj fghj',NULL,NULL,NULL,1,NULL,30,2,0,0,1,1),(174,NULL,14,NULL,NULL,'2014-07-16 10:08:32',1,'','f ghj fghj fghj',NULL,NULL,NULL,1,NULL,20,2,0,0,1,0),(175,NULL,14,NULL,NULL,'2014-07-16 10:08:34',1,'','fgh jfghj ghfj fghj fghj fghj',NULL,NULL,NULL,1,NULL,26,2,0,0,1,2),(176,NULL,14,NULL,NULL,'2014-07-16 10:08:36',1,'','fghj fghj fghj fghj',NULL,NULL,NULL,1,NULL,47,2,0,0,1,2),(177,NULL,14,NULL,NULL,'2014-07-16 10:09:02',1,'','Lorem ipsum dolor sit amet, consectetur adipiscing elit. Nunc sed mollis nunc. Nunc venenatis odio eget consequat ullamcorper. Phasellus a leo vel leo vestibulum interdum. Proin justo orci, rhoncus vel mi quis, porttitor vulputate orci. Cras rutrum varius enim, quis gravida dolor molestie sit amet. Fusce sollicitudin erat non justo facilisis semper. Quisque viverra, eros ac venenatis tincidunt, lectus nisl commodo elit, quis interdum nibh risus in lorem. Fusce nec augue eros. Cras tincidunt velit ac ultricies ultrices. Nunc sodales magna vel massa interdum, in convallis dolor imperdiet. Nam iaculis, tortor et sodales commodo, mi urna porttitor arcu, nec eleifend ligula magna vitae libero. Cras eu nibh metus.',NULL,NULL,NULL,1,NULL,46,2,0,0,0,2),(178,NULL,14,NULL,NULL,'2014-07-16 10:09:04',1,'','Lorem ipsum dolor sit amet, consectetur adipiscing elit. Nunc sed mollis nunc. Nunc venenatis odio eget consequat ullamcorper. Phasellus a leo vel leo vestibulum interdum. Proin justo orci, rhoncus vel mi quis, porttitor vulputate orci. Cras rutrum varius enim, quis gravida dolor molestie sit amet. Fusce sollicitudin erat non justo facilisis semper. Quisque viverra, eros ac venenatis tincidunt, lectus nisl commodo elit, quis interdum nibh risus in lorem. Fusce nec augue eros. Cras tincidunt velit ac ultricies ultrices. Nunc sodales magna vel massa interdum, in convallis dolor imperdiet. Nam iaculis, tortor et sodales commodo, mi urna porttitor arcu, nec eleifend ligula magna vitae libero. Cras eu nibh metus.',NULL,NULL,NULL,1,NULL,52,2,0,0,1,2),(179,NULL,14,NULL,NULL,'2014-07-16 10:09:06',1,'','Lorem ipsum dolor sit amet, consectetur adipiscing elit. Nunc sed mollis nunc. Nunc venenatis odio eget consequat ullamcorper. Phasellus a leo vel leo vestibulum interdum. Proin justo orci, rhoncus vel mi quis, porttitor vulputate orci. Cras rutrum varius enim, quis gravida dolor molestie sit amet. Fusce sollicitudin erat non justo facilisis semper. Quisque viverra, eros ac venenatis tincidunt, lectus nisl commodo elit, quis interdum nibh risus in lorem. Fusce nec augue eros. Cras tincidunt velit ac ultricies ultrices. Nunc sodales magna vel massa interdum, in convallis dolor imperdiet. Nam iaculis, tortor et sodales commodo, mi urna porttitor arcu, nec eleifend ligula magna vitae libero. Cras eu nibh metus.',NULL,NULL,NULL,1,NULL,52,2,0,0,1,3),(180,NULL,14,NULL,NULL,'2014-07-16 10:09:07',1,'','Lorem ipsum dolor sit amet, consectetur adipiscing elit. Nunc sed mollis nunc. Nunc venenatis odio eget consequat ullamcorper. Phasellus a leo vel leo vestibulum interdum. Proin justo orci, rhoncus vel mi quis, porttitor vulputate orci. Cras rutrum varius enim, quis gravida dolor molestie sit amet. Fusce sollicitudin erat non justo facilisis semper. Quisque viverra, eros ac venenatis tincidunt, lectus nisl commodo elit, quis interdum nibh risus in lorem. Fusce nec augue eros. Cras tincidunt velit ac ultricies ultrices. Nunc sodales magna vel massa interdum, in convallis dolor imperdiet. Nam iaculis, tortor et sodales commodo, mi urna porttitor arcu, nec eleifend ligula magna vitae libero. Cras eu nibh metus.',NULL,NULL,NULL,1,NULL,134,2,2,0,1,11),(181,NULL,14,NULL,NULL,'2014-07-16 10:12:25',1,'','Lorem ipsum dolor sit amet, consectetur adipiscing elit. Nunc sed mollis nunc. Nunc venenatis odio eget consequat ullamcorper. Phasellus a leo vel leo vestibulum interdum. Proin justo orci, rhoncus vel mi quis, porttitor vulputate orci. Cras rutrum varius enim, quis gravida dolor molestie sit amet. Fusce sollicitudin erat non justo facilisis semper. Quisque viverra, eros ac venenatis tincidunt, lectus nisl commodo elit, quis interdum nibh risus in lorem. Fusce nec augue eros. Cras tincidunt velit ac ultricies ultrices. Nunc sodales magna vel massa interdum, in convallis dolor imperdiet. Nam iaculis, tortor et sodales commodo, mi urna porttitor arcu, nec eleifend ligula magna vitae libero. Cras eu nibh metus.',NULL,NULL,NULL,1,NULL,138,2,1,0,2,3),(182,NULL,14,NULL,NULL,'2014-07-16 10:12:26',1,'','sd gfdfsg sdfg ',NULL,NULL,NULL,1,NULL,80,2,0,0,1,5),(183,NULL,14,NULL,NULL,'2014-07-16 10:12:27',1,'','Lorem ipsum dolor sit amet, consectetur adipiscing elit. Nunc sed mollis nunc. Nunc venenatis odio eget consequat ullamcorper. Phasellus a leo vel leo vestibulum interdum. Proin justo orci, rhoncus vel mi quis, porttitor vulputate orci. Cras rutrum varius enim, quis gravida dolor molestie sit amet. Fusce sollicitudin erat non justo facilisis semper. Quisque viverra, eros ac venenatis tincidunt, lectus nisl commodo elit, quis interdum nibh risus in lorem. Fusce nec augue eros. Cras tincidunt velit ac ultricies ultrices. Nunc sodales magna vel massa interdum, in convallis dolor imperdiet. Nam iaculis, tortor et sodales commodo, mi urna porttitor arcu, nec eleifend ligula magna vitae libero. Cras eu nibh metus.',NULL,NULL,NULL,1,NULL,79,2,0,0,1,5),(184,NULL,14,NULL,NULL,'2014-07-16 10:12:29',1,'','Lorem ipsum dolor sit amet, consectetur adipiscing elit. Nunc sed mollis nunc. Nunc venenatis odio eget consequat ullamcorper. Phasellus a leo vel leo vestibulum interdum. Proin justo orci, rhoncus vel mi quis, porttitor vulputate orci. Cras rutrum varius enim, quis gravida dolor molestie sit amet. Fusce sollicitudin erat non justo facilisis semper. Quisque viverra, eros ac venenatis tincidunt, lectus nisl commodo elit, quis interdum nibh risus in lorem. Fusce nec augue eros. Cras tincidunt velit ac ultricies ultrices. Nunc sodales magna vel massa interdum, in convallis dolor imperdiet. Nam iaculis, tortor et sodales commodo, mi urna porttitor arcu, nec eleifend ligula magna vitae libero. Cras eu nibh metus.',NULL,NULL,NULL,1,NULL,54,2,1,0,1,1),(185,NULL,14,NULL,NULL,'2014-07-16 10:12:31',1,'',' dgf sdfg sdfg sdfg sdf',NULL,NULL,NULL,1,NULL,71,2,2,0,1,3),(188,NULL,38,NULL,NULL,'2014-07-24 05:07:42',1,'','test',NULL,NULL,NULL,1,NULL,14,2,0,0,1,1),(189,NULL,38,NULL,NULL,'2014-07-24 05:09:41',2,'','',NULL,'aib679y7',NULL,1,NULL,32,2,1,0,2,0),(200,51,NULL,3,NULL,'2014-07-30 09:46:16',1,'test title','Lorem ipsum dolor sit amet, consectetur adipiscing elit. Nulla dignissim vitae tellus ac scelerisque. Ut luctus, est et aliquam blandit, massa ante congue massa, ut fermentum nulla justo vel nulla. Nulla aliquet nibh eu risus elementum tempus. Donec lorem dui, semper in facilisis eget, porta id nisl. Suspendisse suscipit nunc quam, sit amet eleifend neque pellentesque hendrerit. Duis ut justo eget lorem molestie egestas. Aliquam erat volutpat. Nullam sit amet volutpat sapien. Nunc ullamcorper dictum lorem, in pharetra justo. Suspendisse sed sem tempus, laoreet neque vitae, sagittis odio.',NULL,NULL,1,1,NULL,0,0,0,0,0,0),(201,51,NULL,3,NULL,'2014-07-31 02:17:48',3,'Уряд Аргентини вдруге за останні 13 років оголосив дефолт','Уряд Аргентини опинився в ситуації дефолту - що означає визнання нездатності платити за своїми боргами','http://espreso.tv/news/2014/07/31/uryad_arhentyny_vdruhe_za_ostanni_13_rokiv_oholosyv_defolt',NULL,1,1,1,0,0,0,0,0,0),(205,NULL,38,NULL,NULL,'2014-07-31 04:27:46',1,'','dgfh dfgh dgfhf',NULL,NULL,NULL,1,NULL,18,1,0,0,0,0),(206,NULL,38,NULL,NULL,'2014-07-31 04:27:49',1,'',' sdfg dsfg sdf gsdfg ',NULL,NULL,NULL,1,NULL,18,1,0,0,0,1),(207,NULL,38,NULL,NULL,'2014-07-31 04:27:52',1,'','s dfg sdfg sdfg sdfg sdfg s',NULL,NULL,NULL,1,NULL,18,1,0,0,1,0),(208,NULL,38,NULL,NULL,'2014-07-31 04:27:58',1,'','sdf gsdfg sdfg sdfg sdfg sdfg sdg sdfg sdfg sdf',NULL,NULL,NULL,1,NULL,18,1,0,0,0,0),(209,NULL,38,NULL,NULL,'2014-07-31 04:28:08',1,'','dfg hdfg hdgf hdfg hdgfh',NULL,NULL,NULL,1,NULL,18,1,0,0,0,0),(210,NULL,38,NULL,NULL,'2014-07-31 04:28:10',1,'',' dfgh dfgh dfgh dfg',NULL,NULL,NULL,1,NULL,17,1,0,0,0,0),(211,NULL,38,NULL,NULL,'2014-07-31 04:28:12',1,'',' dfgh dfgh dfgh dfgh ',NULL,NULL,NULL,1,NULL,21,1,0,0,0,0),(212,NULL,38,NULL,NULL,'2014-07-31 04:28:14',1,'',' dfgh dfgh dfgh dfgh dfg',NULL,NULL,NULL,1,NULL,52,2,0,0,1,0),(213,NULL,38,NULL,NULL,'2014-07-31 04:28:16',1,'',' dfgh dfgh dfgh dfghdgf hdgfh',NULL,NULL,NULL,1,NULL,62,2,0,0,1,5),(214,51,NULL,NULL,NULL,'2014-07-31 04:39:27',1,'','dfg hdgfh dgf hdgfh ',NULL,NULL,NULL,1,NULL,0,0,0,0,0,0),(215,51,NULL,NULL,NULL,'2014-07-31 04:39:29',1,'',' dfgh dfgh dfgh dgf',NULL,NULL,NULL,1,NULL,0,0,0,0,0,0),(216,51,NULL,NULL,NULL,'2014-07-31 04:39:30',1,'',' dfgh dfgh dfgh dgfh',NULL,NULL,NULL,1,NULL,0,0,0,0,0,0),(217,51,NULL,NULL,NULL,'2014-07-31 04:40:47',1,'','fdg sdf gsdf',NULL,NULL,NULL,1,NULL,0,0,0,0,0,0),(218,51,NULL,NULL,NULL,'2014-07-31 04:40:49',1,'',' dsfg sdfg ',NULL,NULL,NULL,1,NULL,0,0,0,0,0,0),(219,51,NULL,NULL,NULL,'2014-07-31 04:40:50',1,'',' sdfg sdfg ',NULL,NULL,NULL,1,NULL,0,0,0,0,0,0),(220,51,NULL,NULL,NULL,'2014-07-31 04:40:51',1,'',' sdfg sdfg',NULL,NULL,NULL,1,NULL,0,0,0,0,0,0),(225,51,NULL,3,NULL,'2014-07-31 08:53:55',1,'Test group  title ','Maecenas at ultrices sem. Aenean in augue non augue dignissim interdum. Pellentesque dui leo, iaculis quis nunc id, congue sagittis tortor. Cras urna velit, sodales eu commodo eu, placerat vel velit. Proin quis orci justo. Nulla id suscipit risus. Aliquam sed risus felis. Ut sodales, dolor eget rhoncus porta, lorem tellus fringilla nulla, sed eleifend ipsum est nec quam. Sed velit justo, dapibus accumsan mi eget, iaculis bibendum felis. In vulputate lobortis ullamcorper. Nunc ut vestibulum enim, id pharetra metus. Vestibulum a tortor sed odio semper sodales. Aenean commodo, dolor at pulvinar sollicitudin, libero eros cursus turpis, in mattis tortor sapien eu felis. Pellentesque habitant morbi tristique senectus et netus et malesuada fames ac turpis egestas. Phasellus volutpat imperdiet adi',NULL,NULL,1,1,1,0,0,0,0,0,0),(226,52,NULL,3,NULL,'2014-07-31 09:40:30',1,'Vova test title','Maecenas at ultrices sem. Aenean in augue non augue dignissim interdum. Pellentesque dui leo, iaculis quis nunc id, congue sagittis tortor. Cras urna velit, sodales eu commodo eu, placerat vel velit. Proin quis orci justo. Nulla id suscipit risus. Aliquam sed risus felis. Ut sodales, dolor eget rhoncus porta, lorem tellus fringilla nulla, sed eleifend ipsum est nec quam. Sed velit justo, dapibus accumsan mi eget, iaculis bibendum felis. In vulputate lobortis ullamcorper. Nunc ut vestibulum enim, id pharetra metus. Vestibulum a tortor sed odio semper sodales. Aenean commodo, dolor at pulvinar sollicitudin, libero eros cursus turpis, in mattis tortor sapien eu felis. Pellentesque habitant morbi tristique senectus et netus et malesuada fames ac turpis egestas. Phasellus volutpat imperdiet adi',NULL,NULL,1,1,2,0,0,0,0,0,0),(238,51,NULL,3,NULL,'2014-08-01 02:53:51',1,'h dfgh dfgh dgf hdfg','df ghd fgh dfgh dgfh dfgh dgf',NULL,NULL,1,1,NULL,0,0,0,0,0,0),(243,52,NULL,NULL,NULL,'2014-08-01 04:47:25',1,'','dsfasd fasdf as',NULL,NULL,NULL,1,NULL,0,0,0,0,0,0),(251,51,NULL,3,NULL,'2014-08-01 09:08:31',1,'BIG TITLE','Lorem ipsum dolor sit amet, consectetur adipiscing elit. Nulla dignissim vitae tellus ac scelerisque. Ut luctus, est et aliquam blandit, massa ante congue massa, ut fermentum nulla justo vel nulla. Nulla aliquet nibh eu risus elementum tempus. Donec lorem dui, semper in facilisis eget, porta id nisl. Suspendisse suscipit nunc quam, sit amet eleifend neque pellentesque hendrerit. Duis ut justo eget lorem molestie egestas. Aliquam erat volutpat. Nullam sit amet volutpat sapien. Nunc ullamcorper dictum lorem, in pharetra justo. Suspendisse sed sem tempus, laoreet neque vitae, sagittis odio.\r\n\r\nMaecenas at ultrices sem. Aenean in augue non augue dignissim interdum. Pellentesque dui leo, iaculis quis nunc id, congue sagittis tortor. Cras urna velit, sodales eu commodo eu, placerat vel velit. Proin quis orci justo. Nulla id suscipit risus. Aliquam sed risus felis. Ut sodales, dolor eget rhoncus porta, lorem tellus fringilla nulla, sed eleifend ipsum est nec quam. Sed velit justo, dapibus accumsan mi eget, iaculis bibendum felis. In vulputate lobortis ullamcorper. Nunc ut vestibulum enim, id pharetra metus. Vestibulum a tortor sed odio semper sodales. Aenean commodo, dolor at pulvinar sollicitudin, libero eros cursus turpis, in mattis tortor sapien eu felis. Pellentesque habitant morbi tristique senectus et netus et malesuada fames ac turpis egestas. Phasellus volutpat imperdiet adipiscing.\r\n\r\nCurabitur condimentum quam massa. Nam vestibulum malesuada est, non blandit erat suscipit vel. Nullam pretium cursus volutpat. Vestibulum interdum aliquam nibh id porta. Aenean non eleifend elit. Aliquam ultrices arcu vel libero ornare sollicitudin. Cras quis ullamcorper lectus. Fusce gravida ac magna in gravida. Phasellus suscipit tortor ac massa commodo, id viverra magna congue. Maecenas lobortis varius nibh, at gravida arcu fringilla sit amet. Morbi et erat eget justo feugiat ornare.\r\n\r\nDonec sollicitudin tristique interdum. Vivamus pulvinar odio sapien, non vulputate erat egestas vel. Mauris aliquam lectus quis justo ultricies, ac sollicitudin lacus porttitor. Maecenas vitae rhoncus lorem. Nullam luctus sagittis nisl, et mattis ante pellentesque ut. Proin eget libero ultricies, porttitor turpis quis, ullamcorper nunc. Maecenas non nisi quis diam semper imperdiet quis tempus justo. Etiam laoreet erat sed est ultrices, quis vehicula nunc commodo. Quisque iaculis massa ac velit tempus, eu ultricies enim sagittis. Sed orci tellus, sodales sed odio sit amet, elementum varius risus. Cras tempus eu ante eu fermentum. Praesent quis sem at magna ornare feugiat id vel odio. Nulla facilisi. Donec at aliquam nulla.\r\n\r\nVivamus laoreet pellentesque neque et pretium. Donec vel nibh faucibus, tempus nunc vel, commodo enim. Aliquam elit sapien, porta quis sodales a, egestas id leo. Curabitur ornare sed mauris pulvinar sagittis. Ut interdum eleifend orci nec consectetur. Ut eu eleifend lectus. Nam tempor tellus sed massa feugiat sollicitudin vitae vel ante. Donec vestibulum neque eu metus porttitor, semper accumsan lacus bibendum. Pellentesque sollicitudin semper tortor hendrerit laoreet. Nunc quis mi vitae nisl condimentum vulputate eget in turpis. Maecenas porta dui quis tortor viverra sagittis. Donec vel augue at libero ullamcorper egestas at dignissim sem.',NULL,NULL,1,1,0,0,0,0,0,0,0),(252,51,NULL,3,NULL,'2014-08-04 01:49:34',1,'Titleeeeee ','Lorem ipsum dolor sit amet, consectetur adipiscing elit. Donec pellentesque vulputate suscipit. Nam accumsan, lectus viverra consequat vulputate, massa turpis accumsan elit, pharetra ornare turpis metus vitae purus. Donec nec justo id nibh volutpat mollis tempus eu arcu. Morbi scelerisque eros purus, et hendrerit felis dictum quis. Donec vitae viverra est. Curabitur at interdum nisl, ac semper lacus. Integer a mollis enim, vel mollis orci.',NULL,NULL,1,1,NULL,0,0,0,0,0,0),(257,51,NULL,3,NULL,'2014-08-04 02:49:11',1,'eeeeeeeeeeeeeeeeee','Lorem ipsum dolor sit amet, consectetur adipiscing elit. Donec pellentesque vulputate suscipit. Nam accumsan, lectus viverra consequat vulputate, massa turpis accumsan elit, pharetra ornare turpis metus vitae purus. Donec nec justo id nibh volutpat mollis tempus eu arcu. Morbi scelerisque eros purus, et hendrerit felis dictum quis. Donec vitae viverra est. Curabitur at interdum nisl, ac semper lacus. Integer a mollis enim, vel mollis orci.',NULL,NULL,1,1,NULL,0,0,0,0,0,0),(259,51,NULL,3,NULL,'2014-08-04 03:28:42',1,'test ','Lorem ipsum dolor sit amet, consectetur adipiscing elit. Donec pellentesque vulputate suscipit. Nam accumsan, lectus viverra consequat vulputate, massa turpis accumsan elit, pharetra ornare turpis metus vitae purus. Donec nec justo id nibh volutpat mollis tempus eu arcu. Morbi scelerisque eros purus, et hendrerit felis dictum quis. Donec vitae viverra est. Curabitur at interdum nisl, ac semper lacus. Integer a mollis enim, vel mollis orci.',NULL,NULL,1,1,NULL,0,0,0,0,0,0),(265,51,NULL,3,NULL,'2014-08-05 05:38:18',1,'sdfgsdfg','dfg dfsg sdf gds',NULL,NULL,1,1,NULL,0,0,0,0,0,0),(266,51,NULL,3,NULL,'2014-08-05 05:38:20',1,'sdfg sdfg sd','s dfg sdfg ',NULL,NULL,1,1,NULL,0,0,0,0,0,0),(267,51,NULL,3,NULL,'2014-08-05 05:38:22',1,'g sdfg sdfg','sdf gdsfg sdf',NULL,NULL,1,1,0,0,0,0,0,0,0),(268,51,NULL,3,NULL,'2014-08-05 05:38:25',1,'sdfg sdfg sdf','s dfg dfsg sdfg ',NULL,NULL,1,1,NULL,0,0,0,0,0,0),(269,51,NULL,3,NULL,'2014-08-05 05:38:28',1,'g dsfg sdfg sdf',' dsfg sdfg dsf',NULL,NULL,1,1,NULL,0,0,0,0,0,0),(270,51,NULL,3,NULL,'2014-08-05 05:38:30',1,' sdfg dsfg ',' sdfg dsfg',NULL,NULL,1,1,1,0,0,0,0,0,0),(271,51,NULL,3,NULL,'2014-08-05 05:38:32',1,'g sdfg dsfg',' sdfg sdfg sdf',NULL,NULL,1,1,0,0,0,0,0,0,0),(272,51,NULL,3,NULL,'2014-08-05 05:38:34',1,' sdfg sdfg','s dfg sdfg',NULL,NULL,1,1,1,0,0,0,0,0,0),(273,53,NULL,NULL,NULL,'2014-08-05 10:44:13',1,'','test message',NULL,NULL,NULL,1,NULL,0,0,0,0,0,0),(278,52,NULL,NULL,NULL,'2014-09-03 05:13:07',3,'','','http://nung.edu.ua/en/contacts',NULL,NULL,1,NULL,0,0,0,0,0,0),(279,NULL,NULL,NULL,10,'2014-09-09 03:19:02',1,'','dddddddddd',NULL,NULL,NULL,1,NULL,0,0,0,0,0,0),(280,NULL,NULL,NULL,10,'2014-09-09 03:49:30',1,'','вавава',NULL,NULL,NULL,1,NULL,0,0,0,0,0,0),(281,NULL,NULL,NULL,10,'2014-09-09 03:54:08',1,'','вавава',NULL,NULL,NULL,1,NULL,0,0,0,0,0,0),(282,NULL,NULL,NULL,10,'2014-09-09 03:55:04',1,'','іваівавіавіа',NULL,NULL,NULL,1,NULL,0,0,0,0,0,0),(283,NULL,NULL,NULL,10,'2014-09-09 03:56:22',1,'','вававава',NULL,NULL,NULL,1,NULL,0,0,0,0,0,0),(284,NULL,NULL,NULL,10,'2014-09-09 03:56:34',1,'','вававава',NULL,NULL,NULL,1,NULL,0,0,0,0,0,0),(285,NULL,NULL,NULL,10,'2014-09-09 03:56:37',1,'','ророророр 3333',NULL,NULL,NULL,1,NULL,0,0,0,0,0,0),(286,NULL,NULL,NULL,10,'2014-09-09 03:59:48',1,'','вап іва піва',NULL,NULL,NULL,1,NULL,0,0,0,0,0,0),(287,NULL,NULL,NULL,10,'2014-09-09 03:59:49',1,'',' івап віап івап',NULL,NULL,NULL,1,NULL,0,0,0,0,0,0),(288,NULL,NULL,NULL,10,'2014-09-09 03:59:51',1,'','і вап івап івап',NULL,NULL,NULL,1,NULL,0,0,0,0,0,0),(289,NULL,NULL,NULL,10,'2014-09-09 03:59:52',1,'','і вап івап івап ',NULL,NULL,NULL,1,NULL,0,0,0,0,0,0),(290,NULL,NULL,NULL,10,'2014-09-09 03:59:53',1,'',' івап івап ваіп',NULL,NULL,NULL,1,NULL,0,0,0,0,0,0),(291,NULL,NULL,NULL,10,'2014-09-09 03:59:55',1,'','і вап івап віап віа',NULL,NULL,NULL,1,NULL,0,0,0,0,0,0),(292,NULL,NULL,NULL,10,'2014-09-09 03:59:56',1,'',' івап івап івап',NULL,NULL,NULL,1,NULL,0,0,0,0,0,0),(293,NULL,NULL,NULL,10,'2014-09-09 03:59:58',1,'',' івап івап івап',NULL,NULL,NULL,1,NULL,0,0,0,0,0,0),(294,NULL,NULL,NULL,10,'2014-09-09 03:59:59',1,'',' івап івап івап і',NULL,NULL,NULL,1,NULL,0,0,0,0,0,0),(295,NULL,NULL,NULL,10,'2014-09-09 04:00:00',1,'','і вап івап івап',NULL,NULL,NULL,1,NULL,0,0,0,0,0,0),(296,NULL,NULL,NULL,10,'2014-09-09 04:00:02',1,'',' івап івап івап ',NULL,NULL,NULL,1,NULL,0,0,0,0,0,0),(297,NULL,NULL,NULL,10,'2014-09-09 04:00:03',1,'','і вап івап івап',NULL,NULL,NULL,1,NULL,0,0,0,0,0,0),(298,NULL,NULL,NULL,10,'2014-09-09 04:00:05',1,'',' івап івап івап і',NULL,NULL,NULL,1,NULL,0,0,0,0,0,0),(299,NULL,NULL,NULL,10,'2014-09-09 04:00:06',1,'','і вап івап іва п',NULL,NULL,NULL,1,NULL,0,0,0,0,0,0),(300,NULL,NULL,NULL,10,'2014-09-09 04:00:08',1,'',' івап івап івап',NULL,NULL,NULL,1,NULL,0,0,0,0,0,0),(301,NULL,NULL,NULL,10,'2014-09-09 04:00:09',1,'','і вапівап івап',NULL,NULL,NULL,1,NULL,0,0,0,0,0,0),(302,NULL,NULL,NULL,10,'2014-09-09 04:00:10',1,'',' іва півап іва',NULL,NULL,NULL,1,NULL,0,0,0,0,0,0),(303,NULL,NULL,NULL,10,'2014-09-09 04:00:12',1,'','і вап івап іва',NULL,NULL,NULL,1,NULL,0,0,0,0,0,0),(304,NULL,NULL,NULL,10,'2014-09-09 04:01:20',2,'','апапапап',NULL,'01r7er4o',NULL,1,NULL,0,0,0,0,0,0),(305,NULL,NULL,NULL,10,'2014-09-11 02:32:10',1,'','kjjkhjkhjk3334 4545454',NULL,NULL,NULL,1,NULL,0,0,0,0,0,0),(306,NULL,NULL,NULL,17,'2014-09-16 10:24:08',1,'','My sdsdsdsdsd',NULL,NULL,NULL,1,NULL,0,0,0,0,0,0),(307,NULL,NULL,NULL,17,'2014-09-16 10:24:16',1,'','df asdf asd',NULL,NULL,NULL,1,NULL,0,0,0,0,0,0),(308,59,NULL,3,NULL,'2014-09-16 10:43:07',1,'test','test message',NULL,NULL,1,1,NULL,0,0,0,0,0,0),(309,51,NULL,3,NULL,'2014-10-06 06:30:36',1,'sd fdsf dsf sd sdfds','sdfsd fs dfds f',NULL,NULL,1,1,NULL,0,0,0,0,0,0),(310,51,NULL,3,NULL,'2014-10-06 06:35:36',1,'fdsfdsfdsf','dfds',NULL,NULL,1,1,NULL,0,0,0,0,0,0),(311,51,NULL,3,NULL,'2014-10-06 06:35:51',1,'dfdsf','sdfdsfdsfsdfdsfds',NULL,NULL,1,1,NULL,0,0,0,0,0,0),(312,51,NULL,3,NULL,'2014-10-06 06:37:11',1,'dfgdfgdf','cdfgf',NULL,NULL,1,1,NULL,0,0,0,0,0,0),(313,51,NULL,3,NULL,'2014-10-06 06:37:56',1,'fdsfsdfsdf','sdfds',NULL,NULL,1,1,NULL,0,0,0,0,0,0),(314,51,NULL,3,NULL,'2014-10-06 06:38:26',1,'fdsfsdfsdfdfdf','sdfdsdfdf',NULL,NULL,1,1,NULL,0,0,0,0,0,0),(315,51,NULL,3,NULL,'2014-10-06 06:38:55',1,'fdsfsdfsdfdfdf','sdfdsdfdf',NULL,NULL,1,1,NULL,0,0,0,0,0,0),(316,51,NULL,3,NULL,'2014-10-06 06:39:33',1,'fdsfsdfsdfdfdf','sdfdsdfdf',NULL,NULL,1,1,NULL,0,0,0,0,0,0),(317,51,NULL,3,NULL,'2014-10-06 06:40:00',1,'fdsfsdfsdfdfdf','sdfdsdfdf',NULL,NULL,1,1,NULL,0,0,0,0,0,0),(318,51,NULL,3,NULL,'2014-10-06 06:40:25',1,'fdsfsdfsdfdfdf','sdfdsdfdf',NULL,NULL,1,1,NULL,0,0,0,0,0,0),(319,51,NULL,3,NULL,'2014-10-06 06:40:54',1,'fdsfsdfsdfdfdf','sdfdsdfdf',NULL,NULL,1,1,NULL,0,0,0,0,0,0),(320,51,NULL,3,NULL,'2014-10-06 06:41:05',1,'fdsfsdfsdfdfdf','sdfdsdfdf',NULL,NULL,1,1,NULL,0,0,0,0,0,0),(321,51,NULL,3,NULL,'2014-10-06 06:41:54',1,'fdsfsdfsdfdfdf','sdfdsdfdf',NULL,NULL,1,1,NULL,0,0,0,0,0,0),(322,51,NULL,3,NULL,'2014-10-06 06:43:58',1,'fdsfsdfsdfdfdf','sdfdsdfdf',NULL,NULL,1,1,NULL,0,0,0,0,0,0),(323,51,NULL,3,NULL,'2014-10-06 06:44:22',1,'11111111','11111111111',NULL,NULL,1,1,NULL,0,0,0,0,0,0),(324,51,NULL,3,NULL,'2014-10-06 06:45:15',1,'3333333','333333333333',NULL,NULL,1,1,NULL,0,0,0,0,0,0),(325,53,NULL,3,NULL,'2014-10-06 06:57:23',1,'asdfa','sdfasdfasdfasdf',NULL,NULL,1,1,NULL,0,0,0,0,0,0),(326,51,NULL,9,NULL,'2014-10-06 07:57:19',1,'fdsfsd','fsdfsdf sdf dsf',NULL,NULL,1,1,NULL,0,0,0,0,0,0),(327,51,NULL,9,NULL,'2014-10-06 07:59:30',1,'sdfdsfdsf','dfdsf',NULL,NULL,1,1,NULL,0,0,0,0,0,0),(328,51,NULL,10,NULL,'2014-10-06 08:00:01',1,' asdf asdf asdf asdf asdf as fasdf ','asdf asdf',NULL,NULL,1,1,NULL,0,0,0,0,0,0),(329,51,NULL,11,NULL,'2014-10-06 08:00:59',1,'sdfg sdfg',' sdfg sdfg sdfg sdg sdf',NULL,NULL,1,1,NULL,0,0,0,0,0,0),(330,51,NULL,NULL,NULL,'2014-10-06 08:57:34',1,'','sdfs dfas fads fasd',NULL,NULL,NULL,1,NULL,0,0,0,0,0,0),(331,53,NULL,NULL,NULL,'2014-10-06 08:58:43',1,'','dfgdfg sdfg sdf',NULL,NULL,NULL,1,NULL,0,0,0,0,0,0),(332,51,NULL,NULL,NULL,'2014-10-08 07:50:48',1,'','http://www.ynet.co.il/articles/0,7340,L-4578489,00.html',NULL,NULL,NULL,1,NULL,0,0,0,0,0,0),(333,51,NULL,NULL,NULL,'2014-10-08 09:34:37',1,'','http://www.chicagotribune.com/news/local/breaking/chi-ctu-karen-lewis-being-evaluated-at-hospital-20141006-story.html',NULL,NULL,NULL,1,NULL,0,0,0,0,0,0),(334,51,NULL,NULL,NULL,'2014-10-13 02:46:20',3,'','','http://www.chicagotribune.com/business/breaking/',NULL,NULL,1,NULL,0,0,0,0,0,0),(335,51,NULL,NULL,NULL,'2014-10-13 02:46:27',1,'','вп івап івап іва',NULL,NULL,NULL,1,NULL,0,0,0,0,0,0),(336,51,NULL,NULL,NULL,'2014-10-13 03:23:57',3,'','','http://www.uamodna.com/articles/pozbuvaemosj-negatyvnyh-dumok-15-dievyh-porad/',NULL,NULL,1,NULL,0,0,0,0,0,0),(337,51,NULL,NULL,NULL,'2014-10-13 03:24:03',1,'','f ghdsgfh d\r\nfgh dfgh \r\ndgfh \r\ndgfh \r\ndfgh\r\n dfgh\r\n dgfh \r\ndgfh dfgh dgfh \r\ndfgh dgf\r\nh dfgh drgf',NULL,NULL,NULL,1,NULL,0,0,0,0,0,0),(338,51,NULL,NULL,NULL,'2014-10-13 03:39:43',1,'','fg hdgf hdfdfgdsfg sdf',NULL,NULL,NULL,1,NULL,0,0,0,0,0,0),(339,52,NULL,NULL,NULL,'2014-10-13 03:47:25',1,'','fgsdfg sdfg sdf',NULL,NULL,NULL,1,NULL,0,0,0,0,0,0),(340,52,NULL,NULL,NULL,'2014-10-13 03:49:35',1,'','sdf gsdf gdfs',NULL,NULL,NULL,1,NULL,0,0,0,0,0,0),(341,52,NULL,NULL,NULL,'2014-10-13 03:49:36',1,'','s dfg sdfg sdf',NULL,NULL,NULL,1,NULL,0,0,0,0,0,0),(342,52,NULL,NULL,NULL,'2014-10-13 03:49:38',1,'',' sdfg sdfg sdfgsdfg sdf',NULL,NULL,NULL,1,NULL,0,0,0,0,0,0),(343,51,NULL,NULL,NULL,'2014-10-13 03:53:12',1,'','dfgh dgf hdgf',NULL,NULL,NULL,1,NULL,0,0,0,0,0,0),(344,51,NULL,NULL,NULL,'2014-10-13 03:53:14',1,'','d fgh dfgh dfgh',NULL,NULL,NULL,1,NULL,0,0,0,0,0,0),(345,51,NULL,NULL,NULL,'2014-10-13 03:53:17',1,'',' dfgh dfgh dfgh dfgh dgfh dfgh',NULL,NULL,NULL,1,NULL,0,0,0,0,0,0),(346,51,NULL,NULL,NULL,'2014-10-13 03:53:19',1,'','d gfh dfgh dfgh dfgh dfg hd',NULL,NULL,NULL,1,NULL,0,0,0,0,0,0),(347,52,NULL,NULL,NULL,'2014-10-13 04:14:00',1,'','dfg hdgf h',NULL,NULL,NULL,1,NULL,0,0,0,0,0,0),(348,52,NULL,NULL,NULL,'2014-10-13 04:14:01',1,'',' dfgh dfgh dfg',NULL,NULL,NULL,1,NULL,0,0,0,0,0,0),(349,52,NULL,NULL,NULL,'2014-10-13 04:14:02',1,'',' dgfh dfgh dfg',NULL,NULL,NULL,1,NULL,0,0,0,0,0,0),(350,52,NULL,NULL,NULL,'2014-10-13 04:14:04',1,'',' dfgh dfg hdfgh',NULL,NULL,NULL,1,NULL,0,0,0,0,0,0),(351,51,NULL,NULL,NULL,'2014-10-13 04:19:26',1,'','d adsf adsasd fasd f\r\n',NULL,NULL,NULL,1,NULL,0,0,0,0,0,0),(352,51,NULL,NULL,NULL,'2014-10-13 04:19:27',1,'','a sdf asd',NULL,NULL,NULL,1,NULL,0,0,0,0,0,0),(353,51,NULL,NULL,NULL,'2014-10-13 04:19:30',1,'','fg sdfg dfs',NULL,NULL,NULL,1,NULL,0,0,0,0,0,0),(354,51,NULL,NULL,NULL,'2014-10-13 04:19:32',1,'',' sdfg sdf g',NULL,NULL,NULL,1,NULL,0,0,0,0,0,0),(355,51,NULL,NULL,NULL,'2014-10-13 04:25:27',1,'','sdf gsdfg sdfg dfsg',NULL,NULL,NULL,1,NULL,0,0,0,0,0,0),(356,51,NULL,NULL,NULL,'2014-10-13 04:25:29',1,'',' sdfg sdfg sdf',NULL,NULL,NULL,1,NULL,0,0,0,0,0,0),(357,51,NULL,NULL,NULL,'2014-10-13 04:25:30',1,'',' sdfg sdfg',NULL,NULL,NULL,1,NULL,0,0,0,0,0,0),(358,51,NULL,NULL,NULL,'2014-10-13 04:25:31',1,'',' sdfg sdfg ',NULL,NULL,NULL,1,NULL,0,0,0,0,0,0),(359,51,NULL,NULL,NULL,'2014-10-13 04:45:49',1,'','fg sdf gsdfg ',NULL,NULL,NULL,1,NULL,0,0,0,0,0,0),(360,51,NULL,NULL,NULL,'2014-10-13 04:45:51',1,'','s dfg sdfg dsf',NULL,NULL,NULL,1,NULL,0,0,0,0,0,0),(361,51,NULL,NULL,NULL,'2014-10-13 04:45:53',1,'',' sdfg dsfg dsf',NULL,NULL,NULL,1,NULL,0,0,0,0,0,0),(362,51,NULL,NULL,NULL,'2014-10-13 04:45:54',1,'',' sdfg sdfg',NULL,NULL,NULL,1,NULL,0,0,0,0,0,0),(363,51,NULL,NULL,NULL,'2014-10-13 04:53:48',1,'','sdf gsdf gds',NULL,NULL,NULL,1,NULL,0,0,0,0,0,0),(364,51,NULL,NULL,NULL,'2014-10-13 04:53:51',1,'','sdf gsdf gdssd fgsdf gsdfg sdfg',NULL,NULL,NULL,1,NULL,0,0,0,0,0,0),(365,51,NULL,NULL,NULL,'2014-10-13 04:54:01',1,'','gsdf gsdfg ',NULL,NULL,NULL,1,NULL,0,0,0,0,0,0),(366,51,NULL,NULL,NULL,'2014-10-13 04:54:03',1,'','s dfg sdfg ',NULL,NULL,NULL,1,NULL,0,0,0,0,0,0),(367,51,NULL,NULL,NULL,'2014-10-13 04:57:24',1,'','sdfg sdfg ',NULL,NULL,NULL,1,NULL,0,0,0,0,0,0),(368,51,NULL,NULL,NULL,'2014-10-13 04:57:25',1,'','s dfg sdfg',NULL,NULL,NULL,1,NULL,0,0,0,0,0,0),(369,51,NULL,NULL,NULL,'2014-10-13 04:57:26',1,'','s dfgdfs',NULL,NULL,NULL,1,NULL,0,0,0,0,0,0),(370,51,NULL,NULL,NULL,'2014-10-13 05:01:22',1,'','dsg agdfs',NULL,NULL,NULL,1,NULL,0,0,0,0,0,0),(371,51,NULL,NULL,NULL,'2014-10-13 05:01:23',1,'','s dfg sdfg ',NULL,NULL,NULL,1,NULL,0,0,0,0,0,0),(372,51,NULL,NULL,NULL,'2014-10-13 05:01:24',1,'','s dfg sdfg sd',NULL,NULL,NULL,1,NULL,0,0,0,0,0,0),(373,51,NULL,NULL,NULL,'2014-10-13 05:01:26',1,'','s dfg sdfg dfs',NULL,NULL,NULL,1,NULL,0,0,0,0,0,0),(374,51,NULL,NULL,NULL,'2014-10-13 05:01:27',1,'','s dfg sdfgdfs',NULL,NULL,NULL,1,NULL,0,0,0,0,0,0),(375,51,NULL,NULL,NULL,'2014-10-13 05:08:28',1,'','gsdf gsdf g',NULL,NULL,NULL,1,NULL,0,0,0,0,0,0),(376,51,NULL,NULL,NULL,'2014-10-13 05:08:30',1,'','s dfg sdfg',NULL,NULL,NULL,1,NULL,0,0,0,0,0,0),(377,51,NULL,NULL,NULL,'2014-10-13 05:08:31',1,'','s dfg sdfg',NULL,NULL,NULL,1,NULL,0,0,0,0,0,0),(378,51,NULL,NULL,NULL,'2014-10-13 05:08:32',1,'','s dfg sdfg',NULL,NULL,NULL,1,NULL,0,0,0,0,0,0),(379,51,NULL,NULL,NULL,'2014-10-13 05:25:28',1,'','s dfgsdf g',NULL,NULL,NULL,1,NULL,0,0,0,0,0,0),(380,51,NULL,NULL,NULL,'2014-10-13 05:25:29',1,'','s dfg dsfg',NULL,NULL,NULL,1,NULL,0,0,0,0,0,0),(381,51,NULL,NULL,NULL,'2014-10-13 05:25:31',1,'',' gsdfg sdfg s',NULL,NULL,NULL,1,NULL,0,0,0,0,0,0),(382,51,NULL,NULL,NULL,'2014-10-13 05:25:32',1,'',' sdfg sdfg s',NULL,NULL,NULL,1,NULL,0,0,0,0,0,0),(383,51,NULL,NULL,NULL,'2014-10-13 05:25:33',1,'',' sdfg sdfg',NULL,NULL,NULL,1,NULL,0,0,0,0,0,0),(384,51,NULL,NULL,NULL,'2014-10-15 03:19:50',1,'','sdfsdf asdf asd',NULL,NULL,NULL,1,NULL,0,0,0,0,0,0),(387,52,NULL,3,NULL,'2014-10-15 04:07:00',1,'11111','22222222',NULL,NULL,1,1,0,0,0,0,0,0,0),(388,51,NULL,NULL,NULL,'2014-10-15 07:04:26',3,'CTU: Karen Lewis hospitalized \'after experiencing discomfort\'','Karen Lewis, president of the Chicago Teachers Union and a prospective mayoral candidate, was ldquo;being evaluated at a local hospitalrdquo; after suffering an unspecified ailment, the CTU said late Monday afternoon.','http://www.chicagotribune.com/news/local/breaking/chi-ctu-karen-lewis-being-evaluated-at-hospital-20141006-story.html','dyv6c7vf',NULL,1,NULL,0,0,0,0,0,0),(389,51,NULL,NULL,NULL,'2014-10-15 07:05:55',3,'Selectize.js','A jQuery-based custom select UI control. Useful for tagging, contact lists, country selectors, and so on.','http://brianreavis.github.io/selectize.js/','vxqaaagk',NULL,1,NULL,0,0,0,0,0,0),(391,51,NULL,NULL,NULL,'2014-10-17 08:41:42',1,'','dfgsd gsdf gsd',NULL,NULL,NULL,1,NULL,0,0,0,0,0,0),(392,51,NULL,NULL,NULL,'2014-10-17 08:41:55',2,'','dfgdfg sdfg sdfgsdf sdfg ',NULL,'m6xv4lku',NULL,1,NULL,0,0,0,0,0,0),(395,51,NULL,3,NULL,'2014-10-17 08:59:53',1,'adsfasdf','a sdf asdf adsf adsf ads',NULL,NULL,1,1,NULL,0,0,0,0,0,0),(396,51,NULL,NULL,NULL,'2014-10-17 09:01:46',1,'','fsdf asdf asdfa',NULL,NULL,NULL,1,NULL,0,0,0,0,0,0),(397,NULL,NULL,NULL,10,'2014-10-17 09:23:14',1,'','вап рвап рвпа рвап',NULL,NULL,NULL,1,NULL,0,0,0,0,0,0),(398,NULL,38,NULL,NULL,'2014-10-17 09:24:25',1,'','в парвпа рвпа р',NULL,NULL,NULL,1,NULL,0,0,0,0,0,0),(399,NULL,38,NULL,NULL,'2014-10-17 09:41:18',1,'','фів афів афвіа фіва ',NULL,NULL,NULL,1,NULL,0,0,0,0,0,0);

/*Data for the table `profile_certification` */

/*Data for the table `profile_education` */

insert  into `profile_education`(`id`,`user_id`,`university_id`,`createDate`,`yearFrom`,`yearTo`,`degree`,`fieldOfStudy`,`grade`,`activitiesAndSocieties`,`description`,`isNotableAlumni`) values (12,51,11,'2014-09-09 04:54:36',2003,2015,'','','','','',NULL),(17,52,10,'2014-09-10 02:18:38',2012,2013,'','','','','',1),(18,53,10,'2014-09-11 02:08:57',2010,2014,NULL,NULL,NULL,NULL,NULL,1),(19,54,10,'2014-09-11 02:09:09',2010,2013,NULL,NULL,NULL,NULL,NULL,1),(20,55,10,'2014-09-11 02:09:25',2009,2014,NULL,NULL,NULL,NULL,NULL,1),(21,56,10,'2014-09-11 02:09:41',2008,2010,NULL,NULL,NULL,NULL,NULL,1),(22,51,10,'2014-09-11 09:37:03',2006,NULL,'','','','','',1),(23,52,15,'2014-09-12 07:17:47',NULL,NULL,NULL,NULL,NULL,NULL,NULL,NULL),(24,59,17,'2014-09-16 09:54:25',NULL,NULL,NULL,NULL,NULL,NULL,NULL,NULL),(25,51,17,'2014-09-16 10:02:55',NULL,2013,NULL,NULL,NULL,NULL,NULL,NULL),(26,59,10,'2014-09-16 10:13:04',NULL,NULL,NULL,NULL,NULL,NULL,NULL,NULL);

/*Data for the table `profile_expirience` */

insert  into `profile_expirience`(`id`,`user_id`,`company_id`,`university_id`,`createDate`,`title`,`location`,`dateFrom`,`dateTo`,`isCurrent`,`description`,`links`,`isSchoolMember`) values (6,51,4,NULL,'2014-06-02 07:58:43','PHP Developer','','2012-12-31','2014-02-28',0,'Quisque sed nisl id nulla euismod ornare eget ut mauris. Nunc diam diam, suscipit eget ornare nec, auctor sed sapien. Duis molestie purus condimentum libero porttitor bibendum. Quisque mattis convallis felis at dapibus. Integer mollis velit nec euismod venenatis. Nulla facilisi. Mauris a nisl sapien. Etiam nec nisl a sapien varius ultricies ac tincidunt justo. Pellentesque laoreet nunc sit amet orci egestas, at commodo turpis condimentum. Aenean blandit augue nisl, ut commodo ipsum vestibulum in. Ut quis arcu a augue consequat blandit vitae vel magna. Maecenas viverra mi vulputate leo hendrerit suscipit.',NULL,NULL),(9,51,5,NULL,'2014-06-02 08:01:16','Administrator','','2014-03-31','2014-02-28',0,'Quisque sed nisl id nulla euismod ornare eget ut mauris. Nunc diam diam, suscipit eget ornare nec, auctor sed sapien. Duis molestie purus condimentum libero porttitor bibendum. Quisque mattis convallis felis at dapibus. Integer mollis velit nec euismod venenatis. Nulla facilisi. Mauris a nisl sapien. Etiam nec nisl a sapien varius ultricies ac tincidunt justo. Pellentesque laoreet nunc sit amet orci egestas, at commodo turpis condimentum. Aenean blandit augue nisl, ut commodo ipsum vestibulum in. Ut quis arcu a augue consequat blandit vitae vel magna. Maecenas viverra mi vulputate leo hendrerit suscipit.',NULL,NULL),(10,51,7,NULL,'2014-06-04 11:03:44','sdfdsfdsfsd','','2014-02-28','0000-00-00',1,'',NULL,NULL),(11,53,7,NULL,'2014-06-06 09:37:12','Position title','','2010-01-31','2013-03-31',0,'',NULL,NULL),(12,53,8,NULL,'2014-06-10 12:03:05','sdsdsdsdsd','','2011-01-31','2012-04-30',0,'',NULL,NULL),(13,52,35,NULL,'2014-06-10 12:04:03','ssssdsd','','2010-04-30','2012-03-31',0,'',NULL,NULL),(14,52,9,NULL,'2014-06-13 03:23:54','asdasdasd','','2012-01-31','0000-00-00',1,'',NULL,NULL),(16,51,16,NULL,'2014-09-09 07:03:16','1111111','','2005-03-31','2011-03-31',0,'',NULL,NULL),(17,52,16,NULL,'2014-09-10 02:16:53','dsdsdsdsd','','2010-02-28','2012-02-29',0,'',NULL,NULL),(18,51,NULL,10,'2014-09-12 02:47:34',NULL,'','0000-00-00',NULL,0,NULL,NULL,NULL),(19,52,NULL,10,'2014-09-12 06:58:33',NULL,'','0000-00-00',NULL,0,NULL,NULL,1),(20,59,NULL,17,'2014-09-16 09:54:13',NULL,'','0000-00-00',NULL,0,NULL,NULL,1),(21,51,NULL,17,'2014-09-16 10:02:53',NULL,'','0000-00-00',NULL,0,NULL,NULL,1);

/*Data for the table `profile_language` */

insert  into `profile_language`(`user_id`,`language_id`,`levelType`,`createDate`) values (51,1,5,'2014-06-04 07:26:23'),(51,3,3,'2014-06-04 07:26:23'),(51,4,2,'2014-06-04 07:26:23'),(51,6,2,'2014-06-04 07:26:23'),(51,7,2,'2014-06-04 07:26:23'),(53,1,5,'2014-06-06 09:37:32'),(53,3,1,'2014-06-06 09:37:32');

/*Data for the table `profile_project` */

insert  into `profile_project`(`id`,`user_id`,`project_id`,`occupation_education_id`,`occupation_experience_id`,`createDate`,`dateFrom`,`dateTo`,`isCurrent`,`description`,`url`) values (6,51,4,NULL,6,'2014-06-03 10:10:06','2014-03-31','0000-00-00',1,'Lorem ipsum dolor sit amet, consectetur adipiscing elit. Phasellus eget vehicula dui. Duis ullamcorper nibh sed iaculis dapibus. Vestibulum faucibus est sit amet nulla pretium, vitae dignissim velit sagittis. Phasellus hendrerit egestas consequat. In ut fringilla tortor. Maecenas vitae eros a nisi luctus tristique. Etiam eget nulla ipsum. Phasellus a ullamcorper risus. Proin ultrices placerat diam vitae pellentesque.','http://www.google.com'),(8,51,5,NULL,6,'2014-06-04 07:30:28','2014-03-31','2012-02-29',0,'','http://sddd.sdsd');

/*Data for the table `profile_project_users` */

/*Data for the table `profile_skills` */

insert  into `profile_skills`(`user_id`,`skill_id`,`createDate`,`position`,`countEndorse`) values (51,1,'2014-06-03 04:47:20',0,0),(51,2,'2014-06-03 04:47:21',0,0),(51,4,'2014-06-03 05:00:09',0,0),(51,8,'2014-10-15 02:49:02',0,1),(52,7,'2014-07-17 03:19:47',0,1),(53,1,'2014-07-24 04:27:40',0,0),(53,5,'2014-06-06 09:37:53',0,0),(53,6,'2014-06-06 09:37:53',0,0);

/*Data for the table `profile_testscore` */

insert  into `profile_testscore`(`id`,`user_id`,`testscore_id`,`createDate`,`occupation`,`dateScore`,`score`,`description`,`url`) values (1,51,2,'2014-06-04 03:31:34','AVAL BANK','2014-06-24','FINE EMPLOYER','Lorem ipsum dolor sit amet, consectetur adipiscing elit. Phasellus eget vehicula dui. Duis ullamcorper nibh sed iaculis dapibus. Vestibulum faucibus est sit amet nulla pretium, vitae dignissim velit sagittis. Phasellus hendrerit egestas consequat. In ut fringilla tortor. Maecenas vitae eros a nisi luctus tristique. Etiam eget nulla ipsum. Phasellus a ullamcorper risus. Proin ultrices placerat diam vitae pellentesque.','http://www.aval.ua');

/*Data for the table `projects` */

insert  into `projects`(`id`,`name`) values (1,'dsfsdf ds'),(2,'test test test test test test'),(3,'Mekooshar'),(4,'Mekooshar project'),(5,'cvxcvxcvxcv');

/*Data for the table `settings` */

insert  into `settings`(`name`,`key`,`value`,`type`,`rules`,`options`,`root`,`position`) values ('When create company, deny custom mail servers','blockMailServers','0','checkbox','','',0,NULL),('Contact email','email','test@test.net','text','{\"required\":true, \"email\":true}',NULL,NULL,2),('Mail servers domain (google.com, yahoo.com)','mailServers','google.com, yahoo.com, hotmail.com, gmail.com','text','','',0,NULL),('Payment system','paymentgateway','paypal','select','{\"required\":true}','{\"paypal\":\"PayPal\", \"authorize\":\"Authorize.NET\"}',NULL,NULL),('Paypal email','paypalEmail','stetsyuk@ukietech.com','text',NULL,NULL,NULL,NULL),('API Password','paypalPassword','M5QN3PV9HS6KBXJM','text',NULL,NULL,NULL,NULL),('Signature','paypalSignature','AlcKpCIVqM3pzKACjHN.bRCbBugPAhlwWTkHbXzUlICuDvcHY8WDDqU8','text',NULL,NULL,NULL,NULL),('Paypal Payments type','paypalType','paypalStandart','select','{\"required\":true}','{\"paypalStandart\":\"PayPal Payments Standart\", \"paypalPro\":\"PayPal Payments Pro\"}',NULL,NULL),('API Username','paypalUsername','delete-286543989P4520825_api1.sandbox.paypal.com','text',NULL,NULL,NULL,NULL),('Test mode','sandbox','1','checkbox',NULL,NULL,1,NULL),('Website title','title','Mekooshar','text','{\"required\":true, \"maxLength\":250}',NULL,NULL,1);

/*Data for the table `skills` */

insert  into `skills`(`id`,`name`,`countUsed`) values (1,'PHP',0),(2,'Mysql',0),(3,'sdsd',0),(4,'Java Script',0),(5,'Delphi',0),(6,'MySql',0),(7,'testing',0),(8,'PHP1',1),(9,'dfdfds',0),(10,'adsf ads',0),(11,'adsfasdf',0),(12,'asdfa',0),(13,'sdfasdf',0),(14,'asdfa',0),(15,'as',0),(16,'adsf',0),(17,'adsfadsf',0),(18,'sdfgsd',0),(19,'sdfg',0),(20,'sdfgsd',0),(21,'fgsdfgsdfg',0),(22,'sdgfsd',0),(23,'fgsdfg',0),(24,'sdfg',0),(25,'sdfgsdf',0),(26,'gsdfg',0),(27,'sdfgsd',0),(28,'fg',0),(29,'sdf',0),(30,'g sdfg',0),(31,'dsfg',0),(32,'h df',0),(33,'ghj f',0),(34,'ghj',0),(35,'fgh k',0),(36,'fgh',0),(37,'d',0),(38,'yh rty wrty',0),(39,'rt dgf',0),(40,'hj dhj',0),(41,'dfg',0),(42,'sd',0),(43,'gf',0),(44,'hs',0),(45,'hjfgh',0),(46,'k',0),(47,'f ',0),(48,'s',0),(49,'g sdf',0),(50,'g s',0),(51,'gf',0),(52,'hk fhdf',0),(53,'g h',0),(54,'dsfgartawarg sgh fghk gh',0),(55,'jk kj',0),(56,'ghj',0),(57,'k',0),(58,'dfg ',0),(59,'sdg',0),(60,'xh',0),(61,'h',0),(62,'j ',0),(63,'gf',0),(64,'kjdgf',6),(65,'h s',567),(66,'df gg',77),(67,'hjdg',756),(68,'hk',56),(69,'l',5),(70,'hfj',6),(71,'k kjlkg ',6),(72,'kf',78),(73,'h',6),(74,'dgfh',6),(75,'dfs',0),(76,'gsdf',6),(77,'g',6),(78,'dfgj',0),(79,'fghj',0),(80,' dfg',6),(81,'apache',0),(82,'linux',0),(83,'php 3443',0),(84,'php 545vbf',0),(85,'fg dff php',0),(86,'php fgdfg',0),(87,'dfgdfg php fdg dfg',0),(88,'gfdffgphpfgdfg',0),(89,'phpg sdfg sd',0),(90,'phpfgsdfg',0),(91,'php 545345',0),(92,'phpfg sdfgsdf',0),(93,'php dfgdsfg349032',0),(94,'php sdgsdfg',0),(95,'php sdg dsfg',0),(96,'phph dfg sdfg',0);

/*Data for the table `skills_endorsement` */

insert  into `skills_endorsement`(`user_id`,`owner_id`,`skill_id`,`createDate`) values (51,52,7,'2014-09-02 09:03:31'),(52,51,8,'2014-10-15 03:09:52'),(52,53,5,'2014-07-21 10:24:17'),(52,53,6,'2014-07-21 10:24:19'),(54,53,6,'0000-00-00 00:00:00'),(55,53,6,'0000-00-00 00:00:00'),(56,53,6,'0000-00-00 00:00:00'),(57,53,6,'0000-00-00 00:00:00'),(58,53,6,'0000-00-00 00:00:00'),(59,53,6,'0000-00-00 00:00:00'),(60,53,6,'0000-00-00 00:00:00'),(61,53,6,'0000-00-00 00:00:00'),(62,53,6,'0000-00-00 00:00:00'),(63,53,6,'0000-00-00 00:00:00'),(64,53,6,'0000-00-00 00:00:00');

/*Data for the table `specialties` */

/*Data for the table `tags` */

insert  into `tags`(`id`,`name`,`user_id`) values (1,'Classmate',51),(2,'Colleagues',51),(3,'Friends',51),(4,'Group members',51),(5,'Partners',51),(24,'Classmate',52),(25,'Colleagues',52),(26,'Friends',52),(29,'Group members',52),(33,'Partners',52),(34,'Classmate',53),(35,'Colleagues',53),(36,'Friends',53),(37,'Group members',53),(38,'Partners',53),(39,'Classmate',62),(40,'Colleagues',62),(41,'Friends',62),(42,'Group members',62),(43,'Partners',62),(44,'Classmate',63),(45,'Colleagues',63),(46,'Friends',63),(47,'Group members',63),(48,'Partners',63),(49,'Classmate',64),(50,'Colleagues',64),(51,'Friends',64),(52,'Group members',64),(53,'Partners',64),(54,'Classmate',65),(55,'Colleagues',65),(56,'Friends',65),(57,'Group members',65),(58,'Partners',65),(59,'Classmate',66),(60,'Colleagues',66),(61,'Friends',66),(62,'Group members',66),(63,'Partners',66),(64,'Classmate',67),(65,'Colleagues',67),(66,'Friends',67),(67,'Group members',67),(68,'Partners',67),(69,'Classmate',68),(70,'Colleagues',68),(71,'Friends',68),(72,'Group members',68),(73,'Partners',68),(79,'Colleagues',61),(80,'Group members',61),(81,'Classmate',61),(82,'Friends',61),(83,'Partners',61),(84,'test 1',51),(85,'Classmate',70),(86,'Colleagues',70),(87,'Friends',70),(88,'Group members',70),(89,'Partners',70),(90,'tag 1',59),(91,'tag 2',59),(92,'tag 3',59),(93,'Classmate',71),(94,'Colleagues',71),(95,'Friends',71),(96,'Group members',71),(97,'Partners',71),(98,'Classmate',72),(99,'Colleagues',72),(100,'Friends',72),(101,'Group members',72),(102,'Partners',72),(103,'Classmate',73),(104,'Colleagues',73),(105,'Friends',73),(106,'Group members',73),(107,'Partners',73),(108,'Classmate',74),(109,'Colleagues',74),(110,'Friends',74),(111,'Group members',74),(112,'Partners',74),(113,'Classmate',75),(114,'Colleagues',75),(115,'Friends',75),(116,'Group members',75),(117,'Partners',75),(118,'Classmate',76),(119,'Colleagues',76),(120,'Friends',76),(121,'Group members',76),(122,'Partners',76),(123,'Classmate',77),(124,'Colleagues',77),(125,'Friends',77),(126,'Group members',77),(127,'Partners',77),(128,'Classmate',78),(129,'Colleagues',78),(130,'Friends',78),(131,'Group members',78),(132,'Partners',78),(133,'Classmate',79),(134,'Colleagues',79),(135,'Friends',79),(136,'Group members',79),(137,'Partners',79),(138,'Classmate',80),(139,'Colleagues',80),(140,'Friends',80),(141,'Group members',80),(142,'Partners',80),(143,'Classmate',81),(144,'Colleagues',81),(145,'Friends',81),(146,'Group members',81),(147,'Partners',81),(148,'Classmate',82),(149,'Colleagues',82),(150,'Friends',82),(151,'Group members',82),(152,'Partners',82),(153,'Classmate',83),(154,'Colleagues',83),(155,'Friends',83),(156,'Group members',83),(157,'Partners',83),(158,'Classmate',84),(159,'Colleagues',84),(160,'Friends',84),(161,'Group members',84),(162,'Partners',84),(163,'Classmate',85),(164,'Colleagues',85),(165,'Friends',85),(166,'Group members',85),(167,'Partners',85),(168,'Classmate',86),(169,'Colleagues',86),(170,'Friends',86),(171,'Group members',86),(172,'Partners',86),(173,'Classmate',87),(174,'Colleagues',87),(175,'Friends',87),(176,'Group members',87),(177,'Partners',87),(178,'Classmate',88),(179,'Colleagues',88),(180,'Friends',88),(181,'Group members',88),(182,'Partners',88),(183,'Classmate',89),(184,'Colleagues',89),(185,'Friends',89),(186,'Group members',89),(187,'Partners',89),(188,'Classmate',90),(189,'Colleagues',90),(190,'Friends',90),(191,'Group members',90),(192,'Partners',90),(193,'Classmate',91),(194,'Colleagues',91),(195,'Friends',91),(196,'Group members',91),(197,'Partners',91),(198,'Classmate',92),(199,'Colleagues',92),(200,'Friends',92),(201,'Group members',92),(202,'Partners',92),(203,'Classmate',93),(204,'Colleagues',93),(205,'Friends',93),(206,'Group members',93),(207,'Partners',93),(208,'Classmate',94),(209,'Colleagues',94),(210,'Friends',94),(211,'Group members',94),(212,'Partners',94),(213,'Classmate',95),(214,'Colleagues',95),(215,'Friends',95),(216,'Group members',95),(217,'Partners',95);

/*Data for the table `testscores` */

insert  into `testscores`(`id`,`name`) values (1,'gdfgdfg'),(2,'Good imployer'),(3,'sdfg sdf'),(4,'adsf ads');

/*Data for the table `timeline` */

insert  into `timeline`(`id`,`user_id`,`company_id`,`group_id`,`school_id`,`friend_id`,`profile_experience_id`,`createDate`,`type`,`content`,`countLikes`,`countShare`,`countComments`,`post_id`,`parent_id`) values (466,53,NULL,NULL,NULL,NULL,NULL,'2014-07-15 03:10:10',1,NULL,2,0,0,156,NULL),(470,52,NULL,NULL,NULL,NULL,NULL,'2014-07-15 03:13:09',1,NULL,1,0,0,160,NULL),(471,52,NULL,NULL,NULL,NULL,NULL,'2014-07-15 03:14:36',1,NULL,1,1,0,161,NULL),(473,NULL,14,NULL,NULL,NULL,NULL,'2014-07-15 04:05:11',1,NULL,2,1,1,163,NULL),(474,NULL,14,NULL,NULL,NULL,NULL,'2014-07-15 04:16:00',1,NULL,3,0,1,164,NULL),(475,NULL,14,NULL,NULL,NULL,NULL,'2014-07-15 04:16:21',1,NULL,1,0,0,165,NULL),(476,NULL,14,NULL,NULL,NULL,NULL,'2014-07-15 05:07:58',1,NULL,1,0,1,166,NULL),(477,NULL,14,NULL,NULL,NULL,NULL,'2014-07-15 05:13:18',1,NULL,1,0,0,167,NULL),(478,NULL,14,NULL,NULL,NULL,NULL,'2014-07-15 05:14:28',1,NULL,3,0,2,168,NULL),(479,52,NULL,NULL,NULL,NULL,NULL,'2014-07-15 11:51:14',5,NULL,0,0,0,168,478),(480,52,NULL,NULL,NULL,NULL,NULL,'2014-07-15 11:54:31',10,NULL,0,0,0,168,478),(481,52,NULL,NULL,NULL,NULL,NULL,'2014-07-15 11:54:33',10,NULL,0,0,0,168,478),(482,52,NULL,NULL,NULL,NULL,NULL,'2014-07-15 11:54:39',10,NULL,0,0,0,166,476),(488,NULL,29,NULL,NULL,NULL,NULL,'2014-07-16 09:58:22',1,NULL,0,0,0,171,NULL),(489,NULL,11,NULL,NULL,NULL,NULL,'2014-07-16 10:03:27',1,NULL,1,0,0,172,NULL),(490,NULL,14,NULL,NULL,NULL,NULL,'2014-07-16 10:08:30',1,NULL,1,0,1,173,NULL),(491,NULL,14,NULL,NULL,NULL,NULL,'2014-07-16 10:08:32',1,NULL,1,0,0,174,NULL),(492,NULL,14,NULL,NULL,NULL,NULL,'2014-07-16 10:08:34',1,NULL,1,0,2,175,NULL),(493,NULL,14,NULL,NULL,NULL,NULL,'2014-07-16 10:08:36',1,NULL,1,0,2,176,NULL),(494,NULL,14,NULL,NULL,NULL,NULL,'2014-07-16 10:09:02',1,NULL,0,0,2,177,NULL),(495,NULL,14,NULL,NULL,NULL,NULL,'2014-07-16 10:09:04',1,NULL,1,0,2,178,NULL),(496,NULL,14,NULL,NULL,NULL,NULL,'2014-07-16 10:09:06',1,NULL,1,0,3,179,NULL),(497,NULL,14,NULL,NULL,NULL,NULL,'2014-07-16 10:09:07',1,NULL,1,2,11,180,NULL),(498,NULL,14,NULL,NULL,NULL,NULL,'2014-07-16 10:12:25',1,NULL,1,1,3,181,NULL),(499,NULL,14,NULL,NULL,NULL,NULL,'2014-07-16 10:12:26',1,NULL,1,0,5,182,NULL),(500,NULL,14,NULL,NULL,NULL,NULL,'2014-07-16 10:12:28',1,NULL,1,0,5,183,NULL),(501,NULL,14,NULL,NULL,NULL,NULL,'2014-07-16 10:12:29',1,NULL,1,0,1,184,NULL),(502,NULL,14,NULL,NULL,NULL,NULL,'2014-07-16 10:12:31',1,NULL,1,0,3,185,NULL),(520,53,NULL,NULL,NULL,NULL,NULL,'2014-07-18 03:14:18',5,'',0,0,0,173,490),(552,53,NULL,NULL,NULL,NULL,NULL,'2014-07-18 05:05:56',5,'',0,0,0,167,477),(557,53,NULL,NULL,NULL,NULL,NULL,'2014-07-18 05:06:24',5,'',0,0,0,172,489),(559,53,NULL,NULL,NULL,NULL,NULL,'2014-07-18 05:13:13',5,'',0,0,0,175,492),(572,53,NULL,NULL,NULL,NULL,NULL,'2014-07-18 06:54:04',5,'',0,0,0,179,496),(573,53,NULL,NULL,NULL,NULL,NULL,'2014-07-18 06:54:07',5,'',0,0,0,178,495),(577,53,NULL,NULL,NULL,NULL,NULL,'2014-07-18 06:55:52',5,'',0,0,0,156,466),(578,53,NULL,NULL,NULL,NULL,NULL,'2014-07-18 06:55:53',5,'',0,0,0,160,470),(579,53,NULL,NULL,NULL,NULL,NULL,'2014-07-18 06:55:55',5,'',0,0,0,161,471),(580,53,NULL,NULL,NULL,NULL,NULL,'2014-07-18 06:55:57',5,'',0,0,0,163,473),(581,53,NULL,NULL,NULL,NULL,NULL,'2014-07-18 06:55:58',5,'',0,0,0,164,474),(582,53,NULL,NULL,NULL,NULL,NULL,'2014-07-18 06:56:00',5,'',0,0,0,165,475),(585,53,NULL,NULL,NULL,NULL,NULL,'2014-07-18 06:59:10',5,'',0,0,0,176,493),(586,53,NULL,NULL,NULL,NULL,NULL,'2014-07-18 06:59:31',5,'',0,0,0,166,476),(587,53,NULL,NULL,NULL,NULL,NULL,'2014-07-18 06:59:39',5,'',0,0,0,168,478),(588,53,NULL,NULL,NULL,NULL,NULL,'2014-07-18 06:59:45',5,'',0,0,0,174,491),(589,53,NULL,NULL,NULL,NULL,NULL,'2014-07-18 07:07:11',10,'',0,0,0,185,502),(590,53,NULL,NULL,NULL,NULL,NULL,'2014-07-18 07:08:00',10,'',0,0,0,180,497),(591,53,NULL,NULL,NULL,NULL,NULL,'2014-07-18 07:08:54',10,'',0,0,0,180,497),(592,53,NULL,NULL,NULL,NULL,NULL,'2014-07-18 07:17:37',10,'',0,0,0,179,496),(593,53,NULL,NULL,NULL,NULL,NULL,'2014-07-21 09:18:24',5,'',0,0,0,185,502),(594,53,NULL,NULL,NULL,NULL,NULL,'2014-07-21 09:18:26',5,'',0,0,0,184,501),(596,53,NULL,NULL,NULL,NULL,NULL,'2014-07-21 09:18:30',5,'',0,0,0,183,500),(597,53,NULL,NULL,NULL,NULL,NULL,'2014-07-21 09:18:32',5,'',0,0,0,182,499),(598,53,NULL,NULL,NULL,NULL,NULL,'2014-07-21 09:18:43',5,'',0,0,0,181,498),(599,53,NULL,NULL,NULL,NULL,NULL,'2014-07-21 09:18:46',5,'',0,0,0,180,497),(600,53,NULL,NULL,NULL,NULL,NULL,'2014-07-21 09:18:52',10,'',0,0,0,180,497),(601,53,NULL,NULL,NULL,NULL,NULL,'2014-07-21 09:24:26',10,'',0,0,0,180,497),(602,53,NULL,NULL,NULL,NULL,NULL,'2014-07-21 09:24:28',10,'',0,0,0,180,497),(603,53,NULL,NULL,NULL,NULL,NULL,'2014-07-21 09:24:30',10,'',0,0,0,180,497),(604,53,NULL,NULL,NULL,NULL,NULL,'2014-07-21 09:24:32',10,'',0,0,0,180,497),(605,53,NULL,NULL,NULL,NULL,NULL,'2014-07-21 09:24:43',10,'',0,0,0,179,496),(606,53,NULL,NULL,NULL,NULL,NULL,'2014-07-21 09:24:48',10,'',0,0,0,178,495),(607,53,NULL,NULL,NULL,NULL,NULL,'2014-07-21 09:24:52',10,'',0,0,0,177,494),(608,53,NULL,NULL,NULL,NULL,NULL,'2014-07-21 09:24:57',10,'',0,0,0,176,493),(609,53,NULL,NULL,NULL,NULL,NULL,'2014-07-21 09:25:02',10,'',0,0,0,175,492),(610,53,NULL,NULL,NULL,NULL,NULL,'2014-07-21 09:51:35',10,'',0,0,0,175,492),(611,53,NULL,NULL,NULL,NULL,NULL,'2014-07-21 09:51:39',10,'',0,0,0,176,493),(612,53,NULL,NULL,NULL,NULL,NULL,'2014-07-21 09:51:41',10,'',0,0,0,177,494),(613,53,NULL,NULL,NULL,NULL,NULL,'2014-07-21 09:51:43',10,'',0,0,0,178,495),(614,53,NULL,NULL,NULL,NULL,NULL,'2014-07-21 09:51:46',10,'',0,0,0,179,496),(615,53,NULL,NULL,NULL,NULL,NULL,'2014-07-21 09:51:50',10,'',0,0,0,180,497),(616,53,NULL,NULL,NULL,NULL,NULL,'2014-07-21 10:19:17',10,'',0,0,0,180,497),(617,53,NULL,NULL,NULL,NULL,NULL,'2014-07-21 10:19:21',10,'',0,0,0,181,498),(618,53,NULL,NULL,NULL,NULL,NULL,'2014-07-21 10:19:25',10,'',0,0,0,182,499),(619,53,NULL,NULL,NULL,NULL,NULL,'2014-07-21 10:19:28',10,'',0,0,0,183,500),(620,53,NULL,NULL,NULL,NULL,NULL,'2014-07-21 10:22:50',10,'',0,0,0,183,500),(621,53,NULL,NULL,NULL,NULL,NULL,'2014-07-21 10:22:54',10,'',0,0,0,182,499),(622,53,NULL,NULL,NULL,NULL,NULL,'2014-07-24 03:30:50',10,'',0,0,0,185,502),(623,NULL,38,NULL,NULL,NULL,NULL,'2014-07-24 05:07:42',1,NULL,1,0,1,188,NULL),(624,NULL,38,NULL,NULL,NULL,NULL,'2014-07-24 05:09:41',1,NULL,2,0,0,189,NULL),(625,53,NULL,NULL,NULL,NULL,NULL,'2014-07-24 05:10:29',5,'',0,0,0,189,624),(635,51,NULL,3,NULL,NULL,NULL,'2014-07-30 09:46:16',1,NULL,1,0,2,200,NULL),(636,51,NULL,3,NULL,NULL,NULL,'2014-07-31 02:17:48',1,NULL,0,0,1,201,NULL),(656,NULL,38,NULL,NULL,NULL,NULL,'2014-07-31 04:27:46',1,NULL,0,0,0,205,NULL),(657,NULL,38,NULL,NULL,NULL,NULL,'2014-07-31 04:27:49',1,NULL,0,0,1,206,NULL),(658,NULL,38,NULL,NULL,NULL,NULL,'2014-07-31 04:27:52',1,NULL,1,0,0,207,NULL),(659,NULL,38,NULL,NULL,NULL,NULL,'2014-07-31 04:27:58',1,NULL,0,0,0,208,NULL),(660,NULL,38,NULL,NULL,NULL,NULL,'2014-07-31 04:28:08',1,NULL,0,0,0,209,NULL),(661,NULL,38,NULL,NULL,NULL,NULL,'2014-07-31 04:28:10',1,NULL,0,0,0,210,NULL),(662,NULL,38,NULL,NULL,NULL,NULL,'2014-07-31 04:28:12',1,NULL,0,0,0,211,NULL),(663,NULL,38,NULL,NULL,NULL,NULL,'2014-07-31 04:28:14',1,NULL,1,0,0,212,NULL),(664,NULL,38,NULL,NULL,NULL,NULL,'2014-07-31 04:28:16',1,NULL,1,0,5,213,NULL),(665,51,NULL,NULL,NULL,NULL,NULL,'2014-07-31 04:32:39',10,'',0,0,0,213,664),(666,51,NULL,NULL,NULL,NULL,NULL,'2014-07-31 04:32:42',10,'',0,0,0,213,664),(667,52,NULL,NULL,NULL,NULL,NULL,'2014-07-31 04:33:40',10,'',0,0,0,185,502),(668,52,NULL,NULL,NULL,NULL,NULL,'2014-07-31 04:33:43',10,'',0,0,0,173,490),(669,52,NULL,NULL,NULL,NULL,NULL,'2014-07-31 04:33:47',10,'',0,0,0,184,501),(670,52,NULL,NULL,NULL,NULL,NULL,'2014-07-31 04:33:52',10,'',0,0,0,183,500),(671,52,NULL,NULL,NULL,NULL,NULL,'2014-07-31 04:33:56',10,'',0,0,0,182,499),(672,52,NULL,NULL,NULL,NULL,NULL,'2014-07-31 04:34:02',10,'',0,0,0,181,498),(673,52,NULL,NULL,NULL,NULL,NULL,'2014-07-31 04:34:23',10,'',0,0,0,180,497),(674,52,NULL,NULL,NULL,NULL,NULL,'2014-07-31 04:34:31',10,'',0,0,0,163,473),(675,52,NULL,NULL,NULL,NULL,NULL,'2014-07-31 04:34:31',5,'',0,0,0,163,473),(676,52,NULL,NULL,NULL,NULL,NULL,'2014-07-31 04:34:43',10,'',0,0,0,164,474),(677,52,NULL,NULL,NULL,NULL,NULL,'2014-07-31 04:34:43',5,'',0,0,0,164,474),(678,52,NULL,NULL,NULL,NULL,NULL,'2014-07-31 04:34:53',10,'',0,0,0,213,664),(692,52,NULL,NULL,NULL,NULL,NULL,'2014-07-31 04:36:54',10,'',0,0,0,182,499),(693,52,NULL,NULL,NULL,NULL,NULL,'2014-07-31 04:36:58',10,'',0,0,0,183,500),(694,52,NULL,NULL,NULL,NULL,NULL,'2014-07-31 04:37:03',10,'',0,0,0,183,500),(695,52,NULL,NULL,NULL,NULL,NULL,'2014-07-31 04:37:09',10,'',0,0,0,182,499),(696,52,NULL,NULL,NULL,NULL,NULL,'2014-07-31 04:37:14',10,'',0,0,0,181,498),(697,52,NULL,NULL,NULL,NULL,NULL,'2014-07-31 04:37:19',10,'',0,0,0,180,497),(698,51,NULL,NULL,NULL,NULL,NULL,'2014-07-31 04:39:27',1,NULL,0,0,1,214,NULL),(699,51,NULL,NULL,NULL,NULL,NULL,'2014-07-31 04:39:29',1,NULL,0,0,1,215,NULL),(700,51,NULL,NULL,NULL,NULL,NULL,'2014-07-31 04:39:30',1,NULL,1,0,2,216,NULL),(701,52,NULL,NULL,NULL,NULL,NULL,'2014-07-31 04:40:19',10,'',0,0,0,216,700),(702,52,NULL,NULL,NULL,NULL,NULL,'2014-07-31 04:40:22',10,'',0,0,0,215,699),(703,52,NULL,NULL,NULL,NULL,NULL,'2014-07-31 04:40:25',10,'',0,0,0,214,698),(704,52,NULL,NULL,NULL,NULL,NULL,'2014-07-31 04:40:29',10,'',0,0,0,213,664),(705,51,NULL,NULL,NULL,NULL,NULL,'2014-07-31 04:40:47',1,NULL,0,1,1,217,NULL),(706,51,NULL,NULL,NULL,NULL,NULL,'2014-07-31 04:40:49',1,NULL,0,0,1,218,NULL),(707,51,NULL,NULL,NULL,NULL,NULL,'2014-07-31 04:40:50',1,NULL,0,1,1,219,NULL),(708,51,NULL,NULL,NULL,NULL,NULL,'2014-07-31 04:40:51',1,NULL,0,0,6,220,NULL),(709,52,NULL,NULL,NULL,NULL,NULL,'2014-07-31 04:40:58',10,'',0,0,0,220,708),(710,52,NULL,NULL,NULL,NULL,NULL,'2014-07-31 04:41:02',10,'',0,0,0,219,707),(711,52,NULL,NULL,NULL,NULL,NULL,'2014-07-31 04:41:05',10,'',0,0,0,218,706),(712,52,NULL,NULL,NULL,NULL,NULL,'2014-07-31 04:41:09',10,'',0,0,0,217,705),(713,52,NULL,NULL,NULL,NULL,NULL,'2014-07-31 04:41:12',10,'',0,0,0,216,700),(727,51,NULL,3,NULL,NULL,NULL,'2014-08-01 09:12:10',1,NULL,3,0,2,225,NULL),(728,52,NULL,NULL,NULL,NULL,NULL,'2014-07-31 08:54:49',10,'',0,0,0,225,727),(729,51,NULL,NULL,NULL,NULL,NULL,'2014-07-31 08:58:37',10,'',0,0,0,225,727),(736,52,NULL,3,NULL,NULL,NULL,'2014-08-01 09:12:10',1,NULL,1,0,0,226,NULL),(739,51,NULL,NULL,NULL,NULL,NULL,'2014-07-31 09:48:36',5,'',0,0,0,226,736),(750,51,NULL,3,NULL,NULL,NULL,'2014-08-01 02:53:51',1,NULL,0,0,0,238,NULL),(755,51,NULL,NULL,NULL,NULL,NULL,'2014-08-01 03:13:24',5,'',0,0,0,212,663),(756,51,NULL,NULL,NULL,NULL,NULL,'2014-08-01 03:50:49',10,'',0,0,0,213,664),(757,51,NULL,NULL,NULL,NULL,NULL,'2014-08-01 04:39:06',10,'',0,0,0,201,636),(759,52,NULL,NULL,NULL,NULL,NULL,'2014-08-01 04:47:25',1,NULL,1,2,0,243,NULL),(763,53,NULL,NULL,NULL,NULL,NULL,'2014-08-01 07:57:56',10,'',0,0,0,200,635),(768,51,NULL,3,NULL,NULL,NULL,'2014-08-01 09:08:53',1,NULL,0,0,0,251,NULL),(769,51,NULL,3,NULL,NULL,NULL,'2014-08-04 02:42:28',1,NULL,0,0,0,252,NULL),(774,51,NULL,3,NULL,NULL,NULL,'2014-08-04 02:54:39',1,NULL,0,0,0,257,NULL),(776,51,NULL,3,NULL,NULL,NULL,'2014-08-04 04:31:27',1,NULL,0,0,0,259,NULL),(777,53,NULL,NULL,NULL,NULL,NULL,'2014-08-04 04:17:23',5,'',0,0,0,225,727),(781,52,NULL,NULL,NULL,NULL,NULL,'2014-08-04 05:22:40',5,'',0,0,0,225,727),(784,51,NULL,3,NULL,NULL,NULL,'2014-08-05 05:38:18',1,NULL,0,0,0,265,NULL),(785,51,NULL,3,NULL,NULL,NULL,'2014-08-05 05:38:20',1,NULL,0,0,0,266,NULL),(786,51,NULL,3,NULL,NULL,NULL,'2014-08-05 05:38:22',1,NULL,1,0,0,267,NULL),(787,51,NULL,3,NULL,NULL,NULL,'2014-08-05 05:38:25',1,NULL,1,0,0,268,NULL),(788,51,NULL,3,NULL,NULL,NULL,'2014-08-05 05:38:28',1,NULL,0,0,0,269,NULL),(789,51,NULL,3,NULL,NULL,NULL,'2014-08-05 05:38:30',1,NULL,1,0,0,270,NULL),(790,51,NULL,3,NULL,NULL,NULL,'2014-08-05 05:38:32',1,NULL,1,0,0,271,NULL),(791,51,NULL,3,NULL,NULL,NULL,'2014-08-05 05:38:34',1,NULL,0,0,0,272,NULL),(799,51,NULL,NULL,NULL,NULL,NULL,'2014-08-05 09:15:45',5,'',0,0,0,271,790),(800,51,NULL,NULL,NULL,NULL,NULL,'2014-08-05 09:15:46',5,'',0,0,0,268,787),(801,51,NULL,NULL,NULL,NULL,NULL,'2014-08-05 09:15:48',5,'',0,0,0,267,786),(802,51,NULL,NULL,NULL,NULL,NULL,'2014-08-05 09:15:56',5,'',0,0,0,270,789),(811,51,NULL,NULL,NULL,NULL,NULL,'2014-08-05 09:47:03',5,'',0,0,0,156,466),(814,51,NULL,NULL,NULL,NULL,NULL,'2014-08-05 09:47:47',5,'',0,0,0,213,664),(816,51,NULL,NULL,NULL,NULL,NULL,'2014-08-05 09:48:17',5,'',0,0,0,168,478),(818,53,NULL,NULL,NULL,NULL,NULL,'2014-08-05 10:44:13',1,NULL,1,2,0,273,NULL),(824,51,NULL,NULL,NULL,NULL,NULL,'2014-08-05 11:15:52',2,'dfdfdfdf',0,0,0,273,818),(825,51,NULL,NULL,NULL,NULL,NULL,'2014-08-05 11:25:58',2,'test share',0,0,0,243,759),(826,53,NULL,NULL,NULL,NULL,NULL,'2014-08-05 11:26:19',2,'test share 2',0,0,0,243,759),(827,51,NULL,NULL,NULL,NULL,NULL,'2014-08-05 11:48:52',2,'dfdf',0,0,0,219,707),(828,51,NULL,NULL,NULL,NULL,NULL,'2014-08-05 11:49:22',2,'dfdfdf',0,0,0,180,497),(829,51,NULL,NULL,NULL,NULL,NULL,'2014-08-05 11:51:37',2,'gfhgfhgf',1,0,8,217,705),(832,51,NULL,NULL,NULL,NULL,NULL,'2014-08-05 11:53:28',2,'fdsfsdfdsf',1,0,0,163,473),(833,51,NULL,NULL,NULL,NULL,NULL,'2014-08-05 11:54:40',2,'gfhghfdgfh dgfh dfgh ',0,0,0,161,471),(834,51,NULL,NULL,NULL,NULL,NULL,'2014-08-05 11:55:17',2,'sdfg sdfg sd',1,0,0,181,498),(835,52,NULL,NULL,NULL,NULL,NULL,'2014-09-03 05:13:07',1,NULL,0,0,16,278,NULL),(841,NULL,NULL,NULL,10,NULL,NULL,'2014-09-09 03:54:08',1,NULL,0,0,0,281,NULL),(842,NULL,NULL,NULL,10,NULL,NULL,'2014-09-09 03:55:04',1,NULL,0,0,0,282,NULL),(843,NULL,NULL,NULL,10,NULL,NULL,'2014-09-09 03:56:22',1,NULL,0,0,0,283,NULL),(844,NULL,NULL,NULL,10,NULL,NULL,'2014-09-09 03:56:34',1,NULL,0,0,0,284,NULL),(848,NULL,NULL,NULL,10,NULL,NULL,'2014-09-09 03:59:48',1,NULL,0,0,0,286,NULL),(849,NULL,NULL,NULL,10,NULL,NULL,'2014-09-09 03:59:49',1,NULL,0,0,0,287,NULL),(850,NULL,NULL,NULL,10,NULL,NULL,'2014-09-09 03:59:51',1,NULL,0,0,0,288,NULL),(851,NULL,NULL,NULL,10,NULL,NULL,'2014-09-09 03:59:52',1,NULL,0,0,0,289,NULL),(852,NULL,NULL,NULL,10,NULL,NULL,'2014-09-09 03:59:54',1,NULL,0,0,0,290,NULL),(853,NULL,NULL,NULL,10,NULL,NULL,'2014-09-09 03:59:55',1,NULL,0,0,0,291,NULL),(854,NULL,NULL,NULL,10,NULL,NULL,'2014-09-09 03:59:56',1,NULL,0,0,0,292,NULL),(855,NULL,NULL,NULL,10,NULL,NULL,'2014-09-09 03:59:58',1,NULL,0,0,0,293,NULL),(856,NULL,NULL,NULL,10,NULL,NULL,'2014-09-09 03:59:59',1,NULL,0,0,0,294,NULL),(857,NULL,NULL,NULL,10,NULL,NULL,'2014-09-09 04:00:01',1,NULL,0,0,0,295,NULL),(858,NULL,NULL,NULL,10,NULL,NULL,'2014-09-09 04:00:02',1,NULL,0,0,0,296,NULL),(859,NULL,NULL,NULL,10,NULL,NULL,'2014-09-09 04:00:03',1,NULL,0,0,0,297,NULL),(860,NULL,NULL,NULL,10,NULL,NULL,'2014-09-09 04:00:05',1,NULL,0,1,0,298,NULL),(861,NULL,NULL,NULL,10,NULL,NULL,'2014-09-09 04:00:06',1,NULL,0,0,0,299,NULL),(862,NULL,NULL,NULL,10,NULL,NULL,'2014-09-09 04:00:08',1,NULL,0,0,0,300,NULL),(863,NULL,NULL,NULL,10,NULL,NULL,'2014-09-09 04:00:09',1,NULL,0,0,0,301,NULL),(864,NULL,NULL,NULL,10,NULL,NULL,'2014-09-09 04:00:10',1,NULL,0,2,0,302,NULL),(865,NULL,NULL,NULL,10,NULL,NULL,'2014-09-09 04:00:12',1,NULL,1,0,0,303,NULL),(866,NULL,NULL,NULL,10,NULL,NULL,'2014-09-09 04:01:20',1,NULL,1,1,2,304,NULL),(867,51,NULL,NULL,NULL,NULL,NULL,'2014-09-09 04:03:36',2,'Ха-ха-ха :)',1,0,2,304,866),(868,51,NULL,NULL,NULL,NULL,NULL,'2014-09-09 07:28:34',5,'',0,0,0,164,474),(869,51,NULL,NULL,NULL,NULL,NULL,'2014-09-10 09:28:17',2,'jjjj',1,0,5,302,864),(870,NULL,NULL,NULL,10,NULL,NULL,'2014-09-11 02:32:10',1,NULL,0,1,40,305,NULL),(871,51,NULL,NULL,NULL,NULL,NULL,'2014-09-15 10:47:42',5,'',0,0,0,304,866),(878,51,NULL,NULL,NULL,NULL,NULL,'2014-09-15 10:57:28',10,'',0,0,0,305,870),(879,51,NULL,NULL,NULL,NULL,NULL,'2014-09-15 11:00:16',10,'',0,0,0,305,870),(880,51,NULL,NULL,NULL,NULL,NULL,'2014-09-15 11:01:18',10,'',0,0,0,305,870),(881,51,NULL,NULL,NULL,NULL,NULL,'2014-09-15 11:01:27',5,'',0,0,0,302,869),(882,51,NULL,NULL,NULL,NULL,NULL,'2014-09-15 11:01:32',5,'',0,0,0,304,867),(883,51,NULL,NULL,NULL,NULL,NULL,'2014-09-15 11:01:45',5,'',0,0,0,303,865),(884,51,NULL,NULL,NULL,NULL,NULL,'2014-09-15 11:01:56',2,'вапвапвапвап',0,0,0,298,860),(885,51,NULL,NULL,NULL,NULL,NULL,'2014-09-15 11:02:08',5,'',0,0,0,181,834),(886,51,NULL,NULL,NULL,NULL,NULL,'2014-09-15 11:02:28',5,'',0,0,0,163,832),(887,51,NULL,NULL,NULL,NULL,NULL,'2014-09-15 11:02:31',5,'',0,0,0,217,829),(888,51,NULL,NULL,NULL,NULL,NULL,'2014-09-15 11:02:34',10,'',0,0,0,217,829),(889,51,NULL,NULL,NULL,NULL,NULL,'2014-09-15 11:02:39',5,'',0,0,0,273,818),(890,51,NULL,NULL,NULL,NULL,NULL,'2014-09-15 11:03:10',5,'',0,0,0,200,635),(891,51,NULL,NULL,NULL,NULL,NULL,'2014-09-15 11:03:14',10,'',0,0,0,200,635),(892,51,NULL,NULL,NULL,NULL,NULL,'2014-09-15 11:03:16',5,'',0,0,0,243,759),(893,51,NULL,NULL,NULL,NULL,NULL,'2014-09-15 11:03:20',5,'',0,0,0,216,700),(894,51,NULL,NULL,NULL,NULL,NULL,'2014-09-15 11:03:24',5,'',0,0,0,207,658),(895,51,NULL,NULL,NULL,NULL,NULL,'2014-09-15 11:03:28',10,'',0,0,0,206,657),(896,51,NULL,NULL,NULL,NULL,NULL,'2014-09-15 11:03:34',5,'',0,0,0,188,623),(897,51,NULL,NULL,NULL,NULL,NULL,'2014-09-15 11:03:37',10,'',0,0,0,188,623),(898,NULL,NULL,NULL,17,NULL,NULL,'2014-09-16 10:24:08',1,NULL,0,0,0,306,NULL),(899,NULL,NULL,NULL,17,NULL,NULL,'2014-09-16 10:24:16',1,NULL,0,1,0,307,NULL),(900,59,NULL,3,NULL,NULL,NULL,'2014-09-16 10:43:07',1,NULL,0,0,0,308,NULL),(901,51,NULL,3,NULL,NULL,NULL,'2014-10-06 06:56:12',1,NULL,0,0,0,309,NULL),(902,51,NULL,3,NULL,NULL,NULL,'2014-10-06 06:35:36',1,NULL,0,0,0,310,NULL),(903,51,NULL,3,NULL,NULL,NULL,'2014-10-06 06:35:51',1,NULL,0,0,0,311,NULL),(904,51,NULL,3,NULL,NULL,NULL,'2014-10-06 06:37:12',1,NULL,0,0,0,312,NULL),(905,51,NULL,3,NULL,NULL,NULL,'2014-10-06 06:37:56',1,NULL,0,0,0,313,NULL),(906,51,NULL,3,NULL,NULL,NULL,'2014-10-06 06:38:26',1,NULL,0,0,0,314,NULL),(907,51,NULL,3,NULL,NULL,NULL,'2014-10-06 06:38:55',1,NULL,0,0,0,315,NULL),(908,51,NULL,3,NULL,NULL,NULL,'2014-10-06 06:39:33',1,NULL,0,0,0,316,NULL),(909,51,NULL,3,NULL,NULL,NULL,'2014-10-06 06:40:00',1,NULL,0,0,0,317,NULL),(910,51,NULL,3,NULL,NULL,NULL,'2014-10-06 06:40:25',1,NULL,0,0,0,318,NULL),(911,51,NULL,3,NULL,NULL,NULL,'2014-10-06 06:40:54',1,NULL,0,0,0,319,NULL),(912,51,NULL,3,NULL,NULL,NULL,'2014-10-06 06:41:05',1,NULL,0,0,0,320,NULL),(913,51,NULL,3,NULL,NULL,NULL,'2014-10-06 06:41:54',1,NULL,0,0,0,321,NULL),(914,51,NULL,3,NULL,NULL,NULL,'2014-10-06 06:56:12',1,NULL,0,0,0,322,NULL),(915,51,NULL,3,NULL,NULL,NULL,'2014-10-06 06:56:12',1,NULL,0,0,0,323,NULL),(916,51,NULL,3,NULL,NULL,NULL,'2014-10-06 06:56:12',1,NULL,1,0,1,324,NULL),(917,53,NULL,3,NULL,NULL,NULL,'2014-10-06 06:57:38',1,NULL,0,0,2,325,NULL),(918,51,NULL,9,NULL,NULL,NULL,'2014-10-06 07:57:19',1,NULL,0,0,0,326,NULL),(919,51,NULL,9,NULL,NULL,NULL,'2014-10-06 07:59:30',1,NULL,0,0,0,327,NULL),(920,51,NULL,10,NULL,NULL,NULL,'2014-10-06 08:00:01',1,NULL,0,0,0,328,NULL),(921,51,NULL,11,NULL,NULL,NULL,'2014-10-06 08:00:59',1,NULL,0,0,0,329,NULL),(922,51,NULL,NULL,NULL,NULL,NULL,'2014-10-06 08:57:34',1,NULL,0,0,0,330,NULL),(923,53,NULL,NULL,NULL,NULL,NULL,'2014-10-06 08:58:43',1,NULL,0,0,0,331,NULL),(924,51,NULL,NULL,NULL,NULL,NULL,'2014-10-08 07:50:48',1,NULL,0,0,3,332,NULL),(925,51,NULL,NULL,NULL,NULL,NULL,'2014-10-08 09:34:37',1,NULL,2,2,6,333,NULL),(926,51,NULL,NULL,NULL,NULL,NULL,'2014-10-08 10:12:56',10,'',0,0,0,278,835),(927,51,NULL,NULL,NULL,NULL,NULL,'2014-10-08 10:13:18',10,'',0,0,0,278,835),(928,52,NULL,NULL,NULL,NULL,NULL,'2014-10-08 10:14:06',10,'',0,0,0,220,708),(929,51,NULL,NULL,NULL,NULL,NULL,'2014-10-08 10:18:29',10,'',0,0,0,305,870),(930,52,NULL,NULL,NULL,NULL,NULL,'2014-10-08 10:20:24',10,'',0,0,0,220,708),(931,52,NULL,NULL,NULL,NULL,NULL,'2014-10-08 10:26:49',10,'',0,0,0,220,708),(932,52,NULL,NULL,NULL,NULL,NULL,'2014-10-08 10:31:18',10,'',0,0,0,278,835),(933,52,NULL,NULL,NULL,NULL,NULL,'2014-10-08 10:32:10',10,'',0,0,0,278,835),(934,51,NULL,NULL,NULL,NULL,NULL,'2014-10-08 10:32:27',10,'',0,0,0,217,829),(935,51,NULL,NULL,NULL,NULL,NULL,'2014-10-08 10:32:39',10,'',0,0,0,217,829),(936,52,NULL,NULL,NULL,NULL,NULL,'2014-10-08 10:33:07',10,'',0,0,0,220,708),(937,51,NULL,NULL,NULL,NULL,NULL,'2014-10-08 10:33:38',10,'',0,0,0,278,835),(938,51,NULL,NULL,NULL,NULL,NULL,'2014-10-08 10:34:01',10,'',0,0,0,305,870),(939,51,NULL,NULL,NULL,NULL,NULL,'2014-10-08 10:34:10',10,'',0,0,0,305,870),(940,52,NULL,NULL,NULL,NULL,NULL,'2014-10-08 10:43:59',10,'',0,0,0,278,835),(941,52,NULL,NULL,NULL,NULL,NULL,'2014-10-08 10:46:31',10,'',0,0,0,305,870),(942,52,NULL,NULL,NULL,NULL,NULL,'2014-10-08 10:46:49',10,'',0,0,0,305,870),(943,52,NULL,NULL,NULL,NULL,NULL,'2014-10-08 10:47:31',10,'',0,0,0,305,870),(944,52,NULL,NULL,NULL,NULL,NULL,'2014-10-08 10:47:34',10,'',0,0,0,305,870),(945,52,NULL,NULL,NULL,NULL,NULL,'2014-10-08 10:47:36',10,'',0,0,0,305,870),(946,51,NULL,NULL,NULL,NULL,NULL,'2014-10-08 10:47:56',10,'',0,0,0,278,835),(947,52,NULL,NULL,NULL,NULL,NULL,'2014-10-09 02:45:28',10,'',0,0,0,305,870),(948,51,NULL,NULL,NULL,NULL,NULL,'2014-10-09 02:47:09',10,'',0,0,0,278,835),(949,51,NULL,NULL,NULL,NULL,NULL,'2014-10-09 02:47:32',10,'',0,0,0,305,870),(950,51,NULL,NULL,NULL,NULL,NULL,'2014-10-09 02:48:10',10,'',0,0,0,305,870),(951,51,NULL,NULL,NULL,NULL,NULL,'2014-10-09 02:48:37',10,'',0,0,0,305,870),(952,51,NULL,NULL,NULL,NULL,NULL,'2014-10-09 02:49:05',10,'',0,0,0,217,829),(953,51,NULL,NULL,NULL,NULL,NULL,'2014-10-09 02:49:19',10,'',0,0,0,217,829),(954,52,NULL,NULL,NULL,NULL,NULL,'2014-10-09 02:49:40',10,'',0,0,0,220,708),(955,51,NULL,NULL,NULL,NULL,NULL,'2014-10-09 03:13:19',10,'',0,0,0,305,870),(956,51,NULL,NULL,NULL,NULL,NULL,'2014-10-09 03:13:57',10,'',0,0,0,305,870),(957,52,NULL,NULL,NULL,NULL,NULL,'2014-10-09 03:14:25',10,'',0,0,0,278,835),(958,52,NULL,NULL,NULL,NULL,NULL,'2014-10-09 03:15:12',10,'',0,0,0,305,870),(959,52,NULL,NULL,NULL,NULL,NULL,'2014-10-09 03:15:31',10,'',0,0,0,278,835),(960,51,NULL,NULL,NULL,NULL,NULL,'2014-10-09 03:15:40',10,'',0,0,0,217,829),(961,51,NULL,NULL,NULL,NULL,NULL,'2014-10-09 03:25:00',10,'',0,0,0,305,870),(962,51,NULL,NULL,NULL,NULL,NULL,'2014-10-09 03:25:16',10,'',0,0,0,278,835),(963,51,NULL,NULL,NULL,NULL,NULL,'2014-10-09 03:25:28',10,'',0,0,0,217,829),(964,51,NULL,NULL,NULL,NULL,NULL,'2014-10-09 03:25:30',10,'',0,0,0,217,829),(965,51,NULL,NULL,NULL,NULL,NULL,'2014-10-09 03:25:45',10,'',0,0,0,305,870),(966,51,NULL,NULL,NULL,NULL,NULL,'2014-10-09 03:35:35',10,'',0,0,0,305,870),(967,51,NULL,NULL,NULL,NULL,NULL,'2014-10-09 03:44:17',10,'',0,0,0,305,870),(968,51,NULL,NULL,NULL,NULL,NULL,'2014-10-09 03:44:19',10,'',0,0,0,305,870),(969,51,NULL,NULL,NULL,NULL,NULL,'2014-10-09 03:44:24',10,'',0,0,0,302,869),(970,51,NULL,NULL,NULL,NULL,NULL,'2014-10-09 03:44:29',10,'',0,0,0,304,867),(971,51,NULL,NULL,NULL,NULL,NULL,'2014-10-09 03:44:33',10,'',0,0,0,304,866),(972,52,NULL,NULL,NULL,NULL,NULL,'2014-10-09 03:44:46',10,'',0,0,0,278,835),(973,52,NULL,NULL,NULL,NULL,NULL,'2014-10-09 03:45:52',10,'',0,0,0,278,835),(974,52,NULL,NULL,NULL,NULL,NULL,'2014-10-09 03:46:15',10,'',0,0,0,278,835),(975,51,NULL,NULL,NULL,NULL,NULL,'2014-10-09 03:46:39',10,'',0,0,0,278,835),(976,51,NULL,NULL,NULL,NULL,NULL,'2014-10-09 03:46:41',10,'',0,0,0,278,835),(977,51,NULL,NULL,NULL,NULL,NULL,'2014-10-09 04:14:55',10,'',0,0,0,305,870),(978,51,NULL,NULL,NULL,NULL,NULL,'2014-10-09 04:18:59',10,'',0,0,0,305,870),(979,51,NULL,NULL,NULL,NULL,NULL,'2014-10-09 04:19:19',10,'',0,0,0,305,870),(980,51,NULL,NULL,NULL,NULL,NULL,'2014-10-09 04:19:38',10,'',0,0,0,305,870),(981,51,NULL,NULL,NULL,NULL,NULL,'2014-10-09 04:20:16',10,'',0,0,0,305,870),(982,51,NULL,NULL,NULL,NULL,NULL,'2014-10-09 04:20:24',10,'',0,0,0,305,870),(983,51,NULL,NULL,NULL,NULL,NULL,'2014-10-09 04:20:32',10,'',0,0,0,305,870),(984,51,NULL,NULL,NULL,NULL,NULL,'2014-10-09 04:20:42',10,'',0,0,0,305,870),(985,51,NULL,NULL,NULL,NULL,NULL,'2014-10-09 04:21:01',10,'',0,0,0,305,870),(986,52,NULL,NULL,NULL,NULL,NULL,'2014-10-09 04:21:37',10,'',0,0,0,305,870),(987,52,NULL,NULL,NULL,NULL,NULL,'2014-10-09 04:21:39',10,'',0,0,0,305,870),(988,52,NULL,NULL,NULL,NULL,NULL,'2014-10-09 04:23:13',10,'',0,0,0,305,870),(989,52,NULL,NULL,NULL,NULL,NULL,'2014-10-09 04:24:02',10,'',0,0,0,305,870),(990,52,NULL,NULL,NULL,NULL,NULL,'2014-10-09 04:24:06',10,'',0,0,0,305,870),(991,52,NULL,NULL,NULL,NULL,NULL,'2014-10-09 04:25:51',10,'',0,0,0,305,870),(992,52,NULL,NULL,NULL,NULL,NULL,'2014-10-09 04:26:31',10,'',0,0,0,333,925),(993,52,NULL,NULL,NULL,NULL,NULL,'2014-10-09 04:28:09',10,'',0,0,0,333,925),(994,52,NULL,NULL,NULL,NULL,NULL,'2014-10-09 04:28:13',10,'',0,0,0,333,925),(995,52,NULL,NULL,NULL,NULL,NULL,'2014-10-09 04:28:18',10,'',0,0,0,332,924),(996,52,NULL,NULL,NULL,NULL,NULL,'2014-10-09 04:28:25',10,'',0,0,0,305,870),(997,52,NULL,NULL,NULL,NULL,NULL,'2014-10-09 04:28:30',10,'',0,0,0,302,869),(998,52,NULL,NULL,NULL,NULL,NULL,'2014-10-09 04:28:32',10,'',0,0,0,302,869),(999,52,NULL,NULL,NULL,NULL,NULL,'2014-10-09 04:28:34',10,'',0,0,0,302,869),(1000,51,NULL,NULL,NULL,NULL,NULL,'2014-10-09 04:28:43',10,'',0,0,0,333,925),(1001,51,NULL,NULL,NULL,NULL,NULL,'2014-10-09 04:28:48',10,'',0,0,0,332,924),(1002,52,NULL,NULL,NULL,NULL,NULL,'2014-10-09 04:29:01',10,'',0,0,0,325,917),(1003,52,NULL,NULL,NULL,NULL,NULL,'2014-10-09 04:29:03',10,'',0,0,0,325,917),(1004,52,NULL,NULL,NULL,NULL,NULL,'2014-10-09 04:29:08',10,'',0,0,0,324,916),(1005,51,NULL,NULL,NULL,NULL,NULL,'2014-10-09 07:37:08',5,'',0,0,0,189,624),(1006,52,NULL,NULL,NULL,NULL,NULL,'2014-10-10 02:52:23',10,'',0,0,0,333,925),(1007,52,NULL,NULL,NULL,NULL,NULL,'2014-10-10 02:52:33',10,'',0,0,0,332,924),(1008,52,NULL,NULL,NULL,NULL,NULL,'2014-10-10 02:52:39',10,'',0,0,0,305,870),(1009,52,NULL,NULL,NULL,NULL,NULL,'2014-10-10 02:52:45',10,'',0,0,0,302,869),(1010,52,NULL,NULL,NULL,NULL,NULL,'2014-10-10 02:52:49',10,'',0,0,0,304,867),(1011,52,NULL,NULL,NULL,NULL,NULL,'2014-10-10 02:52:54',10,'',0,0,0,304,866),(1012,52,NULL,NULL,NULL,NULL,NULL,'2014-10-10 02:53:01',2,'fg hjfgh jfgh jf',2,0,5,302,864),(1013,52,NULL,NULL,NULL,NULL,NULL,'2014-10-10 02:53:08',10,'',0,0,0,302,1012),(1014,51,NULL,NULL,NULL,NULL,NULL,'2014-10-10 02:53:20',10,'',0,0,0,302,1012),(1015,51,NULL,NULL,NULL,NULL,NULL,'2014-10-10 02:53:24',10,'',0,0,0,302,1012),(1016,52,NULL,NULL,NULL,NULL,NULL,'2014-10-10 02:53:28',10,'',0,0,0,302,1012),(1017,52,NULL,NULL,NULL,NULL,NULL,'2014-10-10 02:57:28',5,'',0,0,0,302,1012),(1018,51,NULL,NULL,NULL,NULL,NULL,'2014-10-10 03:29:21',10,'',0,0,0,302,1012),(1019,52,NULL,NULL,NULL,NULL,NULL,'2014-10-10 04:01:50',5,'',0,0,0,333,925),(1020,52,NULL,NULL,NULL,NULL,NULL,'2014-10-10 04:01:54',2,'hjkhjkhjkhjk',0,0,0,333,925),(1021,52,NULL,NULL,NULL,NULL,NULL,'2014-10-10 04:02:06',10,'',0,0,0,333,925),(1025,51,NULL,NULL,NULL,NULL,NULL,'2014-10-13 02:40:45',5,'',0,0,0,302,1012),(1026,51,NULL,NULL,NULL,NULL,NULL,'2014-10-13 02:40:48',5,'',0,0,0,324,916),(1027,51,NULL,NULL,NULL,NULL,NULL,'2014-10-13 02:40:52',5,'',0,0,0,333,925),(1031,51,NULL,NULL,NULL,NULL,NULL,'2014-10-13 02:41:15',5,'',0,0,0,225,727),(1033,51,NULL,NULL,NULL,NULL,NULL,'2014-10-13 02:44:15',2,'іва іва іва і',0,0,0,333,925),(1034,51,NULL,NULL,NULL,NULL,NULL,'2014-10-13 02:45:50',2,'ва фів афві афвіа ',1,0,0,305,870),(1035,51,NULL,NULL,NULL,NULL,NULL,'2014-10-13 02:46:20',1,NULL,0,0,0,334,NULL),(1036,51,NULL,NULL,NULL,NULL,NULL,'2014-10-13 02:46:27',1,NULL,0,0,0,335,NULL),(1037,51,NULL,NULL,NULL,NULL,NULL,'2014-10-13 03:23:57',1,NULL,0,1,0,336,NULL),(1038,51,NULL,NULL,NULL,NULL,NULL,'2014-10-13 03:24:03',1,NULL,0,0,0,337,NULL),(1039,51,NULL,NULL,NULL,NULL,NULL,'2014-10-13 03:39:43',1,NULL,0,1,0,338,NULL),(1040,51,NULL,NULL,NULL,NULL,NULL,'2014-10-13 03:46:36',5,'',0,0,0,305,1034),(1041,52,NULL,NULL,NULL,NULL,NULL,'2014-10-13 03:47:25',1,NULL,0,0,0,339,NULL),(1042,52,NULL,NULL,NULL,NULL,NULL,'2014-10-13 03:47:31',2,' ty hjghfj fghj fgh',0,0,0,338,1039),(1043,52,NULL,NULL,NULL,NULL,NULL,'2014-10-13 03:48:26',2,'s dfg sdfg sdfg sdfg dsf',0,0,0,336,1037),(1044,52,NULL,NULL,NULL,NULL,NULL,'2014-10-13 03:49:35',1,NULL,0,1,0,340,NULL),(1045,52,NULL,NULL,NULL,NULL,NULL,'2014-10-13 03:49:36',1,NULL,0,1,0,341,NULL),(1046,52,NULL,NULL,NULL,NULL,NULL,'2014-10-13 03:49:38',1,NULL,0,1,0,342,NULL),(1047,51,NULL,NULL,NULL,NULL,NULL,'2014-10-13 03:50:20',2,'sdf gsdf gsdf gsdfg ',0,0,0,342,1046),(1048,51,NULL,NULL,NULL,NULL,NULL,'2014-10-13 03:52:39',2,'sdfg sdfg sdfg sdfg sd',0,0,0,341,1045),(1049,51,NULL,NULL,NULL,NULL,NULL,'2014-10-13 03:52:53',2,'gsdf gsdf gsdf gs',0,0,0,340,1044),(1050,51,NULL,NULL,NULL,NULL,NULL,'2014-10-13 03:53:12',1,NULL,0,1,0,343,NULL),(1051,51,NULL,NULL,NULL,NULL,NULL,'2014-10-13 03:53:14',1,NULL,0,1,0,344,NULL),(1052,51,NULL,NULL,NULL,NULL,NULL,'2014-10-13 03:53:17',1,NULL,0,1,0,345,NULL),(1053,51,NULL,NULL,NULL,NULL,NULL,'2014-10-13 03:53:19',1,NULL,0,1,0,346,NULL),(1054,52,NULL,NULL,NULL,NULL,NULL,'2014-10-13 03:53:31',2,'dfg sdfg sdfg sdfg sd',0,0,0,346,1053),(1055,52,NULL,NULL,NULL,NULL,NULL,'2014-10-13 03:54:53',2,' sdfg sdfg sdf',0,0,0,345,1052),(1056,52,NULL,NULL,NULL,NULL,NULL,'2014-10-13 03:57:58',2,'s dfgsdfg sd',0,0,0,344,1051),(1057,52,NULL,NULL,NULL,NULL,NULL,'2014-10-13 03:58:16',2,'g dfsg sdfg sdf',0,0,0,343,1050),(1058,52,NULL,NULL,NULL,NULL,NULL,'2014-10-13 04:14:00',1,NULL,0,0,0,347,NULL),(1059,52,NULL,NULL,NULL,NULL,NULL,'2014-10-13 04:14:01',1,NULL,0,1,0,348,NULL),(1060,52,NULL,NULL,NULL,NULL,NULL,'2014-10-13 04:14:02',1,NULL,0,1,0,349,NULL),(1061,52,NULL,NULL,NULL,NULL,NULL,'2014-10-13 04:14:04',1,NULL,0,1,0,350,NULL),(1062,51,NULL,NULL,NULL,NULL,NULL,'2014-10-13 04:14:33',2,'gh dfg hdgf hdfg',0,0,0,350,1061),(1063,51,NULL,NULL,NULL,NULL,NULL,'2014-10-13 04:17:17',2,'xcvb xcvb xcvb',0,0,0,349,1060),(1064,51,NULL,NULL,NULL,NULL,NULL,'2014-10-13 04:18:20',2,'sd fgsdgf sdfg sdfg sdf',0,0,0,348,1059),(1065,51,NULL,NULL,NULL,NULL,NULL,'2014-10-13 04:19:26',1,NULL,0,1,0,351,NULL),(1066,51,NULL,NULL,NULL,NULL,NULL,'2014-10-13 04:19:27',1,NULL,0,1,0,352,NULL),(1067,51,NULL,NULL,NULL,NULL,NULL,'2014-10-13 04:19:30',1,NULL,0,1,0,353,NULL),(1068,51,NULL,NULL,NULL,NULL,NULL,'2014-10-13 04:19:32',1,NULL,0,1,0,354,NULL),(1069,52,NULL,NULL,NULL,NULL,NULL,'2014-10-13 04:19:44',2,' sdfg sdfg sdf sd',0,0,0,354,1068),(1070,52,NULL,NULL,NULL,NULL,NULL,'2014-10-13 04:23:10',2,'sd fasd fads',0,0,0,353,1067),(1071,52,NULL,NULL,NULL,NULL,NULL,'2014-10-13 04:23:52',2,'fg sdf gsdfg sdfg',0,0,0,352,1066),(1072,52,NULL,NULL,NULL,NULL,NULL,'2014-10-13 04:24:34',2,'g sdfg sdfg dsfg dsf',0,0,0,351,1065),(1073,51,NULL,NULL,NULL,NULL,NULL,'2014-10-13 04:25:27',1,NULL,0,1,0,355,NULL),(1074,51,NULL,NULL,NULL,NULL,NULL,'2014-10-13 04:25:29',1,NULL,0,1,0,356,NULL),(1075,51,NULL,NULL,NULL,NULL,NULL,'2014-10-13 04:25:30',1,NULL,0,1,0,357,NULL),(1076,51,NULL,NULL,NULL,NULL,NULL,'2014-10-13 04:25:32',1,NULL,0,1,0,358,NULL),(1077,52,NULL,NULL,NULL,NULL,NULL,'2014-10-13 04:26:22',2,'sdf gsdf gsdf gsdfg ',0,0,0,358,1076),(1078,52,NULL,NULL,NULL,NULL,NULL,'2014-10-13 04:44:19',2,'a sdf asdf asdf asdf ',0,0,0,357,1075),(1079,52,NULL,NULL,NULL,NULL,NULL,'2014-10-13 04:44:43',2,'sdf gsdf gdfs gsdf',0,0,0,356,1074),(1080,52,NULL,NULL,NULL,NULL,NULL,'2014-10-13 04:44:56',2,'asd fasd fadsf asd',0,0,0,355,1073),(1081,51,NULL,NULL,NULL,NULL,NULL,'2014-10-13 04:45:49',1,NULL,0,1,0,359,NULL),(1082,51,NULL,NULL,NULL,NULL,NULL,'2014-10-13 04:45:51',1,NULL,0,1,0,360,NULL),(1083,51,NULL,NULL,NULL,NULL,NULL,'2014-10-13 04:45:53',1,NULL,0,1,0,361,NULL),(1084,51,NULL,NULL,NULL,NULL,NULL,'2014-10-13 04:45:54',1,NULL,0,1,0,362,NULL),(1085,52,NULL,NULL,NULL,NULL,NULL,'2014-10-13 04:46:08',2,'sdfg sdfg sdfg s',0,0,0,362,1084),(1086,52,NULL,NULL,NULL,NULL,NULL,'2014-10-13 04:51:17',2,'dfg hdgfh dfgh',0,0,0,361,1083),(1087,52,NULL,NULL,NULL,NULL,NULL,'2014-10-13 04:52:21',2,'asd fasd fads fasd',0,0,0,360,1082),(1088,52,NULL,NULL,NULL,NULL,NULL,'2014-10-13 04:53:21',2,'df gsdf gsdfg sdfg sdf',0,0,0,359,1081),(1089,51,NULL,NULL,NULL,NULL,NULL,'2014-10-13 04:53:48',1,NULL,0,1,0,363,NULL),(1090,51,NULL,NULL,NULL,NULL,NULL,'2014-10-13 04:53:51',1,NULL,0,1,0,364,NULL),(1091,51,NULL,NULL,NULL,NULL,NULL,'2014-10-13 04:54:01',1,NULL,0,1,0,365,NULL),(1092,51,NULL,NULL,NULL,NULL,NULL,'2014-10-13 04:54:03',1,NULL,0,1,0,366,NULL),(1093,52,NULL,NULL,NULL,NULL,NULL,'2014-10-13 04:54:18',2,'dsf gsdfg sdfg dsfg',0,0,0,366,1092),(1094,52,NULL,NULL,NULL,NULL,NULL,'2014-10-13 04:55:49',2,'dsgf asdf asdfasdf as',0,0,0,365,1091),(1095,52,NULL,NULL,NULL,NULL,NULL,'2014-10-13 04:56:20',2,'sdf asdf asd fasdf',0,0,0,364,1090),(1096,52,NULL,NULL,NULL,NULL,NULL,'2014-10-13 04:56:39',2,'ads fasdf asdf asdf',0,0,0,363,1089),(1097,51,NULL,NULL,NULL,NULL,NULL,'2014-10-13 04:57:24',1,NULL,0,1,0,367,NULL),(1098,51,NULL,NULL,NULL,NULL,NULL,'2014-10-13 04:57:25',1,NULL,0,1,0,368,NULL),(1099,51,NULL,NULL,NULL,NULL,NULL,'2014-10-13 04:57:26',1,NULL,0,1,0,369,NULL),(1100,52,NULL,NULL,NULL,NULL,NULL,'2014-10-13 04:57:40',2,'asd fasdf asdf asdf as',0,0,0,369,1099),(1101,52,NULL,NULL,NULL,NULL,NULL,'2014-10-13 04:58:50',2,'DFG SDF GSDFG DS',0,0,0,368,1098),(1102,52,NULL,NULL,NULL,NULL,NULL,'2014-10-13 05:00:29',2,'adsf adsf asdf adsf as',0,0,0,367,1097),(1103,51,NULL,NULL,NULL,NULL,NULL,'2014-10-13 05:01:22',1,NULL,0,1,0,370,NULL),(1104,51,NULL,NULL,NULL,NULL,NULL,'2014-10-13 05:01:23',1,NULL,0,2,0,371,NULL),(1105,51,NULL,NULL,NULL,NULL,NULL,'2014-10-13 05:01:24',1,NULL,0,1,0,372,NULL),(1106,51,NULL,NULL,NULL,NULL,NULL,'2014-10-13 05:01:26',1,NULL,1,1,0,373,NULL),(1107,51,NULL,NULL,NULL,NULL,NULL,'2014-10-13 05:01:27',1,NULL,1,1,0,374,NULL),(1108,52,NULL,NULL,NULL,NULL,NULL,'2014-10-13 05:01:39',2,'g sdfg sdfg sdfgs',0,0,0,374,1107),(1109,52,NULL,NULL,NULL,NULL,NULL,'2014-10-13 05:02:22',2,'sdf gsdf gsdfg dsf',0,0,0,373,1106),(1110,52,NULL,NULL,NULL,NULL,NULL,'2014-10-13 05:04:34',2,'sdfg sdfg sdfgds',0,0,0,372,1105),(1111,52,NULL,NULL,NULL,NULL,NULL,'2014-10-13 05:04:48',2,'asd fadsf asd',0,0,0,371,1104),(1112,52,NULL,NULL,NULL,NULL,NULL,'2014-10-13 05:05:41',5,'',0,0,0,374,1107),(1113,52,NULL,NULL,NULL,NULL,NULL,'2014-10-13 05:05:50',5,'',0,0,0,373,1106),(1114,52,NULL,NULL,NULL,NULL,NULL,'2014-10-13 05:07:54',2,'drfg sdfg sdfg s',0,0,0,370,1103),(1115,51,NULL,NULL,NULL,NULL,NULL,'2014-10-13 05:08:28',1,NULL,0,0,0,375,NULL),(1116,51,NULL,NULL,NULL,NULL,NULL,'2014-10-13 05:08:30',1,NULL,0,0,0,376,NULL),(1117,51,NULL,NULL,NULL,NULL,NULL,'2014-10-13 05:08:31',1,NULL,0,1,0,377,NULL),(1118,51,NULL,NULL,NULL,NULL,NULL,'2014-10-13 05:08:32',1,NULL,0,1,0,378,NULL),(1119,52,NULL,NULL,NULL,NULL,NULL,'2014-10-13 05:08:41',2,'sdf gsdfg sdf gds',0,0,0,378,1118),(1120,52,NULL,NULL,NULL,NULL,NULL,'2014-10-13 05:08:46',2,'a sdf asdf asd',0,0,0,377,1117),(1134,51,NULL,NULL,NULL,NULL,NULL,'2014-10-13 05:23:32',2,'fgsdf gdfs g',0,0,0,371,1104),(1135,51,NULL,NULL,NULL,NULL,NULL,'2014-10-13 05:25:28',1,NULL,0,0,0,379,NULL),(1136,51,NULL,NULL,NULL,NULL,NULL,'2014-10-13 05:25:29',1,NULL,0,0,0,380,NULL),(1137,51,NULL,NULL,NULL,NULL,NULL,'2014-10-13 05:25:31',1,NULL,0,0,0,381,NULL),(1138,51,NULL,NULL,NULL,NULL,NULL,'2014-10-13 05:25:32',1,NULL,1,1,0,382,NULL),(1139,51,NULL,NULL,NULL,NULL,NULL,'2014-10-13 05:25:33',1,NULL,0,1,0,383,NULL),(1140,52,NULL,NULL,NULL,NULL,NULL,'2014-10-13 05:25:39',2,'s dfgsdf gsdf',0,0,0,383,1139),(1142,52,NULL,NULL,NULL,NULL,NULL,'2014-10-13 05:25:49',5,'',0,0,0,382,1138),(1143,52,NULL,NULL,NULL,NULL,NULL,'2014-10-13 05:25:54',2,'s dfg sdfgsdfg',0,0,0,382,1138),(1144,51,NULL,NULL,NULL,NULL,NULL,'2014-10-15 03:19:50',1,NULL,0,0,0,384,NULL),(1145,52,NULL,NULL,NULL,NULL,NULL,'2014-10-15 04:04:56',2,'dfgsdf gsdf gsd',0,0,0,307,899),(1148,52,NULL,3,NULL,NULL,NULL,'2014-10-15 04:07:36',1,NULL,1,0,4,387,NULL),(1149,52,NULL,NULL,NULL,NULL,NULL,'2014-10-15 04:11:32',5,'',0,0,0,387,1148),(1150,51,NULL,NULL,NULL,NULL,NULL,'2014-10-15 04:18:18',10,'',0,0,0,387,1148),(1151,51,NULL,NULL,NULL,NULL,NULL,'2014-10-15 04:18:20',10,'',0,0,0,387,1148),(1152,52,NULL,NULL,NULL,NULL,NULL,'2014-10-15 04:30:37',10,'',0,0,0,387,1148),(1154,51,NULL,NULL,NULL,NULL,NULL,'2014-10-15 07:01:55',10,'',0,0,0,387,1148),(1155,51,NULL,NULL,NULL,NULL,NULL,'2014-10-15 07:04:26',1,NULL,0,0,0,388,NULL),(1156,51,NULL,NULL,NULL,NULL,NULL,'2014-10-15 07:05:55',1,NULL,0,0,0,389,NULL),(1158,51,NULL,NULL,NULL,NULL,NULL,'2014-10-17 08:41:42',1,NULL,0,0,0,391,NULL),(1159,51,NULL,NULL,NULL,NULL,NULL,'2014-10-17 08:41:55',1,NULL,0,0,0,392,NULL),(1162,51,NULL,3,NULL,NULL,NULL,'2014-10-17 08:59:53',1,NULL,0,0,0,395,NULL),(1163,51,NULL,NULL,NULL,NULL,NULL,'2014-10-17 09:01:46',1,NULL,0,0,0,396,NULL),(1164,NULL,NULL,NULL,10,NULL,NULL,'2014-10-17 09:23:14',1,NULL,0,0,0,397,NULL),(1165,NULL,38,NULL,NULL,NULL,NULL,'2014-10-17 09:24:25',1,NULL,0,0,0,398,NULL),(1166,NULL,38,NULL,NULL,NULL,NULL,'2014-10-17 09:41:18',1,NULL,0,0,0,399,NULL);

/*Data for the table `timeline_comments` */

insert  into `timeline_comments`(`id`,`user_id`,`timeline_id`,`timelineComment_id`,`createDate`,`comment`) values (235,52,478,480,'2014-07-15 11:54:31','testing'),(236,52,478,481,'2014-07-15 11:54:33','dfdfdfdf'),(237,52,476,482,'2014-07-15 11:54:39','dfdsfsdfdsf'),(238,53,502,589,'2014-07-18 07:07:11','dfdfdfdfdf'),(239,53,497,590,'2014-07-18 07:08:00','dfdsfsdfdsf'),(240,53,497,591,'2014-07-18 07:08:54','dfsdfsf'),(241,53,496,592,'2014-07-18 07:17:37','fdsgdfsgsdfgsdf'),(242,53,497,600,'2014-07-21 09:18:52','xcvbxcvbxcvbxcv'),(243,53,497,601,'2014-07-21 09:24:26','dfdf'),(244,53,497,602,'2014-07-21 09:24:28','sdfdsfs'),(245,53,497,603,'2014-07-21 09:24:30','sdfsdfsdf'),(246,53,497,604,'2014-07-21 09:24:32','sdfdsfdsf'),(247,53,496,605,'2014-07-21 09:24:43','sdfdsfsdf'),(248,53,495,606,'2014-07-21 09:24:48','sdf dsf dsf '),(249,53,494,607,'2014-07-21 09:24:52','sd fdsf dsf dsf ds'),(250,53,493,608,'2014-07-21 09:24:57','sd fdsf dsf sd'),(251,53,492,609,'2014-07-21 09:25:02','s dfdsf ds'),(252,53,492,610,'2014-07-21 09:51:35','fgfg'),(253,53,493,611,'2014-07-21 09:51:39','dfgdfgdfg'),(254,53,494,612,'2014-07-21 09:51:41','dfgdfgdf'),(255,53,495,613,'2014-07-21 09:51:43','dfgdfg'),(256,53,496,614,'2014-07-21 09:51:46','dfgdfgdf'),(257,53,497,615,'2014-07-21 09:51:50','sdfsdfsddfgdfg'),(258,53,497,616,'2014-07-21 10:19:17','gjkghkj'),(259,53,498,617,'2014-07-21 10:19:21','ghkjghkjg'),(260,53,499,618,'2014-07-21 10:19:25','ghjkghkjghjk'),(261,53,500,619,'2014-07-21 10:19:28','ghjkghkjgk'),(262,53,500,620,'2014-07-21 10:22:50','yukiguo'),(263,53,499,621,'2014-07-21 10:22:54','sdfsdfsdf'),(264,53,502,622,'2014-07-24 03:30:50','sdfg sdfg dsf'),(281,51,664,665,'2014-07-31 04:32:40','dfgh dfgh df'),(282,51,664,666,'2014-07-31 04:32:42','d fgh dfgh dfgh'),(283,52,502,667,'2014-07-31 04:33:40','gkjghjkg'),(284,52,490,668,'2014-07-31 04:33:43','ghkjgj'),(285,52,501,669,'2014-07-31 04:33:47','ghj kghjk gk'),(286,52,500,670,'2014-07-31 04:33:52','g hjk ghkj ghkj ghkj g'),(287,52,499,671,'2014-07-31 04:33:56',' ghj kghjk ghkj ghjk'),(288,52,498,672,'2014-07-31 04:34:02','g hj ghj kgh kkj'),(289,52,497,673,'2014-07-31 04:34:23','sdf gdfsg '),(290,52,473,674,'2014-07-31 04:34:31',' sdfg sdfg dfs'),(291,52,474,676,'2014-07-31 04:34:43',' sdfg dsf'),(292,52,664,678,'2014-07-31 04:34:53','df ghdfgh'),(303,52,499,692,'2014-07-31 04:36:54','erh ghfh df'),(304,52,500,693,'2014-07-31 04:36:58','df ghdfg hdgf'),(305,52,500,694,'2014-07-31 04:37:03','df ghd fghdfg h'),(306,52,499,695,'2014-07-31 04:37:09','d fgh dgfh'),(307,52,498,696,'2014-07-31 04:37:14','d fgh dfghd fgh'),(308,52,497,697,'2014-07-31 04:37:19','d fghd gfhdfgh df'),(309,52,700,701,'2014-07-31 04:40:19','sdf gdfs gdfs'),(310,52,699,702,'2014-07-31 04:40:22','sd fgsd fgsd'),(311,52,698,703,'2014-07-31 04:40:25','a sdf asdf as'),(312,52,664,704,'2014-07-31 04:40:29','a sdf dasf '),(313,52,708,709,'2014-07-31 04:40:58','sdf gsdf gdfs'),(314,52,707,710,'2014-07-31 04:41:02',' dsfg dfsg dfs'),(315,52,706,711,'2014-07-31 04:41:05','sd fg dfsgdsf gdfs'),(316,52,705,712,'2014-07-31 04:41:09',' dsfg sdfg sdf'),(317,52,700,713,'2014-07-31 04:41:12',' sdfg sdfg dsfg s'),(322,52,727,728,'2014-07-31 08:54:49','test comment'),(323,51,727,729,'2014-07-31 08:58:37','test 2'),(327,51,664,756,'2014-08-01 03:50:49','test comment'),(328,51,636,757,'2014-08-01 04:39:06','df sdfds f'),(329,53,635,763,'2014-08-01 07:57:56','ghj fghj fghj fhfg'),(331,51,870,878,'2014-09-15 10:57:28','вапва пвапва'),(332,51,870,879,'2014-09-15 11:00:16','вапва пвапвавава'),(333,51,870,880,'2014-09-15 11:01:18','вапва пвапвавава'),(334,51,829,888,'2014-09-15 11:02:34','іва іва віа '),(335,51,635,891,'2014-09-15 11:03:14','вап вап вап вап ва'),(336,51,657,895,'2014-09-15 11:03:28','ва пвпап вап '),(337,51,623,897,'2014-09-15 11:03:37',' іва віа віа '),(338,51,835,926,'2014-10-08 10:12:56','gfh dgfh dgfh dgf'),(339,51,835,927,'2014-10-08 10:13:18','tf hgfh dgf hdg'),(340,52,708,928,'2014-10-08 10:14:06','rtyutyutyu'),(341,51,870,929,'2014-10-08 10:18:29','ghj u ty ut'),(342,52,708,930,'2014-10-08 10:20:24','rty gfh gfh gfh '),(343,52,708,931,'2014-10-08 10:26:49','fdfsdfdsf'),(344,52,835,932,'2014-10-08 10:31:18','dfsd fds fdsf sd'),(345,52,835,933,'2014-10-08 10:32:10','dfsd fds fdsf sd'),(346,51,829,934,'2014-10-08 10:32:28','hthtgfhgf'),(347,51,829,935,'2014-10-08 10:32:39','gfhgfh'),(348,52,708,936,'2014-10-08 10:33:07','fghgfhfg'),(349,51,835,937,'2014-10-08 10:33:38','bvnvb'),(350,51,870,938,'2014-10-08 10:34:01','fghfghgfhf'),(351,51,870,939,'2014-10-08 10:34:10','fghgfh'),(352,52,835,940,'2014-10-08 10:43:59','ghdfghdgfhdgf'),(353,52,870,941,'2014-10-08 10:46:31','dfsdfdsfdsfdsfsfdsf'),(354,52,870,942,'2014-10-08 10:46:49','dfsdfdsfdsfdsfsfdsf'),(355,52,870,943,'2014-10-08 10:47:31','dfdfdf'),(356,52,870,944,'2014-10-08 10:47:34','dsfdfdsf'),(357,52,870,945,'2014-10-08 10:47:36','sdfdsf'),(358,51,835,946,'2014-10-08 10:47:56','fhfghfgh'),(359,52,870,947,'2014-10-09 02:45:28','sdfg sdfg sdfg sf'),(360,51,835,948,'2014-10-09 02:47:09','sdfdsf dsf sdf dsf'),(361,51,870,949,'2014-10-09 02:47:32','gfh drh dfgh dgf'),(362,51,870,950,'2014-10-09 02:48:10','yft yjgfhj fghj gf'),(363,51,870,951,'2014-10-09 02:48:37','dfgh dfgh dfgh dfgh dgfh dfgh df'),(364,51,829,952,'2014-10-09 02:49:05','ty utjgfhj ghfj'),(365,51,829,953,'2014-10-09 02:49:19',' ygf jghj fghj fghj '),(366,52,708,954,'2014-10-09 02:49:40','fgh jfghj fghj fghjf'),(367,51,870,955,'2014-10-09 03:13:19','dfg sdf gsdfg sdfg sdfg '),(368,51,870,956,'2014-10-09 03:13:57','dsf sdf sdf '),(369,52,835,957,'2014-10-09 03:14:25','dsf adsf asdf ads'),(370,52,870,958,'2014-10-09 03:15:12','asd fasdf dasf adsf asd'),(371,52,835,959,'2014-10-09 03:15:31','gs dfg sdfg sdf'),(372,51,829,960,'2014-10-09 03:15:40','g sdfg sdfg sdfg sdf'),(373,51,870,961,'2014-10-09 03:25:00','dfg dsf gsdf gdsf'),(374,51,835,962,'2014-10-09 03:25:16','sd fgs dfgdfs'),(375,51,829,963,'2014-10-09 03:25:28','dsf gsdf gsdfg sdfg '),(376,51,829,964,'2014-10-09 03:25:30','s dfg sdf'),(377,51,870,965,'2014-10-09 03:25:45','g sdfg sdf'),(378,51,870,966,'2014-10-09 03:35:35','sdfg sdfg sdfg s'),(379,51,870,967,'2014-10-09 03:44:17','gsdfg sdfg sdfg df'),(380,51,870,968,'2014-10-09 03:44:19','df gsd gfsdfg s'),(381,51,869,969,'2014-10-09 03:44:24','s dfg sdfg'),(382,51,867,970,'2014-10-09 03:44:29','s dfg sdfg s'),(383,51,866,971,'2014-10-09 03:44:33','s dfg sdfg sdf'),(384,52,835,972,'2014-10-09 03:44:46','s dfg sdfgsdfg'),(385,52,835,973,'2014-10-09 03:45:52','dfgh dgfh dfgh dfgh'),(386,52,835,974,'2014-10-09 03:46:15','df asdf a'),(387,51,835,975,'2014-10-09 03:46:39','gs dfg sdfg sdf'),(388,51,835,976,'2014-10-09 03:46:41',' dfg sdf'),(389,51,870,977,'2014-10-09 04:14:55','ghj fghj fgh'),(390,51,870,978,'2014-10-09 04:18:59',' dfgh dgfh dgf'),(391,51,870,979,'2014-10-09 04:19:20','fg sdf gsdf'),(392,51,870,980,'2014-10-09 04:19:38','fg dsfg sdf'),(393,51,870,981,'2014-10-09 04:20:16','sdfgdsfg'),(394,51,870,982,'2014-10-09 04:20:24','dsfgdfsg'),(395,51,870,983,'2014-10-09 04:20:32','fdsfsdf'),(396,51,870,984,'2014-10-09 04:20:42','fasg sdfg sdf'),(397,51,870,985,'2014-10-09 04:21:02','sdfg sdf gsdfg sdfg sdfg sdfg sdf'),(398,52,870,986,'2014-10-09 04:21:37','sd fgsd fgdfs gs'),(399,52,870,987,'2014-10-09 04:21:39','s dfg sdfg sdf'),(400,52,870,988,'2014-10-09 04:23:13','gdfgsdfg'),(401,52,870,989,'2014-10-09 04:24:02','gdfgsdfgfgdfgdf'),(402,52,870,990,'2014-10-09 04:24:06','gsdf gdfsg '),(403,52,870,991,'2014-10-09 04:25:51','sdfdsfdsf'),(404,52,925,992,'2014-10-09 04:26:31','hdfg hdgf hdf'),(405,52,925,993,'2014-10-09 04:28:09','sdfg sdfg sdfgs'),(406,52,925,994,'2014-10-09 04:28:13','dfg sdf gs'),(407,52,924,995,'2014-10-09 04:28:18','s dfg sdfg sdf'),(408,52,870,996,'2014-10-09 04:28:25','s dfg sdfg sdf'),(409,52,869,997,'2014-10-09 04:28:30',' sdfg sdfg sdfg sd'),(410,52,869,998,'2014-10-09 04:28:32','s dfg sdfg sdfg s'),(411,52,869,999,'2014-10-09 04:28:34',' sdfg sdfg'),(412,51,925,1000,'2014-10-09 04:28:43','d gfh dgfh dgfh d'),(413,51,924,1001,'2014-10-09 04:28:48',' dgfh dfgh dfgh dgf'),(414,52,917,1002,'2014-10-09 04:29:01',' dgf hdfgh dfgh dfg'),(415,52,917,1003,'2014-10-09 04:29:03','df ghdf ghd'),(416,52,916,1004,'2014-10-09 04:29:08','dfg hdfg hdf'),(417,52,925,1006,'2014-10-10 02:52:23','hjgh jfghj fhj'),(418,52,924,1007,'2014-10-10 02:52:33','f ghjfgh jfghj '),(419,52,870,1008,'2014-10-10 02:52:39','ghjgfh jfghj '),(420,52,869,1009,'2014-10-10 02:52:45','fg hjfgh jf gh'),(421,52,867,1010,'2014-10-10 02:52:49','f ghj fghj '),(422,52,866,1011,'2014-10-10 02:52:54',' fghj fghj '),(423,52,1012,1013,'2014-10-10 02:53:08',' dgfh dgfh dgfh dgfh '),(424,51,1012,1014,'2014-10-10 02:53:20',' sdfg sdf gs'),(425,51,1012,1015,'2014-10-10 02:53:24','s df gsdf gsd'),(426,52,1012,1016,'2014-10-10 02:53:28',' sdf gsdfg ds'),(427,51,1012,1018,'2014-10-10 03:29:21','hk ghj kghj'),(428,52,925,1021,'2014-10-10 04:02:06',' ghj ghj ghj ghj'),(429,51,1148,1150,'2014-10-15 04:18:18','ds afdsf adsf asdf'),(430,51,1148,1151,'2014-10-15 04:18:20','asd fasd fadsf '),(431,52,1148,1152,'2014-10-15 04:30:38','dsf asdfads fa'),(433,51,1148,1154,'2014-10-15 07:01:55','ghdfghdfg hdfg dfg dgfh dgf dfg');

/*Data for the table `timeline_likes` */

insert  into `timeline_likes`(`user_id`,`timeline_id`,`parentTimeline_id`,`createDate`) values (51,739,736,'2014-07-31 09:48:36'),(51,755,663,'2014-08-01 03:13:24'),(51,799,790,'2014-08-05 09:15:45'),(51,800,787,'2014-08-05 09:15:46'),(51,801,786,'2014-08-05 09:15:48'),(51,802,789,'2014-08-05 09:15:56'),(51,811,466,'2014-08-05 09:47:03'),(51,814,664,'2014-08-05 09:47:47'),(51,816,478,'2014-08-05 09:48:17'),(51,868,474,'2014-09-09 07:28:34'),(51,871,866,'2014-09-15 10:47:42'),(51,881,869,'2014-09-15 11:01:27'),(51,882,867,'2014-09-15 11:01:32'),(51,883,865,'2014-09-15 11:01:45'),(51,885,834,'2014-09-15 11:02:08'),(51,886,832,'2014-09-15 11:02:28'),(51,887,829,'2014-09-15 11:02:31'),(51,889,818,'2014-09-15 11:02:39'),(51,890,635,'2014-09-15 11:03:10'),(51,892,759,'2014-09-15 11:03:16'),(51,893,700,'2014-09-15 11:03:20'),(51,894,658,'2014-09-15 11:03:24'),(51,896,623,'2014-09-15 11:03:35'),(51,1005,624,'2014-10-09 07:37:09'),(51,1025,1012,'2014-10-13 02:40:45'),(51,1026,916,'2014-10-13 02:40:48'),(51,1027,925,'2014-10-13 02:40:52'),(51,1031,727,'2014-10-13 02:41:16'),(51,1040,1034,'2014-10-13 03:46:36'),(52,479,478,'2014-07-15 11:51:14'),(52,675,473,'2014-07-31 04:34:32'),(52,677,474,'2014-07-31 04:34:43'),(52,781,727,'2014-08-04 05:22:40'),(52,1017,1012,'2014-10-10 02:57:28'),(52,1019,925,'2014-10-10 04:01:50'),(52,1112,1107,'2014-10-13 05:05:41'),(52,1113,1106,'2014-10-13 05:05:50'),(52,1142,1138,'2014-10-13 05:25:50'),(52,1149,1148,'2014-10-15 04:11:32'),(53,520,490,'2014-07-18 03:14:18'),(53,552,477,'2014-07-18 05:05:56'),(53,557,489,'2014-07-18 05:06:24'),(53,559,492,'2014-07-18 05:13:13'),(53,572,496,'2014-07-18 06:54:04'),(53,573,495,'2014-07-18 06:54:07'),(53,577,466,'2014-07-18 06:55:52'),(53,578,470,'2014-07-18 06:55:53'),(53,579,471,'2014-07-18 06:55:55'),(53,580,473,'2014-07-18 06:55:57'),(53,581,474,'2014-07-18 06:55:58'),(53,582,475,'2014-07-18 06:56:00'),(53,585,493,'2014-07-18 06:59:10'),(53,586,476,'2014-07-18 06:59:31'),(53,587,478,'2014-07-18 06:59:39'),(53,588,491,'2014-07-18 06:59:45'),(53,593,502,'2014-07-21 09:18:24'),(53,594,501,'2014-07-21 09:18:26'),(53,596,500,'2014-07-21 09:18:30'),(53,597,499,'2014-07-21 09:18:32'),(53,598,498,'2014-07-21 09:18:43'),(53,599,497,'2014-07-21 09:18:46'),(53,625,624,'2014-07-24 05:10:29'),(53,777,727,'2014-08-04 04:17:23');

/*Data for the table `timeline_shares` */

insert  into `timeline_shares`(`user_id`,`timeline_id`,`parentTimeline_id`,`createDate`) values (51,824,818,'0000-00-00 00:00:00'),(51,825,759,'0000-00-00 00:00:00'),(51,827,707,'0000-00-00 00:00:00'),(51,828,497,'0000-00-00 00:00:00'),(51,829,705,'0000-00-00 00:00:00'),(51,832,473,'0000-00-00 00:00:00'),(51,833,471,'0000-00-00 00:00:00'),(51,834,498,'0000-00-00 00:00:00'),(51,867,866,'2014-09-09 04:03:36'),(51,869,864,'2014-09-10 09:28:17'),(51,884,860,'2014-09-15 11:01:56'),(51,1033,925,'2014-10-13 02:44:15'),(51,1034,870,'2014-10-13 02:45:50'),(51,1047,1046,'2014-10-13 03:50:20'),(51,1048,1045,'2014-10-13 03:52:39'),(51,1049,1044,'2014-10-13 03:52:53'),(51,1062,1061,'2014-10-13 04:14:33'),(51,1063,1060,'2014-10-13 04:17:17'),(51,1064,1059,'2014-10-13 04:18:20'),(51,1134,1104,'2014-10-13 05:23:32'),(52,1012,864,'2014-10-10 02:53:01'),(52,1020,925,'2014-10-10 04:01:54'),(52,1042,1039,'2014-10-13 03:47:31'),(52,1043,1037,'2014-10-13 03:48:26'),(52,1054,1053,'2014-10-13 03:53:31'),(52,1055,1052,'2014-10-13 03:54:53'),(52,1056,1051,'2014-10-13 03:57:58'),(52,1057,1050,'2014-10-13 03:58:16'),(52,1069,1068,'2014-10-13 04:19:44'),(52,1070,1067,'2014-10-13 04:23:11'),(52,1071,1066,'2014-10-13 04:23:52'),(52,1072,1065,'2014-10-13 04:24:34'),(52,1077,1076,'2014-10-13 04:26:22'),(52,1078,1075,'2014-10-13 04:44:19'),(52,1079,1074,'2014-10-13 04:44:43'),(52,1080,1073,'2014-10-13 04:44:56'),(52,1085,1084,'2014-10-13 04:46:08'),(52,1086,1083,'2014-10-13 04:51:17'),(52,1087,1082,'2014-10-13 04:52:21'),(52,1088,1081,'2014-10-13 04:53:21'),(52,1093,1092,'2014-10-13 04:54:18'),(52,1094,1091,'2014-10-13 04:55:49'),(52,1095,1090,'2014-10-13 04:56:20'),(52,1096,1089,'2014-10-13 04:56:39'),(52,1100,1099,'2014-10-13 04:57:40'),(52,1101,1098,'2014-10-13 04:58:50'),(52,1102,1097,'2014-10-13 05:00:29'),(52,1108,1107,'2014-10-13 05:01:39'),(52,1109,1106,'2014-10-13 05:02:22'),(52,1110,1105,'2014-10-13 05:04:34'),(52,1111,1104,'2014-10-13 05:04:48'),(52,1114,1103,'2014-10-13 05:07:54'),(52,1119,1118,'2014-10-13 05:08:41'),(52,1120,1117,'2014-10-13 05:08:46'),(52,1140,1139,'2014-10-13 05:25:39'),(52,1143,1138,'2014-10-13 05:25:54'),(52,1145,899,'2014-10-15 04:04:56'),(53,826,759,'0000-00-00 00:00:00');

/*Data for the table `universities` */

insert  into `universities`(`id`,`user_id`,`name`,`createDate`,`type`,`description`,`email`,`email2`,`domain`,`yearFounded`,`yearLevel`,`url`,`address`,`phone1`,`phone2`,`countUndergradPopulation`,`countDraduatePopulation`,`countFollowers`,`avaToken`,`coverToken`,`isRegistered`,`isAgree`) values (9,NULL,'test school',NULL,0,NULL,NULL,NULL,NULL,NULL,NULL,NULL,NULL,NULL,NULL,0,0,0,NULL,NULL,0,0),(10,51,'test company','2014-09-08 11:37:51',1,'Mauris ac velit ac eros ultrices vehicula. Sed nibh felis, lobortis non purus in, pharetra malesuada felis. Praesent feugiat lectus diam, vehicula hendrerit est viverra ac. Suspendisse dapibus justo libero, et ultricies velit consectetur non. Aliquam nisl diam, consectetur vel purus et, suscipit porttitor felis. Donec pretium massa sed aliquet porta. Ut elit diam, pharetra ut elit sed, semper lobortis nisi. Aenean sit amet molestie elit. Sed a luctus ipsum, eu fringilla lacus. Maecenas elit quam, porttitor a diam vitae, iaculis cursus libero. Nulla non massa quis quam vestibulum viverra. Aliquam luctus nunc eu nunc bibendum egestas. Suspendisse viverra viverra efficitur. Nullam eu consectetur lectus. Quisque bibendum tempus porta. Vivamus commodo rutrum tortor, a scelerisque dui volutpat vel.','sdsds@dfd.fdf','dfsdfdsf@sdfdsf.fdf','dfd.fdf',1980,NULL,'http://www.linkedin.com','sdfdsfds sd fsdf dsf ds','1234567890','0123456789',0,0,3,'1bzc9gwe','wo5hg3s6',1,1),(11,NULL,'bla-bla',NULL,1,NULL,NULL,NULL,NULL,NULL,NULL,NULL,NULL,NULL,NULL,0,0,0,NULL,NULL,0,0),(12,NULL,'test school1',NULL,1,NULL,NULL,NULL,NULL,NULL,NULL,NULL,NULL,NULL,NULL,0,0,0,NULL,NULL,0,0),(13,NULL,'sdsdsdsd',NULL,1,NULL,NULL,NULL,NULL,NULL,NULL,NULL,NULL,NULL,NULL,0,0,0,NULL,NULL,0,0),(14,NULL,'sdsdsdsds',NULL,1,NULL,NULL,NULL,NULL,NULL,NULL,NULL,NULL,NULL,NULL,0,0,0,NULL,NULL,0,0),(15,52,'test','2014-09-10 07:32:36',1,'Lorem ipsum dolor sit amet, consectetur adipiscing elit. In auctor enim nec consectetur aliquet. Aenean blandit condimentum risus sed ullamcorper. Aenean egestas urna metus, ac pellentesque leo pellentesque vitae. Curabitur et ultricies nibh. Fusce rhoncus nunc a augue faucibus feugiat. Vestibulum venenatis justo ut efficitur tincidunt. Nunc ullamcorper non ipsum vel mollis. In dolor ex, porta dignissim ipsum nec, volutpat auctor ex. Nam mollis facilisis vehicula. Aenean leo quam, venenatis eu congue id, ornare vel lorem. Vestibulum nec ligula sed sem tincidunt mattis.\r\n\r\nProin efficitur lacus sit amet felis blandit, id laoreet ante malesuada. Fusce rhoncus ornare massa in pulvinar. Sed eget faucibus nisl. Donec ac pharetra diam, vitae iaculis ligula. Cras vitae sapien a ex tempus molestie. Morbi est ex, egestas id magna vel, blandit sagittis libero. Nam ornare velit turpis, sit amet porttitor magna facilisis eget. Mauris a sodales tortor. Praesent posuere euismod massa, ut condimentum arcu suscipit eget. Vestibulum semper accumsan nisl eget venenatis. Nulla posuere posuere vestibulum. Cras interdum congue sem non convallis. Sed at ultrices arcu.','fgfgfg@dfdf.fdf','','dfdf.fdf',NULL,NULL,'','','','',0,0,2,NULL,NULL,1,1),(16,53,'test my shool','2014-09-15 07:53:07',1,'Lorem ipsum dolor sit amet, consectetur adipiscing elit. Proin lectus mi, gravida viverra mauris id, consequat sodales erat. Praesent at arcu ac elit pharetra dapibus. Nam vulputate dolor ex, sed placerat erat sollicitudin vitae. Interdum et malesuada fames ac ante ipsum primis in faucibus. Pellentesque habitant morbi tristique senectus et netus et malesuada fames ac turpis egestas. Ut fringilla feugiat magna quis commodo. Ut ut faucibus nisi. Nunc vel purus porttitor, scelerisque arcu sit amet, sagittis risus. Cras congue erat at malesuada sagittis. Proin sit amet sapien porta justo euismod blandit eget et enim.\r\n\r\nCurabitur vulputate nunc quis turpis semper rutrum. Nam gravida vitae ex a interdum. Morbi luctus magna a lectus pretium, eget lacinia eros sodales. Quisque sollicitudin pharetra tellus quis posuere. Vestibulum congue metus libero, ac posuere nisl ullamcorper suscipit. Nam tincidunt, diam at suscipit auctor, nulla dolor congue lacus, eu consequat sem urna vel lectus. Donec aliquam imperdiet lacinia. Sed dignissim sapien in lectus blandit consequat. Ut hendrerit convallis dignissim. Maecenas imperdiet enim in porta pharetra. Praesent non lectus eu lorem ullamcorper ultrices ut vel dolor. Suspendisse vestibulum condimentum molestie. Aliquam dignissim nulla id urna ullamcorper, congue fringilla nisl tristique. Proin congue vitae nibh id luctus. Proin sed tellus elit.\r\n\r\nMaecenas vitae dolor at purus interdum volutpat. Mauris semper nisl vel sapien consequat, sit amet vulputate neque elementum. Lorem ipsum dolor sit amet, consectetur adipiscing elit. Mauris ut placerat nisi. Praesent vitae vehicula massa, quis congue dui. Phasellus dignissim ligula vitae dolor viverra interdum. Phasellus justo dui, vestibulum convallis mattis eget, dictum ut nisl. Integer in egestas turpis. Nullam a commodo eros, sed blandit velit. Etiam ac suscipit est, ac semper augue. Proin enim turpis, mattis non volutpat imperdiet, facilisis et dolor. Nam pulvinar turpis sit amet neque pulvinar interdum. Vivamus vel tellus ut arcu viverra fringilla at a quam. Lorem ipsum dolor sit amet, consectetur adipiscing elit. Morbi nisi arcu, facilisis nec purus consectetur, molestie elementum ipsum.','dfdfsdfd@fdfdf.dfdf','','fdfdf.dfdf',NULL,NULL,'','','','',0,0,2,'l8h2h53o','8e5xi7mx',1,1),(17,59,'school 1',NULL,1,'g sdfdfg sdfg sdfg sdfg ksjdf;g klsdfg \r\n','sdfgsdfg@fdgsdfg.dfgf','','sdfgsdfg.fgfg',NULL,NULL,'','','','',0,0,3,NULL,NULL,1,1),(18,65,'school 2',NULL,1,'f dfasdfdasfadsfa','aadsfds@dfdf.df',NULL,'adfdasf@dsfsd.dsfds',NULL,NULL,NULL,NULL,NULL,NULL,0,0,1,NULL,NULL,1,1);

/*Data for the table `university_admins` */

/*Data for the table `university_follow` */

insert  into `university_follow`(`univercity_id`,`user_id`) values (10,51),(10,52),(10,59),(15,51),(15,52),(16,51),(16,53),(17,51),(17,52),(17,59),(18,65);

/*Data for the table `university_join` */

/*Data for the table `users` */

insert  into `users`(`id`,`createDate`,`isSubscribed`,`updateDate`,`updateExp`,`accountType`,`birthdayDate`,`name`,`alias`,`password`,`token`,`role`,`email`,`email2`,`firstName`,`lastName`,`gender`,`address`,`city`,`state`,`zip`,`country`,`phone`,`websites`,`professionalHeadline`,`industry`,`summaryText`,`summaryLinks`,`maritalStatus`,`interests`,`personalDetails`,`shareActivityInActivityFeed`,`setInvisibleProfile`,`whoCanSeeActivity`,`whoCanSeeConnections`,`whoCanSeeContactInfo`,`avaToken`,`isConfirmed`,`isInvisible`,`isRemoved`,`isUpdatedConnections`) values (1,'2014-04-30 08:41:12',0,NULL,'0000-00-00 00:00:00',0,NULL,'admin',NULL,'23d4c7d1c9e9b6ee14ee3d7adc7cbe039d5b196deecac06c','','root','admin@test.net','','Admin','Admin','M','','','','','','',NULL,'',NULL,NULL,NULL,NULL,NULL,NULL,0,0,1,1,1,NULL,1,0,0,1),(2,'2014-04-30 08:41:12',0,NULL,'0000-00-00 00:00:00',0,NULL,'user',NULL,'23d4c7d1c9e9b6ee14ee3d7adc7cbe039d5b196deecac06c','','admin','test@test.net','','User','Sample','M','','','','','','',NULL,'',NULL,NULL,NULL,NULL,NULL,NULL,0,0,1,1,1,NULL,1,0,0,1),(3,'2014-04-30 08:41:12',0,NULL,'0000-00-00 00:00:00',0,NULL,'ukietech',NULL,'23d4c7d1c9e9b6ee14ee3d7adc7cbe039d5b196deecac06c','VAkfkpD50WuEuGnZvEO8abvwdMUTR40q','root','mail@ukietech.com','','Ukietech','user','M','','','','','','',NULL,'',NULL,NULL,NULL,NULL,NULL,NULL,0,0,1,1,1,NULL,1,0,0,1),(51,'2014-05-22 10:44:42',0,'2014-10-17 02:15:12','2014-10-17 01:45:35',0,'2014-06-27 12:00:00',NULL,'Andrew.Svorak','8fab54772f46960b14f6f1fe8542ae819f644572178ec295','LlGeYWJhE9niY4NpjbeyYQyyyaOPI518','user','andrew.svorak@gmail.com','','Andrew','Svorak','M','Galitska 44','Tysmenitsa','Ivano-Frankivsk','77400','MW','01234567890','a:2:{i:0;s:17:\"http://sdsdsd.sds\";i:1;s:17:\"http://google.com\";}','',0,'1Lorem ipsum dolor sit amet, consectetur adipiscing elit. Phasellus eget vehicula dui. Duis ullamcorper nibh sed iaculis dapibus. Vestibulum faucibus est sit amet nulla pretium, vitae dignissim velit sagittis. Phasellus hendrerit egestas consequat. In ut fringilla tortor. Maecenas vitae eros a nisi luctus tristique. Etiam eget nulla ipsum. Phasellus a ullamcorper risus. Proin ultrices placerat diam vitae pellentesque.\r\n\r\nUt volutpat hendrerit orci quis accumsan. Quisque eu urna sed tellus iaculis consequat et vel sapien. Maecenas nec orci ac justo accumsan faucibus id ut orci. Nunc lacinia nisi vel ligula rhoncus, sit amet ullamcorper elit tempus. Nam consequat pharetra velit ut eleifend. Fusce feugiat consectetur sapien, ac varius nulla rutrum ut. Proin aliquet elit et ornare vehicula. Pellentesque a adipiscing ligula. Fusce ut arcu lectus. Quisque massa metus, dictum sed urna id, tempor vestibulum est. Curabitur neque arcu, laoreet vitae lacinia quis, vehicula pellentesque risus. Aliquam sem justo, semper a orci at, varius dapibus neque. Pellentesque eget dapibus sem. Aliquam a ipsum sit amet risus consectetur egestas. Etiam urna nunc, sagittis et suscipit et, malesuada vel ante.\r\n\r\nIn diam sapien, pretium eu adipiscing non, varius ut quam. Sed hendrerit tempus felis eget commodo. Nullam quis rutrum tortor. Praesent condimentum massa ac viverra venenatis. Duis venenatis massa sit amet augue interdum, id rutrum dolor blandit. Sed tempor neque orci, at imperdiet urna fermentum vitae. Donec malesuada id magna in pharetra....',NULL,0,'dfg dfgdf',NULL,0,0,1,3,2,'wq1kfasz',1,0,0,0),(52,'2014-06-05 06:53:39',0,NULL,'0000-00-00 00:00:00',0,NULL,NULL,NULL,'8f74027031706ae3783de725d2ebda0b57ea5b007c62aa01','fJ3xozUDx5HuOYsWqYxyUTUEOk64SPEv','user','vova@gmail.com','','vova','Stasic','M','','Tysmenitsa','','','CA','','a:0:{}','',0,'Ut volutpat hendrerit orci quis accumsan. Quisque eu urna sed tellus iaculis consequat et vel sapien. Maecenas nec orci ac justo accumsan faucibus id ut orci. Nunc lacinia nisi vel ligula rhoncus, sit amet ullamcorper elit tempus. Nam consequat pharetra velit ut eleifend. Fusce feugiat consectetur sapien, ac varius nulla rutrum ut. Proin aliquet elit et ornare vehicula. Pellentesque a adipiscing ligula. Fusce ut arcu lectus. Quisque massa metus, dictum sed urna id, tempor vestibulum est. Curabitur neque arcu, laoreet vitae lacinia quis, vehicula pellentesque risus. Aliquam sem justo, semper a orci at, varius dapibus neque. Pellentesque eget dapibus sem. Aliquam a ipsum sit amet risus consectetur egestas. Etiam urna nunc, sagittis et suscipit et, malesuada vel ante.',NULL,NULL,NULL,NULL,0,0,1,1,1,'wucwfdqo',1,0,0,0),(53,'2014-06-06 09:35:16',0,NULL,'0000-00-00 00:00:00',0,NULL,NULL,NULL,'c651c3835ba19c9062e87ff7f072128f7c778113dbfc2eda','xThOZgtbcUKVep5mObQToosQrTAtyx5I','user','mykola@gmail.com','','Mykola','Stasiv','M','','','','','CA','',NULL,'',4,'Ut volutpat hendrerit orci quis accumsan. Quisque eu urna sed tellus iaculis consequat et vel sapien. Maecenas nec orci ac justo accumsan faucibus id ut orci. Nunc lacinia nisi vel ligula rhoncus, sit amet ullamcorper elit tempus. Nam consequat pharetra velit ut eleifend. Fusce feugiat consectetur sapien, ac varius nulla rutrum ut. Proin aliquet elit et ornare vehicula. Pellentesque a adipiscing ligula. Fusce ut arcu lectus. Quisque massa metus, dictum sed urna id, tempor vestibulum est. Curabitur neque arcu, laoreet vitae lacinia quis, vehicula pellentesque risus. Aliquam sem justo, semper a orci at, varius dapibus neque. Pellentesque eget dapibus sem. Aliquam a ipsum sit amet risus consectetur egestas. Etiam urna nunc, sagittis et suscipit et, malesuada vel ante.',NULL,NULL,NULL,NULL,0,0,1,1,1,NULL,1,0,0,1),(54,'2014-06-12 04:08:00',0,NULL,'0000-00-00 00:00:00',0,NULL,NULL,NULL,'c651c3835ba19c9062e87ff7f072128f7c778113dbfc2eda','','user','taras@gmail.com','','Taras','Pidklas','M','','','','','','',NULL,'',NULL,NULL,NULL,NULL,NULL,NULL,0,0,1,1,1,NULL,1,0,0,1),(55,'2014-06-12 07:27:03',0,NULL,'0000-00-00 00:00:00',0,NULL,NULL,NULL,'c651c3835ba19c9062e87ff7f072128f7c778113dbfc2eda','df','user','teras1@gmail.com','','Taras1','Flyd','M','','','','','','',NULL,'',NULL,NULL,NULL,NULL,NULL,NULL,0,0,1,1,1,NULL,1,0,0,1),(56,'2014-06-12 07:43:34',0,NULL,'0000-00-00 00:00:00',0,NULL,NULL,NULL,'c651c3835ba19c9062e87ff7f072128f7c778113dbfc2eda','s','user','taras2@gmail.com','','Taras2','Maid','M','','','','','','',NULL,'',NULL,NULL,NULL,NULL,NULL,NULL,0,0,1,1,1,NULL,1,0,0,1),(57,'2014-06-13 08:27:48',0,NULL,'0000-00-00 00:00:00',0,NULL,NULL,NULL,'c651c3835ba19c9062e87ff7f072128f7c778113dbfc2eda','d','user','taras3@gmail.com','','Taras3','Edvar','M','','','','','','',NULL,'ba-ba yaga',NULL,NULL,NULL,NULL,NULL,NULL,0,0,1,1,1,NULL,1,0,0,1),(58,'2014-06-13 08:32:46',0,NULL,'0000-00-00 00:00:00',0,NULL,NULL,NULL,'c651c3835ba19c9062e87ff7f072128f7c778113dbfc2eda','sdfg','user','andrii.svorak@ukietech.com','','Andrew','Dask','M','','','','','','',NULL,'',NULL,NULL,NULL,NULL,NULL,NULL,0,0,1,1,1,NULL,1,0,0,1),(59,'2014-06-13 08:33:19',0,NULL,'0000-00-00 00:00:00',0,NULL,NULL,NULL,'c651c3835ba19c9062e87ff7f072128f7c778113dbfc2eda','mXAdnC1vUQJqfGRQsyqTmNi3nM25s59v','user','taras5@gmail.com','','Nazar','Kolyvchuck','M','','','','','UA','',NULL,'Tester',4,NULL,NULL,NULL,NULL,NULL,0,1,1,1,1,NULL,1,0,0,1),(60,'2014-06-13 08:33:44',0,NULL,'0000-00-00 00:00:00',0,NULL,NULL,NULL,'c651c3835ba19c9062e87ff7f072128f7c778113dbfc2eda','dfsf','user','taras6@gmail.com','','Andrii','Sems','M','','','','','','',NULL,'',NULL,NULL,NULL,NULL,NULL,NULL,0,0,1,1,1,NULL,1,0,0,1),(61,'2014-06-13 09:56:38',0,NULL,'0000-00-00 00:00:00',0,NULL,NULL,NULL,'c651c3835ba19c9062e87ff7f072128f7c778113dbfc2eda','mU8CcO3SHMaDzkb4YCAoLgCPrxlaEpzJ','user','taras7@gmail.com','','Volodja','Divchyk','M','','','','','','',NULL,'',NULL,NULL,NULL,NULL,NULL,NULL,0,1,1,1,1,NULL,1,0,0,1),(62,'2014-07-04 09:46:46',0,NULL,'0000-00-00 00:00:00',0,NULL,NULL,NULL,'b8206fe8cae2737f9786544f42ece3244fbfd55e96278e12','9v5ew62ufx19uqpzoiohg0lufqnjdfcj','user','dfgh@dffsdg.gsdf','','dfg h','dfgh dfgh','M','','','','','','',NULL,'',NULL,NULL,NULL,NULL,NULL,NULL,0,0,1,1,1,NULL,0,0,0,1),(63,'2014-07-04 09:48:14',0,NULL,'0000-00-00 00:00:00',0,NULL,NULL,NULL,'93a5a5c8cc84c87efc6f3379ddc480820325c9f09d5f78b7','2r61ee1tauh9ubfd2v1yos3s2i6r5uvb','user','sdfgdfs@dfsg.fgsdfg','','fgsdfg','sdfg sdf','M','','','','','','',NULL,'',NULL,NULL,NULL,NULL,NULL,NULL,0,0,1,1,1,NULL,1,0,0,1),(64,'2014-07-04 09:48:27',0,NULL,'0000-00-00 00:00:00',0,NULL,NULL,NULL,'c4e18a32ca155da23cbff626cfb0f8284ff2a3eefcdb9b13','tdxestor6tlhdkpmlnzqicyx3fnt1xcz','user','ddgfhf@dfsg.fgs','','hdfgh','dfghdfgh','M','','','','','','',NULL,'',NULL,NULL,NULL,NULL,NULL,NULL,0,0,1,1,1,NULL,1,0,0,1),(65,'2014-07-04 09:50:56',0,NULL,'0000-00-00 00:00:00',0,NULL,NULL,NULL,'296e29ba957d9a63c1a79782f8228ca4df4dc84f50d8a18d','aobmq6g78nou85b3rcvo7wz775exx4oy','user','dgfhgf@gdgfhd.dfgh','','ghdgf','hdfghdf','M','','','','','','',NULL,'',NULL,NULL,NULL,NULL,NULL,NULL,0,0,1,1,1,NULL,1,0,0,1),(66,'2014-07-07 02:09:54',0,NULL,'0000-00-00 00:00:00',0,NULL,NULL,NULL,'0ff50b3a19b0672d175379beab14a58a6ce9e5d07d69bb71','5fzyp887lxjk3tnr3omnctgtwnndgn5f','user','dsfsdf@sdfdsf.dsfds','','првапрв','апрвапр','M','','','','','','',NULL,'',NULL,NULL,NULL,NULL,NULL,NULL,0,0,1,1,1,NULL,0,0,0,1),(67,'2014-07-07 02:16:59',0,NULL,'0000-00-00 00:00:00',0,NULL,NULL,NULL,'253dd664b6175d21c83166cbb03f3e9aa08ab61299cac95b','rn1ieg665ojkdkbo0edh6dhl0kbmaphs','user','dsfds@dsf.dfd','','Andrew','Svorak','M','','','','','','',NULL,'',NULL,NULL,NULL,NULL,NULL,NULL,0,0,1,1,1,NULL,0,0,0,1),(68,'2014-07-07 02:17:48',0,NULL,'0000-00-00 00:00:00',0,NULL,NULL,NULL,'dfc80592e0f9b930958f573056bb623d77e61cff93c797cc','ag0cr450709v7587qug9s57pnjvckxfl','user','dfsdf@dfd.df','','Andrew','sdasd=','M','','','','','','',NULL,'',NULL,NULL,NULL,NULL,NULL,NULL,0,0,1,1,1,NULL,0,0,0,1),(70,'2014-09-03 07:04:26',0,NULL,'0000-00-00 00:00:00',0,NULL,NULL,NULL,'341f7595ba5b4f03c63f5a22f8dce997e407d67cfaf564b5','7k3kro9aho7v1p3ad2k9s33370zzexp0','user','sdfssdf@sdfdsf.sdf','','dfdsfsdf','sdfsdfsdf','M','','','','','','',NULL,'',NULL,NULL,NULL,NULL,NULL,NULL,0,0,1,1,1,NULL,0,0,0,1),(71,'2014-10-01 04:31:36',0,NULL,'0000-00-00 00:00:00',0,NULL,NULL,NULL,'328d054115fe496ff872bd5f42389ace42e64d69e8911594','lmh65oo8nj62reo3mbpqp5m91vozb75e','user','Andrii.Svorak1@ukietech.com','','andrii','svorak','M','','','','','','',NULL,'',NULL,NULL,NULL,NULL,NULL,NULL,1,1,1,1,1,NULL,0,0,0,1),(72,'2014-10-01 05:12:49',0,NULL,'0000-00-00 00:00:00',0,NULL,NULL,NULL,'0e542934e5ccd8513a5b36e6f694b32bca1d3c20623ced20','qawqh7un4yeugwfjxzy0e9bu59d1r6ww','user','sdfgdfsg@dfgsdf.gsdfg','','fgdsfg','sdfgsdfg','M','','','','','','',NULL,'',NULL,NULL,NULL,NULL,NULL,NULL,1,1,1,1,1,NULL,0,0,0,1),(73,'2014-10-01 05:13:05',0,NULL,'0000-00-00 00:00:00',0,NULL,NULL,NULL,'a1287be1af87613850e039f8b48129eb6e0e6c6c0a7abf0d','561pg3wkjag1i886cz1d9qcomm5ge036','user','sdfgdfsg@dfgsdf.gkk','','fgdsfg','sdfgsdfg','M','','','','','','',NULL,'',NULL,NULL,NULL,NULL,NULL,NULL,1,1,1,1,1,NULL,0,0,0,1),(74,'2014-10-01 05:14:50',0,NULL,'0000-00-00 00:00:00',0,NULL,NULL,NULL,'5e068c7c1aa00a54ad13162cf58464d688d9a335921e0bd9','chjcr0fs36ls5xpl13scnn66m17vyp3a','user','sdfgdfsg@dfgsdf.gkkf','','fgdsfg','sdfgsdfg','M','','','','','','',NULL,'',NULL,NULL,NULL,NULL,NULL,NULL,1,1,1,1,1,NULL,0,0,0,1),(75,'2014-10-01 05:15:55',0,NULL,'0000-00-00 00:00:00',0,NULL,NULL,NULL,'36978fd8132b797a09f6d4a118f10d3c97d2d4b12ee101be','x94v118zf86bd1o058e3c0292zozofov','user','sdfgdfsg@dfgsdf.gkkfd','','fgdsfg','sdfgsdfg','M','','','','','','',NULL,'',NULL,NULL,NULL,NULL,NULL,NULL,1,1,1,1,1,NULL,0,0,0,1),(76,'2014-10-01 05:16:44',0,NULL,'0000-00-00 00:00:00',0,NULL,NULL,NULL,'93116882cb65dad251527ee52e3a1a02fa839d301a5f1284','axni2rg5ibns9nowdzld3rurjzv6re9h','user','sdfgdfsgd@dfgsdf.gkkfd','','fgdsfg','sdfgsdfg','M','','','','','','',NULL,'',NULL,NULL,NULL,NULL,NULL,NULL,1,1,1,1,1,NULL,0,0,0,1),(77,'2014-10-01 05:17:27',0,NULL,'0000-00-00 00:00:00',0,NULL,NULL,NULL,'c590c68e63f44b69e4c176caac33746170302202f6d633b7','2wb1xzel1f8gspswq10az61zvfp8xc33','user','sdfgdfsgdd@dfgsdf.gkkfd','','fgdsfg','sdfgsdfg','M','','','','','','',NULL,'',NULL,NULL,NULL,NULL,NULL,NULL,1,1,1,1,1,NULL,0,0,0,1),(78,'2014-10-01 05:18:56',0,NULL,'0000-00-00 00:00:00',0,NULL,NULL,NULL,'45899b7a6ff2109e26e02ba81f0513e10441a60aeed5eb14','b7tzprvmc74faisvhvj4xpasvgumzm7i','user','sdfgdfsfgdd@dfgsdf.gkkfd','','fgdsfg','sdfgsdfg','M','','','','','','',NULL,'',NULL,NULL,NULL,NULL,NULL,NULL,1,1,1,1,1,NULL,0,0,0,1),(79,'2014-10-01 05:20:27',0,NULL,'0000-00-00 00:00:00',0,NULL,NULL,NULL,'fcb51da4f0c39c8d54577b8db21a360653732e88b9b3fc3c','vst1kmmjw3thina6knex09b8nidzu85i','user','ssdfg@df.df','','sdfgsd','fgsdfg','M','','','','','','',NULL,'',NULL,NULL,NULL,NULL,NULL,NULL,1,1,1,1,1,NULL,0,0,0,1),(80,'2014-10-01 05:21:53',0,NULL,'0000-00-00 00:00:00',0,NULL,NULL,NULL,'a86e62610d5c09d6dbe1d82914415d49570924ad60cae868','zn0vswy3b6rnkhye7199obpbcisioxoj','user','sdfgdfs@dfg.sdfgs','','gdfsg','Svog','M','','','','','','',NULL,'',NULL,NULL,NULL,NULL,NULL,NULL,1,1,1,1,1,NULL,0,0,0,1),(81,'2014-10-01 05:24:19',0,NULL,'0000-00-00 00:00:00',0,NULL,NULL,NULL,'b0ca885ae03b060e7b428c1e4e54c1d9296d2968bde8d79f','3m1skrzo7ys44sz2q8w9azm0nrk3gf3x','user','dfgsdfg@dsfadsf.dasf','','gsdfgsdfg','sdfgs','M','','','','','','',NULL,'',NULL,NULL,NULL,NULL,NULL,NULL,1,1,1,1,1,NULL,0,0,0,1),(82,'2014-10-01 05:27:56',0,NULL,'0000-00-00 00:00:00',0,NULL,NULL,NULL,'bd5c3933de7e5bd8069842a5f1f7a19f7657b5892b1da133','dwgtzjzneoce5yl4b61y3e9dayrvehta','user','sdfgdfs@fgdsf.sdfgd','','fdgsdfg','sdfgsdfg','M','','','','','','',NULL,'',NULL,NULL,NULL,NULL,NULL,NULL,1,1,1,1,1,NULL,0,0,0,1),(83,'2014-10-01 06:42:36',0,NULL,'0000-00-00 00:00:00',0,NULL,NULL,NULL,'50595c49c4e75e9b40f1299dfe443868589dd2cedc865f8e','tsdmp0yhiums5625dma81t63uobhjwyn','user','sdfgdfsg@dfgdfg.sdfg','','dsdgfdsfgdsfg','sdfdsffgs','M','','','','','','',NULL,'',NULL,NULL,NULL,NULL,NULL,NULL,1,1,1,1,1,NULL,0,0,0,1),(84,'2014-10-01 06:44:53',0,NULL,'0000-00-00 00:00:00',0,NULL,NULL,NULL,'cf20d4fe701eac5c196401c18da278c265ff852b6a8b8547','mc6gsjs1ymxbm20um8vnv84t9ceo7dj1','user','sdfgsdf@dfg.sdfg','','sdfg','sdfdsdf','M','','','','','','',NULL,'',NULL,NULL,NULL,NULL,NULL,NULL,1,1,1,1,1,NULL,0,0,0,1),(85,'2014-10-01 06:48:07',0,NULL,'0000-00-00 00:00:00',0,NULL,NULL,NULL,'fd2351d5b703200ba56abd5933d38280720f4b87326cc095','evcv9yqs84s0f8itapvrzvf7rzx02fvd','user','sdfgdf@fdfdf.dfd','','sdfg','sdfgsdgf','M','','','','','','',NULL,'',NULL,NULL,NULL,NULL,NULL,NULL,1,1,1,1,1,NULL,0,0,0,1),(86,'2014-10-01 06:50:23',0,NULL,'0000-00-00 00:00:00',0,NULL,NULL,NULL,'bb5cbe3dfe34716aa388cfba36068ad61eb23cea568ebaae','v0vyt6munppfxzx7duoxwnrne6p1g886','user','dgfh@dfg.fgg','','gfhdf','ghdfgh','M','','','','','','',NULL,'',NULL,NULL,NULL,NULL,NULL,NULL,1,1,1,1,1,NULL,0,0,0,1),(87,'2014-10-01 06:52:38',0,NULL,'0000-00-00 00:00:00',0,NULL,NULL,NULL,'bbc71ac6aa67e024c66c7e6a958a070414b4a7646896f469','t8jwzz3ako0lh5fly1yudiewbrcy1ihm','user','dfgsdg@df.aa','','sdfgsdfg','sdfds','M','','','','','','',NULL,'',NULL,NULL,NULL,NULL,NULL,NULL,1,1,1,1,1,NULL,0,0,0,1),(88,'2014-10-01 07:00:39',0,NULL,'0000-00-00 00:00:00',0,NULL,NULL,NULL,'4947cf326404b4acc2e6a7dae3718fc19585ff60e1fbe89b','lj4tsytnhh9bwvd02sce7xndnnl93lo7','user','fgdfg@dfsgdf.sdfg','','fg','dfgdfgdfg','M','','','','','','',NULL,'',NULL,NULL,NULL,NULL,NULL,NULL,1,1,1,1,1,NULL,0,0,0,1),(89,'2014-10-01 07:01:08',0,NULL,'0000-00-00 00:00:00',0,NULL,NULL,NULL,'7a6b9abb6827a6bc2cceafbf5d99040adb90146976471405','eba9wfsv98spzcgwuwbj9dd4tx7b7v5n','user','dfgfg@d.fg','','dfddfg','dfgdfg','M','','','','','','',NULL,'',NULL,NULL,NULL,NULL,NULL,NULL,1,1,1,1,1,NULL,0,0,0,1),(90,'2014-10-01 07:07:33',0,NULL,'0000-00-00 00:00:00',0,NULL,NULL,NULL,'f9450b71826327c1299e4485d22de59a8306383a7c9a17a7','hts9qaung2nijrcrtvfp2l9j1axxrhuw','user','sfgsdf@dfds.fd','','sdfd sdf','g sdfgs','M','','','','','','',NULL,'',NULL,NULL,NULL,NULL,NULL,NULL,1,1,1,1,1,NULL,0,0,0,1),(91,'2014-10-01 08:45:55',0,NULL,'0000-00-00 00:00:00',0,NULL,NULL,NULL,'2f931d690762b33051e42da1cf695351fac0b9f363b739f3','5pnfh0wr9q3rttfrgpaiuy5fplxrzr6n','user','sdfgsdf@sfgdfs.f','','sdfgs','dfgsdfg','M','','','','','','',NULL,'',NULL,NULL,NULL,NULL,NULL,NULL,1,1,1,1,1,NULL,1,0,0,1),(92,'2014-10-01 08:47:15',0,NULL,'0000-00-00 00:00:00',0,NULL,NULL,NULL,'b262881d0965fd5c3ea2e1d75f33993c1f6ec1417a1b2a68','2wqj79w8piycvpa7wxsetek98k2v6iew','user','ssdfds@dsf.df','','sdfdsf','sdfdsf','M','','','','','','',NULL,'',NULL,NULL,NULL,NULL,NULL,NULL,1,1,1,1,1,NULL,1,0,0,1),(93,'2014-10-01 08:51:32',0,NULL,'0000-00-00 00:00:00',0,NULL,NULL,NULL,'f7413b48d07eb320053a44d042c7dc71d49afc87b82434cf','7ribl3wlqkumscnbqgi3gzddk7bdpj1f','user','sdfgdgf@fgf.gsdfg','','sdfgsdfg','Sdfg','M','','','','','','',NULL,'',NULL,NULL,NULL,NULL,NULL,NULL,1,1,1,1,1,NULL,1,0,0,1),(94,'2014-10-09 08:30:37',0,NULL,'0000-00-00 00:00:00',0,NULL,NULL,NULL,'da4714c0ad658c435b24d78a7761f76f10fb5c16ba747932','zgbux0w5amdkzzw1b4pf12u96999edvv','user','fadsffdsf@dsfds.fdas','','asdfasd','asdfasd','M','','','','','','',NULL,'',NULL,NULL,NULL,NULL,NULL,NULL,1,0,1,1,1,NULL,1,0,0,1),(95,'2014-10-17 04:20:17',0,NULL,'0000-00-00 00:00:00',0,NULL,NULL,NULL,'83f25a5eae3b1296bd643c51688253965a42bee64af42530','p2e0ECNw1rGn651IKqgnZW5IWien24Nl','user','dsfdsfs@dsfdsf.dfdf','','sdfsdfsd','asdfasdf','M','','','','','','',NULL,'',NULL,NULL,NULL,NULL,NULL,NULL,1,0,1,1,2,NULL,1,0,0,0);

/*Data for the table `visitors` */

insert  into `visitors`(`id`,`ip`,`browser`,`hour_visiting`,`curent_hour`,`bad_url`,`createDate`,`isBlocked`) values (65,2130706433,'0',1,8,0,'2014-07-11 08:49:51',0),(189,2130706433,'Internet Explorer',3,5,3,'2014-10-01 05:19:11',NULL),(219,2130706433,'Safari',8,7,0,'2014-10-15 07:20:06',NULL),(225,2130706433,'Firefox',3,7,7,'2014-10-16 09:41:20',NULL),(226,2130706433,'Chrome',46,9,4,'2014-10-17 02:01:10',NULL),(227,2130706433,'Chrome',1,2,0,'2014-10-17 02:01:13',NULL),(228,2130706433,'Chrome',1,2,0,'2014-10-17 02:30:44',NULL),(229,2130706433,'Chrome',1,2,0,'2014-10-17 02:31:02',NULL);

/*Data for the table `visits` */

insert  into `visits`(`id`,`user_id`,`profile_id`,`company_id`,`group_id`,`createDate`) values (1,52,51,NULL,NULL,'2014-06-13 07:17:38'),(2,52,51,NULL,NULL,'2014-06-13 07:17:39'),(3,51,52,NULL,NULL,'2014-06-13 07:17:58'),(4,52,51,NULL,NULL,'2014-06-13 07:18:14'),(5,52,51,NULL,NULL,'2014-06-13 07:18:14'),(6,52,51,NULL,NULL,'2014-06-13 07:19:27'),(7,52,51,NULL,NULL,'2014-06-13 07:19:34'),(8,52,51,NULL,NULL,'2014-06-13 07:19:40'),(9,52,51,NULL,NULL,'2014-06-13 07:19:41'),(10,52,51,NULL,NULL,'2014-06-13 07:19:53'),(11,52,51,NULL,NULL,'2014-06-13 07:19:53'),(12,52,51,NULL,NULL,'2014-06-13 07:20:05'),(13,52,51,NULL,NULL,'2014-06-13 07:20:09'),(14,52,51,NULL,NULL,'2014-06-13 07:22:30'),(15,52,51,NULL,NULL,'2014-06-13 07:22:45'),(16,52,51,NULL,NULL,'2014-06-13 07:22:47'),(17,52,51,NULL,NULL,'2014-06-13 07:23:01'),(18,52,51,NULL,NULL,'2014-06-13 07:23:01'),(19,52,51,NULL,NULL,'2014-06-13 07:23:55'),(20,52,51,NULL,NULL,'2014-06-13 07:24:49'),(21,52,51,NULL,NULL,'2014-06-13 07:24:56'),(22,53,51,NULL,NULL,'2014-06-13 07:30:03'),(23,53,51,NULL,NULL,'2014-06-13 07:34:51'),(24,53,51,NULL,NULL,'2014-06-13 07:34:52'),(25,52,51,NULL,NULL,'2014-06-13 07:35:02'),(26,52,51,NULL,NULL,'2014-06-13 07:35:47'),(27,52,51,NULL,NULL,'2014-06-13 07:37:10'),(28,52,51,NULL,NULL,'2014-06-13 07:37:11'),(29,52,51,NULL,NULL,'2014-06-13 07:37:17'),(30,52,51,NULL,NULL,'2014-06-13 07:37:27'),(31,52,51,NULL,NULL,'2014-06-13 07:37:29'),(32,53,51,NULL,NULL,'2014-06-13 07:37:44'),(33,52,51,NULL,NULL,'2014-06-13 07:38:10'),(34,52,51,NULL,NULL,'2014-06-13 07:40:31'),(35,52,51,NULL,NULL,'2014-06-13 07:59:15'),(36,52,53,NULL,NULL,'2014-06-13 07:59:22'),(37,52,53,NULL,NULL,'2014-06-13 08:06:11'),(38,52,54,NULL,NULL,'2014-06-13 08:06:14'),(39,52,53,NULL,NULL,'2014-06-13 08:06:16'),(40,52,53,NULL,NULL,'2014-06-13 08:06:56'),(41,52,53,NULL,NULL,'2014-06-13 08:28:30'),(42,52,53,NULL,NULL,'2014-06-13 08:34:34'),(43,52,53,NULL,NULL,'2014-06-13 08:34:45'),(44,52,59,NULL,NULL,'2014-06-13 08:34:48'),(45,52,53,NULL,NULL,'2014-06-13 08:34:53'),(46,52,53,NULL,NULL,'2014-06-13 08:35:30'),(47,52,53,NULL,NULL,'2014-06-13 08:46:10'),(48,52,53,NULL,NULL,'2014-06-13 08:46:19'),(49,52,53,NULL,NULL,'2014-06-13 08:46:39'),(50,52,51,NULL,NULL,'2014-06-13 08:46:48'),(51,52,53,NULL,NULL,'2014-06-13 08:46:56'),(52,52,53,NULL,NULL,'2014-06-13 08:49:50'),(53,52,53,NULL,NULL,'2014-06-13 08:51:08'),(54,52,53,NULL,NULL,'2014-06-13 09:02:21'),(55,52,53,NULL,NULL,'2014-06-13 09:02:58'),(56,52,53,NULL,NULL,'2014-06-13 09:03:35'),(57,52,53,NULL,NULL,'2014-06-13 09:03:36'),(58,52,53,NULL,NULL,'2014-06-13 09:03:38'),(59,52,53,NULL,NULL,'2014-06-13 09:04:01'),(60,52,53,NULL,NULL,'2014-06-13 09:04:02'),(61,52,53,NULL,NULL,'2014-06-13 09:04:31'),(62,52,53,NULL,NULL,'2014-06-13 09:04:53'),(63,52,53,NULL,NULL,'2014-06-13 09:05:02'),(64,52,53,NULL,NULL,'2014-06-13 09:05:21'),(65,52,53,NULL,NULL,'2014-06-13 09:05:49'),(66,52,53,NULL,NULL,'2014-06-13 09:06:55'),(67,52,53,NULL,NULL,'2014-06-13 09:12:00'),(68,52,53,NULL,NULL,'2014-06-13 09:12:57'),(69,52,53,NULL,NULL,'2014-06-13 09:13:11'),(70,52,53,NULL,NULL,'2014-06-13 09:13:16'),(71,52,53,NULL,NULL,'2014-06-13 09:13:43'),(72,52,53,NULL,NULL,'2014-06-13 09:14:02'),(73,52,53,NULL,NULL,'2014-06-13 09:14:31'),(74,52,53,NULL,NULL,'2014-06-13 09:15:03'),(75,52,53,NULL,NULL,'2014-06-13 09:15:05'),(76,52,53,NULL,NULL,'2014-06-13 09:15:18'),(77,52,53,NULL,NULL,'2014-06-13 09:16:41'),(78,52,53,NULL,NULL,'2014-06-13 09:18:26'),(79,52,53,NULL,NULL,'2014-06-13 09:19:30'),(80,52,53,NULL,NULL,'2014-06-13 09:20:14'),(81,52,53,NULL,NULL,'2014-06-13 09:20:26'),(82,52,53,NULL,NULL,'2014-06-13 09:20:28'),(83,52,53,NULL,NULL,'2014-06-13 09:20:57'),(84,52,53,NULL,NULL,'2014-06-13 09:21:47'),(85,52,53,NULL,NULL,'2014-06-13 09:21:50'),(86,52,53,NULL,NULL,'2014-06-13 09:22:06'),(87,52,53,NULL,NULL,'2014-06-13 09:22:08'),(88,52,53,NULL,NULL,'2014-06-13 09:22:27'),(89,52,53,NULL,NULL,'2014-06-13 09:22:28'),(90,52,53,NULL,NULL,'2014-06-13 09:22:45'),(91,52,53,NULL,NULL,'2014-06-13 09:22:46'),(92,52,53,NULL,NULL,'2014-06-13 09:22:47'),(93,52,53,NULL,NULL,'2014-06-13 09:23:21'),(94,52,53,NULL,NULL,'2014-06-13 09:23:43'),(95,52,53,NULL,NULL,'2014-06-13 09:23:45'),(96,52,53,NULL,NULL,'2014-06-13 09:23:55'),(97,52,53,NULL,NULL,'2014-06-13 09:23:56'),(98,52,53,NULL,NULL,'2014-06-13 09:25:07'),(99,52,53,NULL,NULL,'2014-06-13 09:25:17'),(100,52,53,NULL,NULL,'2014-06-13 09:25:36'),(101,51,52,NULL,NULL,'2014-04-22 09:25:47'),(102,51,53,NULL,NULL,'2014-06-13 09:25:54'),(103,52,53,NULL,NULL,'2014-06-13 09:27:02'),(104,52,53,NULL,NULL,'2014-06-13 09:27:04'),(105,52,53,NULL,NULL,'2014-06-13 09:28:08'),(106,52,53,NULL,NULL,'2014-06-13 09:30:48'),(107,52,53,NULL,NULL,'2014-06-13 09:30:49'),(108,52,53,NULL,NULL,'2014-06-13 09:32:06'),(109,52,53,NULL,NULL,'2014-06-13 09:32:39'),(110,52,53,NULL,NULL,'2014-06-13 09:32:41'),(111,52,53,NULL,NULL,'2014-06-13 09:33:32'),(112,52,53,NULL,NULL,'2014-06-13 09:33:34'),(113,52,53,NULL,NULL,'2014-06-13 09:41:25'),(114,51,54,NULL,NULL,'2014-06-13 09:41:49'),(115,52,53,NULL,NULL,'2014-06-13 09:41:53'),(116,52,53,NULL,NULL,'2014-06-13 09:42:06'),(117,52,53,NULL,NULL,'2014-06-13 09:42:07'),(118,52,53,NULL,NULL,'2014-06-13 09:42:25'),(119,52,53,NULL,NULL,'2014-06-13 09:42:26'),(120,52,53,NULL,NULL,'2014-06-13 09:42:40'),(121,51,52,NULL,NULL,'2014-05-14 09:44:25'),(122,51,54,NULL,NULL,'2014-06-13 09:44:43'),(123,51,54,NULL,NULL,'2014-06-13 09:45:35'),(124,52,53,NULL,NULL,'2014-06-13 09:45:39'),(125,52,53,NULL,NULL,'2014-06-13 09:45:53'),(126,51,54,NULL,NULL,'2014-06-13 09:49:40'),(127,51,54,NULL,NULL,'2014-06-13 09:50:16'),(128,51,54,NULL,NULL,'2014-06-13 09:51:04'),(129,51,54,NULL,NULL,'2014-06-13 09:51:06'),(130,51,54,NULL,NULL,'2014-06-13 09:53:12'),(131,51,59,NULL,NULL,'2014-06-13 09:53:19'),(132,51,54,NULL,NULL,'2014-06-13 09:53:21'),(133,51,59,NULL,NULL,'2014-06-13 09:53:25'),(134,51,54,NULL,NULL,'2014-06-13 09:53:27'),(135,51,54,NULL,NULL,'2014-06-13 09:54:22'),(136,51,54,NULL,NULL,'2014-06-13 09:54:56'),(137,51,54,NULL,NULL,'2014-06-13 09:55:11'),(138,51,52,NULL,NULL,'2014-04-23 09:55:13'),(139,53,51,NULL,NULL,'2014-06-13 09:57:22'),(140,53,55,NULL,NULL,'2014-06-13 09:57:47'),(141,53,51,NULL,NULL,'2014-06-13 09:57:49'),(142,52,54,NULL,NULL,'2014-06-13 10:02:46'),(143,52,55,NULL,NULL,'2014-06-13 10:03:09'),(144,52,55,NULL,NULL,'2014-06-13 10:04:14'),(145,51,52,NULL,NULL,'2014-04-22 10:04:27'),(146,51,52,NULL,NULL,'2014-03-19 10:04:41'),(147,51,53,NULL,NULL,'2014-06-13 10:04:44'),(148,51,53,NULL,NULL,'2014-06-13 10:08:32'),(149,51,53,NULL,NULL,'2014-06-13 10:09:12'),(150,51,53,NULL,NULL,'2014-06-13 10:09:36'),(151,51,53,NULL,NULL,'2014-06-13 10:09:37'),(152,51,53,NULL,NULL,'2014-06-13 10:09:37'),(153,51,53,NULL,NULL,'2014-06-13 10:09:44'),(154,51,53,NULL,NULL,'2014-06-13 10:09:45'),(155,51,53,NULL,NULL,'2014-06-13 10:10:07'),(156,51,53,NULL,NULL,'2014-06-13 10:10:22'),(157,51,53,NULL,NULL,'2014-06-13 10:10:24'),(158,51,53,NULL,NULL,'2014-06-13 10:10:30'),(159,51,53,NULL,NULL,'2014-06-13 10:10:31'),(160,51,53,NULL,NULL,'2014-06-13 10:10:35'),(161,51,52,NULL,NULL,'2014-05-26 10:11:11'),(162,53,51,NULL,NULL,'2014-06-13 10:11:18'),(163,53,52,NULL,NULL,'2014-05-20 10:11:28'),(164,52,53,NULL,NULL,'2014-06-13 11:21:38'),(165,52,53,NULL,NULL,'2014-06-13 11:23:10'),(166,52,53,NULL,NULL,'2014-06-13 11:23:12'),(167,52,53,NULL,NULL,'2014-06-13 11:23:32'),(168,52,51,NULL,NULL,'2014-06-16 03:56:10'),(169,51,52,NULL,NULL,'2014-06-16 04:12:31'),(170,51,52,NULL,NULL,'2014-06-16 04:18:35'),(171,51,52,NULL,NULL,'2014-06-16 04:18:36'),(172,51,52,NULL,NULL,'2014-04-15 04:18:37'),(173,51,52,NULL,NULL,'2014-06-16 04:18:37'),(174,51,52,NULL,NULL,'2014-06-16 04:18:37'),(175,51,52,NULL,NULL,'2014-06-16 04:18:37'),(176,51,52,NULL,NULL,'2014-06-16 04:18:37'),(177,51,52,NULL,NULL,'2014-06-16 04:18:38'),(178,53,52,NULL,NULL,'2014-04-23 04:19:03'),(179,53,58,NULL,NULL,'2014-06-17 06:32:18'),(180,52,51,NULL,NULL,'2014-06-17 06:35:53'),(181,52,51,NULL,NULL,'2014-06-17 06:42:41'),(182,52,51,NULL,NULL,'2014-06-17 06:42:46'),(183,52,51,NULL,NULL,'2014-06-17 06:42:51'),(184,52,51,NULL,NULL,'2014-06-17 06:42:57'),(185,52,51,NULL,NULL,'2014-06-17 06:43:04'),(186,52,51,NULL,NULL,'2014-06-17 06:43:33'),(187,53,52,NULL,NULL,'2014-06-17 09:34:18'),(188,52,51,NULL,NULL,'2014-06-17 09:41:38'),(189,52,51,NULL,NULL,'2014-06-17 09:59:16'),(190,52,51,NULL,NULL,'2014-06-17 09:59:25'),(191,53,52,NULL,NULL,'2014-06-18 01:44:46'),(192,51,52,NULL,NULL,'2014-06-19 01:29:35'),(193,51,52,NULL,NULL,'2014-06-19 01:51:16'),(194,51,52,NULL,NULL,'2014-06-25 03:09:05'),(195,52,57,NULL,NULL,'2014-06-26 01:57:42'),(196,52,57,NULL,NULL,'2014-06-26 01:57:43'),(197,52,57,NULL,NULL,'2014-06-26 01:57:45'),(198,52,55,NULL,NULL,'2014-07-01 07:42:39'),(199,52,57,NULL,NULL,'2014-07-02 04:45:39'),(200,53,52,NULL,NULL,'2014-07-03 02:06:27'),(201,51,57,NULL,NULL,'2014-07-04 09:09:02'),(202,51,57,NULL,NULL,'2014-07-04 09:09:02'),(203,51,57,NULL,NULL,'2014-07-04 09:10:19'),(204,51,57,NULL,NULL,'2014-07-04 09:10:57'),(205,51,57,NULL,NULL,'2014-07-04 09:11:14'),(206,51,52,NULL,NULL,'2014-07-04 09:13:09'),(207,51,60,NULL,NULL,'2014-07-04 09:31:16'),(208,51,60,NULL,NULL,'2014-07-04 09:31:21'),(209,51,54,NULL,NULL,'2014-07-04 09:31:54'),(210,51,53,NULL,NULL,'2014-07-04 09:35:44'),(211,51,53,NULL,NULL,'2014-07-04 09:35:50'),(212,51,53,NULL,NULL,'2014-07-04 09:36:25'),(213,51,53,NULL,NULL,'2014-07-04 09:36:37'),(214,51,53,NULL,NULL,'2014-07-04 09:36:45'),(215,53,51,NULL,NULL,'2014-07-04 09:37:23'),(216,51,53,NULL,NULL,'2014-07-04 09:39:22'),(217,51,55,NULL,NULL,'2014-07-04 09:39:26'),(218,51,59,NULL,NULL,'2014-07-04 09:41:41'),(219,52,61,NULL,NULL,'2014-07-07 03:15:22'),(220,52,61,NULL,NULL,'2014-07-07 03:15:48'),(221,61,52,NULL,NULL,'2014-07-07 03:16:14'),(222,61,52,NULL,NULL,'2014-07-07 03:16:19'),(223,52,61,NULL,NULL,'2014-07-07 03:19:27'),(224,52,61,NULL,NULL,'2014-07-07 03:27:30'),(225,52,61,NULL,NULL,'2014-07-07 03:28:49'),(226,52,61,NULL,NULL,'2014-07-07 03:28:51'),(227,52,61,NULL,NULL,'2014-07-07 03:33:32'),(228,52,61,NULL,NULL,'2014-07-07 03:33:34'),(229,52,61,NULL,NULL,'2014-07-07 03:33:35'),(230,52,61,NULL,NULL,'2014-07-07 03:33:36'),(231,52,61,NULL,NULL,'2014-07-07 03:33:38'),(232,52,61,NULL,NULL,'2014-07-07 03:34:04'),(233,52,61,NULL,NULL,'2014-07-07 03:34:05'),(234,52,61,NULL,NULL,'2014-07-07 03:34:06'),(235,52,61,NULL,NULL,'2014-07-07 03:34:07'),(236,52,61,NULL,NULL,'2014-07-07 03:34:10'),(237,52,61,NULL,NULL,'2014-07-07 03:34:11'),(238,52,61,NULL,NULL,'2014-07-07 03:34:12'),(239,52,61,NULL,NULL,'2014-07-07 03:34:35'),(240,52,61,NULL,NULL,'2014-07-07 03:34:36'),(241,52,61,NULL,NULL,'2014-07-07 03:34:37'),(242,52,61,NULL,NULL,'2014-07-07 03:34:38'),(243,52,61,NULL,NULL,'2014-07-07 03:34:39'),(244,52,61,NULL,NULL,'2014-07-07 03:34:50'),(245,52,61,NULL,NULL,'2014-07-07 03:34:52'),(246,52,61,NULL,NULL,'2014-07-07 03:34:53'),(247,52,61,NULL,NULL,'2014-07-07 03:34:54'),(248,52,61,NULL,NULL,'2014-07-07 03:34:56'),(249,52,61,NULL,NULL,'2014-07-07 03:54:48'),(250,52,61,NULL,NULL,'2014-07-07 03:55:20'),(251,52,58,NULL,NULL,'2014-07-07 03:58:56'),(252,61,52,NULL,NULL,'2014-07-07 04:04:55'),(253,52,61,NULL,NULL,'2014-07-07 04:40:41'),(254,52,61,NULL,NULL,'2014-07-07 04:40:52'),(255,52,61,NULL,NULL,'2014-07-07 04:50:53'),(256,52,61,NULL,NULL,'2014-07-07 04:51:02'),(257,52,61,NULL,NULL,'2014-07-07 04:56:32'),(258,52,61,NULL,NULL,'2014-07-07 04:56:37'),(259,52,61,NULL,NULL,'2014-07-07 04:59:06'),(260,52,61,NULL,NULL,'2014-07-07 04:59:10'),(261,52,61,NULL,NULL,'2014-07-07 05:00:45'),(262,52,61,NULL,NULL,'2014-07-07 05:00:49'),(263,52,61,NULL,NULL,'2014-07-07 05:13:08'),(264,52,61,NULL,NULL,'2014-07-07 05:13:12'),(265,52,61,NULL,NULL,'2014-07-07 05:15:09'),(266,52,61,NULL,NULL,'2014-07-07 05:15:12'),(267,52,61,NULL,NULL,'2014-07-07 05:18:03'),(268,52,61,NULL,NULL,'2014-07-07 05:18:07'),(269,52,61,NULL,NULL,'2014-07-07 05:18:56'),(270,52,61,NULL,NULL,'2014-07-07 05:19:02'),(271,52,61,NULL,NULL,'2014-07-07 05:19:09'),(272,52,61,NULL,NULL,'2014-07-07 07:29:06'),(273,52,60,NULL,NULL,'2014-07-07 07:29:12'),(274,61,52,NULL,NULL,'2014-07-08 04:47:21'),(275,52,60,NULL,NULL,'2014-07-08 07:34:06'),(276,52,53,NULL,NULL,'2014-07-08 07:34:10'),(277,52,53,NULL,NULL,'2014-07-08 07:36:13'),(278,52,53,NULL,NULL,'2014-07-08 07:36:22'),(279,52,61,NULL,NULL,'2014-07-08 08:09:58'),(280,52,61,NULL,NULL,'2014-07-08 08:14:49'),(281,52,61,NULL,NULL,'2014-07-08 08:14:50'),(282,52,61,NULL,NULL,'2014-07-08 08:17:13'),(283,52,61,NULL,NULL,'2014-07-08 08:21:59'),(284,52,61,NULL,NULL,'2014-07-08 08:27:41'),(285,52,61,NULL,NULL,'2014-07-08 08:29:52'),(286,52,61,NULL,NULL,'2014-07-08 08:29:53'),(287,52,61,NULL,NULL,'2014-07-08 08:29:55'),(288,52,61,NULL,NULL,'2014-07-08 08:30:17'),(289,52,61,NULL,NULL,'2014-07-08 08:30:19'),(290,52,61,NULL,NULL,'2014-07-08 08:30:44'),(291,52,61,NULL,NULL,'2014-07-08 08:30:45'),(292,52,61,NULL,NULL,'2014-07-08 08:30:52'),(293,52,61,NULL,NULL,'2014-07-08 08:30:53'),(294,52,61,NULL,NULL,'2014-07-08 08:31:14'),(295,52,61,NULL,NULL,'2014-07-08 08:31:17'),(296,52,61,NULL,NULL,'2014-07-08 08:31:37'),(297,52,61,NULL,NULL,'2014-07-08 08:31:38'),(298,52,61,NULL,NULL,'2014-07-08 08:31:49'),(299,52,61,NULL,NULL,'2014-07-08 08:31:50'),(300,52,61,NULL,NULL,'2014-07-08 08:31:52'),(301,52,61,NULL,NULL,'2014-07-08 08:31:53'),(302,52,61,NULL,NULL,'2014-07-08 08:32:03'),(303,52,61,NULL,NULL,'2014-07-08 08:32:04'),(304,52,61,NULL,NULL,'2014-07-08 08:32:09'),(305,52,61,NULL,NULL,'2014-07-08 08:36:49'),(306,52,61,NULL,NULL,'2014-07-08 08:36:55'),(307,52,61,NULL,NULL,'2014-07-08 08:38:20'),(308,52,62,NULL,NULL,'2014-07-08 08:39:46'),(309,52,61,NULL,NULL,'2014-07-08 08:39:49'),(310,52,61,NULL,NULL,'2014-07-08 08:39:50'),(311,52,61,NULL,NULL,'2014-07-08 08:46:13'),(312,52,61,NULL,NULL,'2014-07-08 08:46:54'),(313,52,61,NULL,NULL,'2014-07-08 08:47:42'),(314,52,61,NULL,NULL,'2014-07-08 08:47:43'),(315,53,51,NULL,NULL,'2014-07-09 02:06:20'),(316,52,65,NULL,NULL,'2014-07-09 02:24:41'),(317,52,65,NULL,NULL,'2014-07-09 02:24:41'),(318,53,NULL,27,NULL,'2014-07-11 02:34:01'),(319,53,NULL,14,NULL,'2014-07-11 02:38:29'),(320,53,NULL,28,NULL,'2014-07-11 02:43:17'),(321,53,NULL,28,NULL,'2014-07-11 02:43:23'),(322,52,NULL,27,NULL,'2014-07-11 03:06:59'),(323,52,NULL,28,NULL,'2014-07-11 03:07:02'),(324,52,NULL,28,NULL,'2014-07-11 03:08:51'),(325,52,NULL,28,NULL,'2014-07-11 03:09:59'),(326,52,NULL,27,NULL,'2014-07-11 03:10:00'),(327,52,NULL,28,NULL,'2014-07-11 03:10:02'),(328,52,NULL,28,NULL,'2014-07-11 03:22:37'),(329,52,NULL,28,NULL,'2014-07-11 03:25:05'),(330,52,NULL,28,NULL,'2014-07-11 03:25:53'),(331,52,NULL,28,NULL,'2014-07-11 03:26:11'),(332,52,NULL,28,NULL,'2014-07-11 03:27:09'),(333,52,NULL,28,NULL,'2014-07-11 03:29:33'),(334,52,NULL,28,NULL,'2014-07-11 03:29:41'),(335,52,NULL,28,NULL,'2014-07-11 03:29:49'),(336,52,NULL,28,NULL,'2014-07-11 03:29:50'),(337,52,NULL,28,NULL,'2014-07-11 03:31:13'),(338,52,NULL,28,NULL,'2014-07-11 03:31:15'),(339,52,NULL,28,NULL,'2014-07-11 03:31:17'),(340,52,NULL,28,NULL,'2014-07-11 03:31:36'),(341,52,NULL,28,NULL,'2014-07-11 03:31:39'),(342,52,NULL,28,NULL,'2014-07-11 03:31:57'),(343,52,NULL,27,NULL,'2014-07-11 03:31:58'),(344,52,NULL,11,NULL,'2014-07-11 03:32:27'),(345,52,NULL,11,NULL,'2014-07-11 03:32:45'),(346,61,NULL,11,NULL,'2014-07-11 03:32:53'),(347,52,NULL,11,NULL,'2014-07-11 03:32:54'),(348,52,NULL,11,NULL,'2014-07-11 03:32:56'),(349,52,NULL,28,NULL,'2014-07-11 03:32:58'),(350,52,NULL,27,NULL,'2014-07-11 03:32:59'),(351,52,NULL,28,NULL,'2014-07-11 03:33:01'),(352,52,NULL,28,NULL,'2014-07-11 03:33:02'),(353,52,NULL,28,NULL,'2014-07-11 03:33:05'),(354,52,NULL,27,NULL,'2014-07-11 03:33:06'),(355,52,NULL,27,NULL,'2014-07-11 03:33:07'),(356,52,NULL,11,NULL,'2014-07-11 03:33:08'),(357,52,NULL,28,NULL,'2014-07-11 03:33:14'),(358,52,60,NULL,NULL,'2014-07-11 03:35:01'),(359,52,60,NULL,NULL,'2014-07-11 03:35:09'),(360,52,NULL,27,NULL,'2014-07-11 03:43:39'),(361,52,NULL,11,NULL,'2014-07-11 03:46:24'),(362,52,NULL,11,NULL,'2014-07-11 03:49:42'),(363,52,NULL,11,NULL,'2014-07-11 03:49:59'),(364,52,NULL,11,NULL,'2014-07-11 03:53:34'),(365,52,NULL,28,NULL,'2014-07-11 04:23:38'),(366,52,NULL,27,NULL,'2014-07-11 04:25:49'),(367,61,NULL,11,NULL,'2014-07-11 04:27:14'),(368,53,NULL,14,NULL,'2014-07-11 04:34:13'),(369,53,NULL,27,NULL,'2014-07-11 04:34:25'),(370,52,53,NULL,NULL,'2014-07-11 05:26:51'),(371,53,51,NULL,NULL,'2014-07-11 07:28:12'),(372,52,NULL,11,NULL,'2014-07-11 08:05:32'),(373,52,NULL,28,NULL,'2014-07-11 08:05:35'),(374,52,NULL,11,NULL,'2014-07-11 08:05:36'),(375,52,NULL,11,NULL,'2014-07-11 09:10:26'),(376,52,NULL,11,NULL,'2014-07-11 09:13:11'),(377,53,NULL,28,NULL,'2014-07-14 02:07:53'),(378,53,NULL,28,NULL,'2014-07-14 02:07:54'),(379,53,NULL,27,NULL,'2014-07-14 02:07:56'),(380,53,NULL,14,NULL,'2014-07-14 02:08:01'),(381,53,NULL,14,NULL,'2014-07-14 02:08:06'),(382,53,NULL,14,NULL,'2014-07-14 02:08:09'),(383,53,NULL,14,NULL,'2014-07-14 02:11:25'),(384,53,NULL,14,NULL,'2014-07-14 02:11:28'),(385,53,NULL,14,NULL,'2014-07-14 02:12:53'),(386,53,NULL,14,NULL,'2014-07-14 02:25:39'),(387,53,NULL,14,NULL,'2014-07-14 02:26:21'),(388,53,NULL,14,NULL,'2014-07-14 02:26:33'),(389,53,NULL,28,NULL,'2014-07-14 02:26:36'),(390,53,NULL,14,NULL,'2014-07-14 02:27:01'),(391,53,NULL,14,NULL,'2014-07-14 02:27:03'),(392,61,NULL,11,NULL,'2014-07-14 02:52:23'),(393,61,NULL,11,NULL,'2014-07-14 02:52:28'),(394,52,NULL,11,NULL,'2014-07-14 04:11:14'),(395,52,NULL,11,NULL,'2014-07-14 05:19:54'),(396,52,NULL,11,NULL,'2014-07-15 02:35:59'),(397,52,NULL,11,NULL,'2014-07-15 02:45:09'),(398,52,NULL,11,NULL,'2014-07-15 02:45:36'),(399,53,NULL,14,NULL,'2014-07-15 03:08:41'),(400,53,NULL,14,NULL,'2014-07-15 03:08:46'),(401,53,NULL,14,NULL,'2014-07-15 03:09:42'),(402,53,NULL,14,NULL,'2014-07-15 10:02:39'),(403,53,NULL,14,NULL,'2014-07-16 07:04:25'),(404,52,NULL,11,NULL,'2014-07-16 07:17:53'),(405,52,NULL,11,NULL,'2014-07-16 07:18:02'),(406,52,NULL,11,NULL,'2014-07-16 07:18:07'),(407,52,NULL,11,NULL,'2014-07-16 07:18:08'),(408,52,NULL,11,NULL,'2014-07-16 07:18:38'),(409,52,NULL,11,NULL,'2014-07-16 07:23:52'),(410,52,NULL,11,NULL,'2014-07-16 10:03:19'),(411,52,NULL,11,NULL,'2014-07-16 10:03:32'),(412,52,NULL,11,NULL,'2014-07-16 10:03:57'),(413,52,NULL,11,NULL,'2014-07-16 10:05:16'),(414,52,NULL,11,NULL,'2014-07-16 10:05:19'),(415,52,NULL,11,NULL,'2014-07-16 10:05:31'),(416,52,NULL,11,NULL,'2014-07-16 10:05:33'),(417,52,NULL,11,NULL,'2014-07-16 10:06:21'),(418,52,NULL,11,NULL,'2014-07-16 10:06:59'),(419,52,NULL,11,NULL,'2014-07-16 10:07:00'),(420,52,NULL,11,NULL,'2014-07-16 10:07:02'),(421,52,NULL,11,NULL,'2014-07-16 10:07:03'),(422,52,NULL,11,NULL,'2014-07-16 10:07:05'),(423,52,NULL,11,NULL,'2014-07-16 10:07:29'),(424,52,NULL,11,NULL,'2014-07-16 10:07:31'),(425,52,NULL,11,NULL,'2014-07-16 10:07:32'),(426,52,NULL,11,NULL,'2014-07-16 10:07:33'),(427,52,NULL,11,NULL,'2014-07-16 10:07:34'),(428,52,NULL,11,NULL,'2014-07-16 10:08:03'),(429,52,NULL,11,NULL,'2014-07-17 03:28:33'),(430,52,NULL,28,NULL,'2014-07-17 03:28:40'),(431,53,NULL,14,NULL,'2014-07-17 03:51:50'),(432,52,NULL,11,NULL,'2014-07-17 05:12:48'),(433,52,53,NULL,NULL,'2014-07-18 05:12:56'),(434,52,54,NULL,NULL,'2014-07-18 05:12:58'),(435,52,54,NULL,NULL,'2014-07-18 05:13:20'),(436,52,54,NULL,NULL,'2014-07-18 05:23:59'),(437,52,54,NULL,NULL,'2014-07-18 05:24:00'),(438,52,54,NULL,NULL,'2014-07-18 05:24:03'),(439,52,54,NULL,NULL,'2014-07-18 05:25:16'),(440,52,54,NULL,NULL,'2014-07-18 05:25:17'),(441,52,54,NULL,NULL,'2014-07-18 05:25:20'),(442,52,54,NULL,NULL,'2014-07-18 05:25:54'),(443,52,54,NULL,NULL,'2014-07-18 05:26:23'),(444,52,54,NULL,NULL,'2014-07-18 05:26:28'),(445,52,54,NULL,NULL,'2014-07-18 05:27:36'),(446,52,54,NULL,NULL,'2014-07-18 05:27:40'),(447,52,54,NULL,NULL,'2014-07-18 05:28:18'),(448,52,54,NULL,NULL,'2014-07-18 05:30:19'),(449,52,54,NULL,NULL,'2014-07-18 05:30:21'),(450,52,54,NULL,NULL,'2014-07-18 05:30:25'),(451,52,54,NULL,NULL,'2014-07-18 05:30:39'),(452,52,54,NULL,NULL,'2014-07-18 05:31:37'),(453,52,54,NULL,NULL,'2014-07-18 05:31:59'),(454,52,54,NULL,NULL,'2014-07-18 05:32:02'),(455,52,54,NULL,NULL,'2014-07-18 05:32:26'),(456,52,54,NULL,NULL,'2014-07-18 05:32:28'),(457,52,54,NULL,NULL,'2014-07-18 05:32:53'),(458,52,54,NULL,NULL,'2014-07-18 05:32:54'),(459,52,54,NULL,NULL,'2014-07-18 05:33:11'),(460,52,54,NULL,NULL,'2014-07-18 06:25:45'),(461,52,54,NULL,NULL,'2014-07-18 06:25:46'),(462,52,54,NULL,NULL,'2014-07-18 06:27:11'),(463,52,54,NULL,NULL,'2014-07-18 06:27:12'),(464,52,54,NULL,NULL,'2014-07-18 06:28:16'),(465,52,54,NULL,NULL,'2014-07-18 06:31:51'),(466,52,54,NULL,NULL,'2014-07-18 06:35:33'),(467,52,53,NULL,NULL,'2014-07-18 06:35:39'),(468,52,54,NULL,NULL,'2014-07-18 06:35:41'),(469,52,54,NULL,NULL,'2014-07-18 06:36:07'),(470,52,54,NULL,NULL,'2014-07-18 06:36:12'),(471,52,54,NULL,NULL,'2014-07-18 06:36:13'),(472,52,54,NULL,NULL,'2014-07-18 06:36:55'),(473,52,54,NULL,NULL,'2014-07-18 06:37:09'),(474,52,54,NULL,NULL,'2014-07-18 06:37:25'),(475,52,54,NULL,NULL,'2014-07-18 06:38:33'),(476,52,54,NULL,NULL,'2014-07-18 06:38:58'),(477,52,54,NULL,NULL,'2014-07-18 06:39:18'),(478,52,54,NULL,NULL,'2014-07-18 06:39:19'),(479,52,54,NULL,NULL,'2014-07-18 06:40:49'),(480,52,54,NULL,NULL,'2014-07-18 06:40:49'),(481,52,54,NULL,NULL,'2014-07-18 06:40:50'),(482,52,54,NULL,NULL,'2014-07-18 06:41:52'),(483,52,54,NULL,NULL,'2014-07-18 06:50:09'),(484,52,54,NULL,NULL,'2014-07-18 06:50:36'),(485,52,54,NULL,NULL,'2014-07-18 06:53:31'),(486,52,54,NULL,NULL,'2014-07-18 06:54:13'),(487,52,54,NULL,NULL,'2014-07-18 06:55:38'),(488,52,54,NULL,NULL,'2014-07-18 06:56:02'),(489,52,54,NULL,NULL,'2014-07-18 06:56:50'),(490,52,54,NULL,NULL,'2014-07-18 06:57:31'),(491,53,52,NULL,NULL,'2014-07-18 07:20:34'),(492,53,52,NULL,NULL,'2014-07-18 07:21:31'),(493,53,52,NULL,NULL,'2014-07-18 07:22:32'),(494,53,52,NULL,NULL,'2014-07-18 07:22:42'),(495,53,52,NULL,NULL,'2014-07-18 07:23:21'),(496,53,52,NULL,NULL,'2014-07-18 07:24:22'),(497,53,52,NULL,NULL,'2014-07-18 07:28:02'),(498,53,52,NULL,NULL,'2014-07-18 07:28:21'),(499,53,52,NULL,NULL,'2014-07-18 07:28:28'),(500,53,52,NULL,NULL,'2014-07-18 07:28:30'),(501,53,52,NULL,NULL,'2014-07-18 07:31:11'),(502,53,52,NULL,NULL,'2014-07-18 07:31:17'),(503,53,52,NULL,NULL,'2014-07-18 07:32:27'),(504,53,52,NULL,NULL,'2014-07-18 07:33:20'),(505,52,53,NULL,NULL,'2014-07-18 07:33:48'),(506,53,52,NULL,NULL,'2014-07-18 07:39:48'),(507,52,53,NULL,NULL,'2014-07-18 08:44:44'),(508,53,52,NULL,NULL,'2014-07-18 08:44:54'),(509,53,52,NULL,NULL,'2014-07-18 08:45:53'),(510,53,52,NULL,NULL,'2014-07-18 08:45:54'),(511,53,52,NULL,NULL,'2014-07-18 08:47:05'),(512,53,52,NULL,NULL,'2014-07-18 08:47:06'),(513,53,52,NULL,NULL,'2014-07-18 08:47:40'),(514,53,52,NULL,NULL,'2014-07-18 08:50:23'),(515,53,52,NULL,NULL,'2014-07-18 08:50:24'),(516,53,52,NULL,NULL,'2014-07-18 08:50:25'),(517,53,52,NULL,NULL,'2014-07-18 08:50:27'),(518,53,52,NULL,NULL,'2014-07-18 08:50:53'),(519,53,52,NULL,NULL,'2014-07-18 08:50:56'),(520,53,52,NULL,NULL,'2014-07-18 08:50:57'),(521,53,52,NULL,NULL,'2014-07-18 08:51:51'),(522,53,52,NULL,NULL,'2014-07-18 08:51:52'),(523,53,52,NULL,NULL,'2014-07-18 08:51:53'),(524,53,52,NULL,NULL,'2014-07-18 08:51:54'),(525,53,52,NULL,NULL,'2014-07-18 08:51:55'),(526,53,52,NULL,NULL,'2014-07-18 08:51:56'),(527,53,52,NULL,NULL,'2014-07-18 08:51:57'),(528,53,52,NULL,NULL,'2014-07-18 08:52:09'),(529,53,52,NULL,NULL,'2014-07-18 08:52:10'),(530,53,52,NULL,NULL,'2014-07-18 08:52:11'),(531,53,52,NULL,NULL,'2014-07-18 08:52:12'),(532,53,52,NULL,NULL,'2014-07-18 08:52:13'),(533,53,52,NULL,NULL,'2014-07-18 08:52:26'),(534,53,52,NULL,NULL,'2014-07-18 08:52:27'),(535,53,52,NULL,NULL,'2014-07-18 08:52:28'),(536,53,52,NULL,NULL,'2014-07-18 08:52:29'),(537,53,52,NULL,NULL,'2014-07-18 08:52:30'),(538,53,52,NULL,NULL,'2014-07-18 08:52:31'),(539,53,52,NULL,NULL,'2014-07-18 08:53:03'),(540,53,52,NULL,NULL,'2014-07-18 08:53:04'),(541,53,52,NULL,NULL,'2014-07-18 08:53:13'),(542,53,52,NULL,NULL,'2014-07-18 08:53:15'),(543,53,52,NULL,NULL,'2014-07-18 08:53:16'),(544,53,52,NULL,NULL,'2014-07-18 08:53:23'),(545,52,53,NULL,NULL,'2014-07-18 08:53:32'),(546,52,53,NULL,NULL,'2014-07-18 08:53:34'),(547,52,53,NULL,NULL,'2014-07-18 08:53:35'),(548,52,53,NULL,NULL,'2014-07-18 08:54:04'),(549,53,52,NULL,NULL,'2014-07-18 08:54:15'),(550,53,52,NULL,NULL,'2014-07-18 08:54:16'),(551,53,52,NULL,NULL,'2014-07-18 08:54:17'),(552,52,53,NULL,NULL,'2014-07-18 08:54:20'),(553,52,57,NULL,NULL,'2014-07-18 08:54:26'),(554,52,57,NULL,NULL,'2014-07-18 08:55:23'),(555,52,57,NULL,NULL,'2014-07-18 08:55:24'),(556,52,57,NULL,NULL,'2014-07-18 08:55:25'),(557,52,57,NULL,NULL,'2014-07-18 08:55:26'),(558,52,57,NULL,NULL,'2014-07-18 08:55:27'),(559,52,57,NULL,NULL,'2014-07-18 08:57:02'),(560,52,57,NULL,NULL,'2014-07-18 08:57:03'),(561,52,53,NULL,NULL,'2014-07-21 04:59:38'),(562,52,53,NULL,NULL,'2014-07-21 04:59:44'),(563,52,53,NULL,NULL,'2014-07-21 05:00:32'),(564,52,53,NULL,NULL,'2014-07-21 05:00:37'),(565,52,53,NULL,NULL,'2014-07-21 05:00:43'),(566,52,53,NULL,NULL,'2014-07-21 05:10:50'),(567,52,53,NULL,NULL,'2014-07-21 05:11:16'),(568,52,53,NULL,NULL,'2014-07-21 05:12:21'),(569,52,53,NULL,NULL,'2014-07-21 05:12:31'),(570,52,53,NULL,NULL,'2014-07-21 05:12:44'),(571,52,53,NULL,NULL,'2014-07-21 05:12:49'),(572,52,53,NULL,NULL,'2014-07-21 05:12:54'),(573,52,53,NULL,NULL,'2014-07-21 05:13:29'),(574,52,53,NULL,NULL,'2014-07-21 05:16:56'),(575,52,53,NULL,NULL,'2014-07-21 05:16:58'),(576,52,53,NULL,NULL,'2014-07-21 05:17:51'),(577,52,53,NULL,NULL,'2014-07-21 05:17:57'),(578,52,53,NULL,NULL,'2014-07-21 05:19:28'),(579,52,53,NULL,NULL,'2014-07-21 05:20:50'),(580,52,53,NULL,NULL,'2014-07-21 05:22:20'),(581,52,53,NULL,NULL,'2014-07-21 06:20:45'),(582,52,53,NULL,NULL,'2014-07-21 06:21:08'),(583,52,53,NULL,NULL,'2014-07-21 06:21:48'),(584,52,53,NULL,NULL,'2014-07-21 06:22:41'),(585,52,53,NULL,NULL,'2014-07-21 06:22:59'),(586,52,53,NULL,NULL,'2014-07-21 06:30:28'),(587,52,53,NULL,NULL,'2014-07-21 06:31:06'),(588,52,56,NULL,NULL,'2014-07-21 06:31:21'),(589,52,56,NULL,NULL,'2014-07-21 06:31:22'),(590,52,53,NULL,NULL,'2014-07-21 06:31:23'),(591,52,53,NULL,NULL,'2014-07-21 06:31:26'),(592,52,53,NULL,NULL,'2014-07-21 06:32:07'),(593,52,53,NULL,NULL,'2014-07-21 06:32:42'),(594,52,53,NULL,NULL,'2014-07-21 06:33:40'),(595,52,53,NULL,NULL,'2014-07-21 06:33:42'),(596,52,53,NULL,NULL,'2014-07-21 06:34:08'),(597,52,53,NULL,NULL,'2014-07-21 06:35:17'),(598,52,53,NULL,NULL,'2014-07-21 06:35:20'),(599,52,53,NULL,NULL,'2014-07-21 06:35:40'),(600,52,53,NULL,NULL,'2014-07-21 06:37:49'),(601,52,53,NULL,NULL,'2014-07-21 06:37:51'),(602,52,53,NULL,NULL,'2014-07-21 06:37:52'),(603,52,53,NULL,NULL,'2014-07-21 06:38:07'),(604,52,53,NULL,NULL,'2014-07-21 06:38:53'),(605,52,53,NULL,NULL,'2014-07-21 06:38:54'),(606,52,53,NULL,NULL,'2014-07-21 06:41:03'),(607,52,53,NULL,NULL,'2014-07-21 06:41:07'),(608,52,53,NULL,NULL,'2014-07-21 06:42:22'),(609,52,53,NULL,NULL,'2014-07-21 06:42:38'),(610,52,53,NULL,NULL,'2014-07-21 07:25:28'),(611,52,53,NULL,NULL,'2014-07-21 07:29:31'),(612,52,53,NULL,NULL,'2014-07-21 07:30:07'),(613,52,53,NULL,NULL,'2014-07-21 07:31:03'),(614,52,53,NULL,NULL,'2014-07-21 07:34:18'),(615,52,53,NULL,NULL,'2014-07-21 07:35:09'),(616,52,53,NULL,NULL,'2014-07-21 07:35:32'),(617,52,53,NULL,NULL,'2014-07-21 07:36:34'),(618,52,53,NULL,NULL,'2014-07-21 07:36:43'),(619,52,53,NULL,NULL,'2014-07-21 07:36:44'),(620,52,53,NULL,NULL,'2014-07-21 07:38:46'),(621,52,53,NULL,NULL,'2014-07-21 07:41:21'),(622,52,53,NULL,NULL,'2014-07-21 07:41:31'),(623,52,53,NULL,NULL,'2014-07-21 07:51:31'),(624,52,53,NULL,NULL,'2014-07-21 07:52:14'),(625,52,53,NULL,NULL,'2014-07-21 07:52:33'),(626,52,53,NULL,NULL,'2014-07-21 07:59:51'),(627,52,53,NULL,NULL,'2014-07-21 08:53:37'),(628,52,53,NULL,NULL,'2014-07-21 09:11:57'),(629,52,53,NULL,NULL,'2014-07-21 09:16:33'),(630,53,NULL,14,NULL,'2014-07-21 09:18:16'),(631,52,53,NULL,NULL,'2014-07-21 10:17:27'),(632,52,53,NULL,NULL,'2014-07-21 10:17:59'),(633,52,53,NULL,NULL,'2014-07-21 10:18:08'),(634,52,53,NULL,NULL,'2014-07-21 10:18:16'),(635,52,53,NULL,NULL,'2014-07-21 10:18:53'),(636,52,53,NULL,NULL,'2014-07-21 10:19:03'),(637,52,53,NULL,NULL,'2014-07-21 10:19:13'),(638,52,53,NULL,NULL,'2014-07-21 10:19:30'),(639,52,53,NULL,NULL,'2014-07-21 10:22:42'),(640,52,53,NULL,NULL,'2014-07-21 10:22:46'),(641,52,53,NULL,NULL,'2014-07-21 10:22:56'),(642,52,53,NULL,NULL,'2014-07-21 10:22:57'),(643,52,53,NULL,NULL,'2014-07-21 10:23:06'),(644,52,53,NULL,NULL,'2014-07-21 10:24:12'),(645,52,53,NULL,NULL,'2014-07-21 10:31:50'),(646,52,57,NULL,NULL,'2014-07-22 02:38:06'),(647,52,65,NULL,NULL,'2014-07-22 02:38:14'),(648,52,65,NULL,NULL,'2014-07-22 02:38:20'),(649,52,65,NULL,NULL,'2014-07-22 02:39:29'),(650,52,59,NULL,NULL,'2014-07-22 02:39:35'),(651,52,2,NULL,NULL,'2014-07-22 02:39:50'),(652,52,55,NULL,NULL,'2014-07-22 02:39:58'),(653,52,63,NULL,NULL,'2014-07-22 02:40:02'),(654,52,54,NULL,NULL,'2014-07-22 02:40:05'),(655,52,65,NULL,NULL,'2014-07-22 02:41:11'),(656,52,59,NULL,NULL,'2014-07-22 02:41:14'),(657,52,58,NULL,NULL,'2014-07-22 02:47:33'),(658,52,53,NULL,NULL,'2014-07-22 02:50:00'),(659,52,61,NULL,NULL,'2014-07-22 02:51:45'),(660,52,61,NULL,NULL,'2014-07-22 02:51:45'),(661,52,53,NULL,NULL,'2014-07-22 02:52:27'),(662,52,61,NULL,NULL,'2014-07-22 08:58:53'),(663,52,60,NULL,NULL,'2014-07-22 08:58:54'),(664,52,58,NULL,NULL,'2014-07-22 09:29:17'),(665,53,NULL,14,NULL,'2014-07-24 05:04:25'),(666,53,NULL,14,NULL,'2014-07-24 05:04:29'),(667,53,NULL,14,NULL,'2014-07-24 05:04:30'),(668,51,NULL,11,NULL,'2014-07-24 05:07:07'),(669,53,NULL,38,NULL,'2014-07-24 05:10:21'),(670,53,NULL,38,NULL,'2014-07-24 05:10:25'),(671,53,NULL,38,NULL,'2014-07-24 06:16:51'),(672,53,NULL,38,NULL,'2014-07-24 06:17:15'),(673,53,NULL,38,NULL,'2014-07-24 08:32:46'),(674,52,NULL,NULL,6,'2014-07-25 05:26:36'),(675,53,NULL,NULL,4,'2014-07-25 06:34:22'),(676,53,NULL,NULL,4,'2014-07-25 06:36:16'),(677,53,NULL,NULL,4,'2014-07-25 06:37:07'),(678,51,NULL,NULL,4,'2014-07-25 06:53:31'),(679,52,NULL,NULL,3,'2014-07-25 06:53:44'),(680,52,NULL,NULL,6,'2014-07-25 06:53:56'),(681,51,NULL,NULL,4,'2014-07-25 06:54:01'),(682,51,NULL,NULL,4,'2014-07-25 06:54:02'),(683,53,NULL,NULL,4,'2014-07-25 06:54:04'),(684,53,NULL,NULL,6,'2014-07-25 06:54:20'),(685,53,NULL,NULL,3,'2014-07-25 06:54:22'),(686,51,NULL,NULL,4,'2014-07-25 06:54:25'),(687,51,NULL,NULL,4,'2014-07-25 06:54:26'),(688,53,NULL,NULL,8,'2014-07-25 06:55:02'),(689,51,NULL,NULL,4,'2014-07-25 06:55:06'),(690,52,NULL,NULL,3,'2014-07-25 06:56:11'),(691,51,NULL,NULL,4,'2014-07-25 07:08:22'),(692,51,NULL,NULL,4,'2014-07-25 07:08:23'),(693,51,NULL,NULL,4,'2014-07-25 07:08:26'),(694,51,NULL,NULL,4,'2014-07-25 07:08:28'),(695,51,NULL,NULL,4,'2014-07-25 07:08:49'),(696,51,NULL,NULL,4,'2014-07-25 07:08:50'),(697,51,NULL,NULL,4,'2014-07-25 07:08:53'),(698,51,NULL,NULL,4,'2014-07-25 07:10:17'),(699,51,NULL,NULL,4,'2014-07-25 07:10:18'),(700,51,NULL,NULL,4,'2014-07-25 07:10:20'),(701,51,NULL,NULL,4,'2014-07-25 07:10:33'),(702,51,NULL,NULL,4,'2014-07-25 07:10:34'),(703,51,NULL,NULL,4,'2014-07-25 07:10:36'),(704,51,NULL,NULL,4,'2014-07-25 07:10:37'),(705,51,NULL,NULL,4,'2014-07-25 07:14:44'),(706,51,NULL,NULL,4,'2014-07-25 07:14:46'),(707,51,NULL,NULL,4,'2014-07-25 07:16:19'),(708,51,NULL,NULL,4,'2014-07-25 07:16:59'),(709,51,NULL,NULL,4,'2014-07-25 07:17:00'),(710,51,NULL,NULL,4,'2014-07-25 07:17:01'),(711,51,NULL,NULL,4,'2014-07-25 07:20:15'),(712,51,NULL,NULL,4,'2014-07-25 07:20:18'),(713,51,NULL,NULL,4,'2014-07-25 07:27:41'),(714,51,NULL,NULL,4,'2014-07-25 07:27:42'),(715,51,NULL,NULL,4,'2014-07-25 07:27:45'),(716,51,NULL,NULL,4,'2014-07-25 07:27:47'),(717,51,NULL,NULL,4,'2014-07-25 07:30:49'),(718,51,NULL,NULL,4,'2014-07-25 07:30:51'),(719,51,NULL,NULL,4,'2014-07-25 07:31:33'),(720,51,NULL,NULL,4,'2014-07-25 07:31:43'),(721,51,NULL,NULL,8,'2014-07-25 08:44:09'),(722,51,NULL,NULL,8,'2014-07-25 08:44:34'),(723,51,NULL,NULL,8,'2014-07-25 08:46:19'),(724,51,NULL,NULL,8,'2014-07-25 08:46:37'),(725,51,NULL,NULL,8,'2014-07-25 08:47:08'),(726,51,NULL,NULL,8,'2014-07-25 08:47:37'),(727,51,NULL,NULL,8,'2014-07-25 08:47:38'),(728,51,NULL,NULL,8,'2014-07-25 08:47:49'),(729,51,NULL,NULL,8,'2014-07-25 08:48:06'),(730,51,NULL,NULL,8,'2014-07-25 08:48:38'),(731,51,NULL,NULL,8,'2014-07-25 08:52:15'),(732,51,NULL,NULL,8,'2014-07-25 08:52:17'),(733,51,NULL,NULL,8,'2014-07-25 08:52:17'),(734,51,NULL,NULL,8,'2014-07-25 08:52:18'),(735,51,NULL,NULL,8,'2014-07-25 08:52:18'),(736,51,NULL,NULL,8,'2014-07-25 08:53:14'),(737,51,NULL,NULL,8,'2014-07-25 08:54:50'),(738,51,NULL,11,NULL,'2014-07-25 08:57:42'),(739,51,NULL,NULL,8,'2014-07-25 09:34:51'),(740,51,52,NULL,NULL,'2014-07-28 03:49:19'),(741,51,53,NULL,NULL,'2014-07-28 04:34:37'),(742,51,52,NULL,NULL,'2014-07-28 04:34:41'),(743,53,NULL,NULL,6,'2014-07-28 04:56:51'),(744,53,NULL,NULL,6,'2014-07-28 04:57:28'),(745,53,NULL,NULL,6,'2014-07-28 04:57:44'),(746,53,NULL,NULL,6,'2014-07-28 04:57:53'),(747,53,NULL,NULL,6,'2014-07-28 04:57:55'),(748,53,NULL,NULL,6,'2014-07-28 04:58:21'),(749,53,NULL,NULL,6,'2014-07-28 04:58:34'),(750,53,NULL,NULL,6,'2014-07-28 04:58:44'),(751,53,NULL,NULL,6,'2014-07-28 05:10:09'),(752,53,NULL,NULL,6,'2014-07-28 05:10:13'),(753,53,NULL,NULL,6,'2014-07-28 07:30:40'),(754,53,NULL,NULL,6,'2014-07-28 07:30:50'),(755,53,NULL,NULL,6,'2014-07-28 07:30:53'),(756,53,NULL,NULL,6,'2014-07-28 07:35:27'),(757,53,NULL,NULL,6,'2014-07-28 07:42:31'),(758,53,NULL,NULL,6,'2014-07-28 07:43:10'),(759,53,NULL,NULL,6,'2014-07-28 07:44:11'),(760,53,NULL,NULL,6,'2014-07-28 07:44:36'),(761,53,NULL,NULL,6,'2014-07-28 07:52:26'),(762,53,NULL,NULL,6,'2014-07-28 07:55:41'),(763,53,NULL,NULL,6,'2014-07-28 07:56:34'),(764,53,NULL,NULL,6,'2014-07-28 07:56:59'),(765,51,NULL,NULL,6,'2014-07-30 03:37:31'),(766,51,NULL,NULL,8,'2014-07-30 04:41:40'),(767,51,NULL,NULL,8,'2014-07-30 04:41:49'),(768,51,NULL,NULL,6,'2014-07-30 04:41:55'),(769,51,NULL,NULL,4,'2014-07-30 04:42:01'),(770,51,NULL,NULL,8,'2014-07-30 04:43:11'),(771,52,NULL,NULL,6,'2014-07-30 04:50:32'),(772,52,NULL,NULL,6,'2014-07-30 04:52:05'),(773,52,NULL,NULL,6,'2014-07-30 04:52:08'),(774,52,NULL,NULL,6,'2014-07-30 04:52:48'),(775,52,NULL,NULL,6,'2014-07-30 04:52:49'),(776,52,NULL,NULL,6,'2014-07-30 04:53:02'),(777,52,NULL,NULL,6,'2014-07-30 04:53:08'),(778,52,NULL,NULL,3,'2014-07-30 04:53:11'),(779,52,NULL,NULL,6,'2014-07-30 04:53:14'),(780,52,NULL,NULL,3,'2014-07-30 04:53:23'),(781,51,NULL,NULL,4,'2014-07-30 05:07:16'),(782,51,NULL,NULL,8,'2014-07-30 05:11:03'),(783,51,NULL,NULL,4,'2014-07-30 07:50:36'),(784,51,NULL,NULL,4,'2014-07-30 07:53:26'),(785,51,NULL,NULL,4,'2014-07-30 07:54:40'),(786,52,NULL,NULL,3,'2014-07-30 08:48:59'),(787,52,NULL,NULL,3,'2014-07-30 08:51:34'),(788,53,NULL,NULL,3,'2014-07-31 03:58:29'),(789,53,NULL,NULL,3,'2014-07-31 03:58:49'),(790,53,NULL,NULL,3,'2014-07-31 04:01:04'),(791,53,NULL,NULL,3,'2014-07-31 04:01:08'),(792,53,NULL,NULL,3,'2014-07-31 04:02:42'),(793,53,NULL,NULL,3,'2014-07-31 04:05:23'),(794,53,NULL,NULL,3,'2014-07-31 04:05:42'),(795,53,NULL,NULL,3,'2014-07-31 04:05:53'),(796,53,NULL,NULL,3,'2014-07-31 04:05:56'),(797,53,NULL,NULL,3,'2014-07-31 04:05:57'),(798,52,NULL,NULL,3,'2014-07-31 04:07:49'),(799,52,NULL,NULL,3,'2014-07-31 04:07:59'),(800,52,NULL,NULL,3,'2014-07-31 04:09:18'),(801,52,NULL,NULL,3,'2014-07-31 04:09:43'),(802,52,NULL,NULL,3,'2014-07-31 04:32:47'),(803,53,NULL,NULL,3,'2014-07-31 04:34:04'),(804,53,NULL,NULL,3,'2014-07-31 04:34:06'),(805,52,NULL,NULL,3,'2014-07-31 04:36:28'),(806,53,NULL,NULL,3,'2014-07-31 04:44:12'),(807,53,NULL,NULL,3,'2014-07-31 04:44:16'),(808,53,NULL,NULL,3,'2014-07-31 04:44:21'),(809,53,NULL,NULL,3,'2014-07-31 04:44:25'),(810,53,NULL,NULL,3,'2014-07-31 04:44:50'),(811,53,NULL,NULL,3,'2014-07-31 04:44:52'),(812,53,NULL,NULL,3,'2014-07-31 04:44:53'),(813,53,NULL,NULL,3,'2014-07-31 04:44:55'),(814,53,NULL,NULL,3,'2014-07-31 04:44:56'),(815,53,NULL,NULL,3,'2014-07-31 04:44:57'),(816,53,NULL,NULL,3,'2014-07-31 04:44:58'),(817,53,NULL,NULL,3,'2014-07-31 04:44:59'),(818,53,NULL,NULL,3,'2014-07-31 04:47:20'),(819,53,NULL,NULL,3,'2014-07-31 04:47:23'),(820,53,NULL,NULL,3,'2014-07-31 04:47:27'),(821,53,NULL,NULL,3,'2014-07-31 04:48:20'),(822,53,NULL,NULL,3,'2014-07-31 05:27:44'),(823,53,NULL,NULL,3,'2014-07-31 05:27:49'),(824,53,NULL,NULL,3,'2014-07-31 05:29:10'),(825,53,NULL,NULL,3,'2014-07-31 05:29:12'),(826,53,NULL,NULL,3,'2014-07-31 07:27:20'),(827,52,NULL,NULL,3,'2014-07-31 07:28:02'),(828,52,NULL,NULL,3,'2014-07-31 07:29:55'),(829,53,NULL,NULL,3,'2014-07-31 07:35:35'),(830,53,NULL,NULL,3,'2014-07-31 07:38:06'),(831,53,NULL,NULL,3,'2014-07-31 07:38:15'),(832,52,NULL,NULL,3,'2014-07-31 07:38:36'),(833,52,NULL,NULL,3,'2014-07-31 07:38:39'),(834,52,NULL,NULL,3,'2014-07-31 07:38:45'),(835,52,NULL,NULL,3,'2014-07-31 07:38:55'),(836,52,NULL,NULL,3,'2014-07-31 07:39:21'),(837,52,NULL,NULL,3,'2014-07-31 07:39:29'),(838,52,NULL,NULL,3,'2014-07-31 07:50:41'),(839,52,NULL,NULL,3,'2014-07-31 08:34:27'),(840,52,NULL,NULL,3,'2014-07-31 08:54:35'),(841,53,NULL,NULL,3,'2014-07-31 09:05:42'),(842,52,NULL,NULL,3,'2014-07-31 09:39:53'),(843,52,NULL,NULL,3,'2014-07-31 09:40:03'),(844,52,NULL,NULL,3,'2014-07-31 09:42:03'),(845,52,NULL,NULL,3,'2014-07-31 09:42:34'),(846,52,NULL,NULL,3,'2014-07-31 09:42:38'),(847,52,NULL,NULL,3,'2014-07-31 09:44:07'),(848,52,NULL,NULL,3,'2014-07-31 09:44:15'),(849,52,NULL,NULL,3,'2014-07-31 09:44:31'),(850,52,NULL,NULL,3,'2014-07-31 09:44:34'),(851,52,NULL,NULL,3,'2014-07-31 09:45:41'),(852,52,NULL,NULL,3,'2014-07-31 09:50:44'),(853,52,NULL,NULL,3,'2014-08-01 02:08:07'),(854,52,NULL,NULL,3,'2014-08-01 02:10:45'),(855,52,NULL,NULL,3,'2014-08-01 02:37:50'),(856,52,NULL,NULL,3,'2014-08-01 02:44:32'),(857,52,NULL,NULL,3,'2014-08-01 02:47:10'),(858,52,NULL,NULL,3,'2014-08-01 02:50:19'),(859,52,NULL,NULL,3,'2014-08-01 02:50:20'),(860,52,NULL,NULL,3,'2014-08-01 02:50:21'),(861,52,NULL,NULL,3,'2014-08-01 02:50:27'),(862,52,NULL,NULL,3,'2014-08-01 02:50:28'),(863,52,NULL,NULL,3,'2014-08-01 02:50:29'),(864,52,NULL,NULL,3,'2014-08-01 02:50:30'),(865,51,NULL,11,NULL,'2014-08-01 03:12:52'),(866,52,NULL,38,NULL,'2014-08-01 03:15:06'),(867,52,NULL,NULL,3,'2014-08-01 03:44:47'),(868,52,NULL,NULL,3,'2014-08-01 03:44:58'),(869,52,NULL,38,NULL,'2014-08-01 03:51:05'),(870,52,NULL,NULL,3,'2014-08-01 04:01:10'),(871,52,NULL,NULL,3,'2014-08-01 04:01:49'),(872,52,NULL,NULL,3,'2014-08-01 04:01:53'),(873,52,NULL,NULL,3,'2014-08-01 04:04:59'),(874,52,NULL,NULL,3,'2014-08-01 04:05:48'),(875,52,NULL,NULL,3,'2014-08-01 04:06:33'),(876,52,NULL,NULL,3,'2014-08-01 04:12:19'),(877,52,NULL,NULL,3,'2014-08-01 04:15:21'),(878,52,NULL,11,NULL,'2014-08-01 04:17:34'),(879,52,NULL,NULL,3,'2014-08-01 04:18:11'),(880,52,NULL,NULL,3,'2014-08-01 04:19:24'),(881,52,NULL,NULL,3,'2014-08-01 04:21:47'),(882,52,NULL,NULL,3,'2014-08-01 04:21:54'),(883,52,NULL,NULL,3,'2014-08-01 04:23:43'),(884,52,NULL,NULL,3,'2014-08-01 04:23:49'),(885,52,NULL,NULL,3,'2014-08-01 04:39:16'),(886,52,NULL,NULL,3,'2014-08-01 04:39:32'),(887,52,NULL,NULL,3,'2014-08-01 04:45:11'),(888,52,NULL,NULL,6,'2014-08-01 04:50:38'),(889,53,NULL,NULL,3,'2014-08-01 07:57:49'),(890,53,NULL,NULL,3,'2014-08-01 07:57:53'),(891,53,NULL,NULL,3,'2014-08-01 07:57:56'),(892,53,NULL,NULL,3,'2014-08-01 09:09:10'),(893,53,NULL,NULL,3,'2014-08-01 09:09:19'),(894,53,NULL,NULL,3,'2014-08-01 09:09:26'),(895,53,NULL,NULL,3,'2014-08-01 09:09:30'),(896,53,NULL,NULL,3,'2014-08-01 09:09:40'),(897,53,NULL,NULL,3,'2014-08-01 09:10:08'),(898,52,NULL,NULL,3,'2014-08-01 09:16:47'),(899,53,NULL,NULL,3,'2014-08-04 02:27:35'),(900,52,NULL,NULL,3,'2014-08-04 02:27:58'),(901,52,NULL,NULL,3,'2014-08-04 02:28:04'),(902,52,NULL,NULL,3,'2014-08-04 02:28:49'),(903,52,NULL,NULL,3,'2014-08-04 03:11:22'),(904,53,NULL,NULL,3,'2014-08-04 04:04:14'),(905,53,NULL,NULL,3,'2014-08-04 04:04:17'),(906,51,53,NULL,NULL,'2014-08-04 04:04:29'),(907,53,NULL,NULL,3,'2014-08-04 04:04:37'),(908,53,NULL,NULL,3,'2014-08-04 04:04:38'),(909,53,NULL,NULL,3,'2014-08-04 04:07:54'),(910,53,NULL,NULL,3,'2014-08-04 04:08:40'),(911,53,NULL,NULL,3,'2014-08-04 04:08:42'),(912,53,NULL,NULL,3,'2014-08-04 04:18:33'),(913,53,NULL,NULL,3,'2014-08-04 04:18:41'),(914,52,NULL,NULL,3,'2014-08-04 04:19:20'),(915,52,NULL,NULL,3,'2014-08-04 04:22:03'),(916,53,NULL,NULL,3,'2014-08-04 04:22:13'),(917,53,NULL,NULL,3,'2014-08-04 04:22:27'),(918,53,NULL,NULL,3,'2014-08-04 04:22:31'),(919,52,NULL,NULL,3,'2014-08-04 04:25:43'),(920,52,NULL,NULL,3,'2014-08-04 04:25:48'),(921,53,NULL,NULL,3,'2014-08-04 04:28:01'),(922,53,NULL,NULL,3,'2014-08-04 04:28:10'),(923,53,NULL,NULL,3,'2014-08-04 04:28:16'),(924,52,NULL,NULL,3,'2014-08-04 04:30:09'),(925,52,NULL,NULL,3,'2014-08-04 04:30:20'),(926,52,NULL,NULL,3,'2014-08-04 04:30:56'),(927,52,51,NULL,NULL,'2014-08-04 04:42:45'),(928,53,NULL,NULL,3,'2014-08-04 04:48:52'),(929,53,NULL,NULL,3,'2014-08-04 04:49:03'),(930,53,NULL,NULL,3,'2014-08-04 04:49:26'),(931,53,NULL,NULL,3,'2014-08-04 04:49:38'),(932,53,NULL,NULL,3,'2014-08-04 04:49:48'),(933,53,NULL,NULL,3,'2014-08-04 04:50:00'),(934,52,NULL,NULL,3,'2014-08-04 04:50:59'),(935,52,NULL,NULL,3,'2014-08-04 04:51:47'),(936,52,NULL,NULL,3,'2014-08-04 05:11:57'),(937,52,NULL,NULL,3,'2014-08-04 05:12:11'),(938,52,NULL,NULL,3,'2014-08-04 05:12:32'),(939,53,NULL,NULL,3,'2014-08-04 05:12:42'),(940,52,NULL,NULL,3,'2014-08-04 05:13:32'),(941,52,NULL,NULL,3,'2014-08-04 05:23:44'),(942,53,NULL,NULL,3,'2014-08-04 05:27:00'),(943,53,NULL,NULL,3,'2014-08-04 05:27:25'),(944,53,NULL,NULL,3,'2014-08-04 05:34:29'),(945,51,NULL,NULL,8,'2014-08-04 07:04:52'),(946,53,NULL,NULL,3,'2014-08-04 07:18:43'),(947,53,NULL,NULL,3,'2014-08-04 07:20:39'),(948,52,NULL,NULL,3,'2014-08-04 07:26:22'),(949,52,NULL,NULL,3,'2014-08-04 07:27:00'),(950,52,NULL,NULL,6,'2014-08-04 07:38:41'),(951,51,63,NULL,NULL,'2014-08-04 07:40:53'),(952,51,2,NULL,NULL,'2014-08-04 07:40:56'),(953,51,61,NULL,NULL,'2014-08-04 07:40:58'),(954,51,60,NULL,NULL,'2014-08-04 07:41:04'),(955,51,60,NULL,NULL,'2014-08-04 07:41:11'),(956,51,60,NULL,NULL,'2014-08-04 07:42:30'),(957,51,60,NULL,NULL,'2014-08-04 07:42:31'),(958,52,NULL,NULL,6,'2014-08-04 07:49:46'),(959,52,NULL,NULL,3,'2014-08-04 08:01:37'),(960,52,NULL,NULL,3,'2014-08-04 08:02:52'),(961,52,NULL,NULL,3,'2014-08-04 08:03:49'),(962,52,NULL,NULL,3,'2014-08-04 08:03:51'),(963,52,NULL,NULL,3,'2014-08-04 08:04:04'),(964,52,NULL,NULL,3,'2014-08-04 08:05:05'),(965,51,52,NULL,NULL,'2014-08-04 09:10:03'),(966,51,NULL,NULL,7,'2014-08-04 10:18:35'),(967,53,NULL,NULL,3,'2014-08-04 10:21:11'),(968,53,NULL,NULL,3,'2014-08-04 10:21:14'),(969,53,NULL,NULL,3,'2014-08-04 10:21:16'),(970,53,NULL,NULL,3,'2014-08-04 10:21:18'),(971,53,NULL,NULL,3,'2014-08-04 10:21:34'),(972,53,NULL,NULL,3,'2014-08-04 10:21:40'),(973,53,NULL,NULL,3,'2014-08-04 10:21:42'),(974,53,NULL,NULL,3,'2014-08-04 10:21:43'),(975,53,NULL,NULL,3,'2014-08-04 10:21:48'),(976,51,NULL,NULL,6,'2014-08-04 10:28:00'),(977,53,NULL,NULL,3,'2014-08-04 10:40:13'),(978,53,NULL,NULL,3,'2014-08-04 10:40:14'),(979,53,NULL,NULL,3,'2014-08-04 10:40:18'),(980,53,NULL,NULL,3,'2014-08-04 10:40:22'),(981,53,NULL,NULL,3,'2014-08-04 10:40:23'),(982,53,NULL,NULL,3,'2014-08-04 10:40:24'),(983,53,NULL,NULL,3,'2014-08-04 10:40:26'),(984,53,NULL,NULL,3,'2014-08-04 10:41:48'),(985,53,NULL,NULL,3,'2014-08-04 10:41:50'),(986,53,NULL,NULL,3,'2014-08-04 10:42:37'),(987,53,NULL,NULL,3,'2014-08-04 10:42:46'),(988,53,NULL,NULL,3,'2014-08-04 10:42:48'),(989,53,NULL,NULL,3,'2014-08-04 10:42:49'),(990,51,NULL,NULL,6,'2014-08-05 04:07:26'),(991,51,NULL,NULL,6,'2014-08-05 04:36:06'),(992,51,NULL,NULL,4,'2014-08-05 07:11:56'),(993,51,NULL,NULL,6,'2014-08-05 07:12:07'),(994,51,61,NULL,NULL,'2014-08-15 08:36:37'),(995,51,60,NULL,NULL,'2014-08-15 08:36:41'),(996,51,52,NULL,NULL,'2014-08-15 08:36:51'),(997,51,52,NULL,NULL,'2014-09-02 07:53:49'),(998,51,52,NULL,NULL,'2014-09-02 08:46:15'),(999,51,52,NULL,NULL,'2014-09-02 08:48:33'),(1000,51,52,NULL,NULL,'2014-09-02 08:48:38'),(1001,51,52,NULL,NULL,'2014-09-02 08:51:07'),(1002,51,52,NULL,NULL,'2014-09-02 08:52:56'),(1003,51,52,NULL,NULL,'2014-09-02 08:56:50'),(1004,51,52,NULL,NULL,'2014-09-02 08:58:26'),(1005,51,52,NULL,NULL,'2014-09-02 09:01:19'),(1006,51,52,NULL,NULL,'2014-09-02 09:01:24'),(1007,51,52,NULL,NULL,'2014-09-02 09:02:15'),(1008,51,52,NULL,NULL,'2014-09-02 09:02:43'),(1009,51,52,NULL,NULL,'2014-09-02 09:02:49'),(1010,51,52,NULL,NULL,'2014-09-02 09:03:08'),(1011,51,52,NULL,NULL,'2014-09-02 09:19:42'),(1012,51,52,NULL,NULL,'2014-09-02 09:20:29'),(1013,51,58,NULL,NULL,'2014-09-08 11:04:25'),(1014,51,NULL,11,NULL,'2014-09-09 07:23:57'),(1015,51,52,NULL,NULL,'2014-09-10 02:44:09'),(1016,51,52,NULL,NULL,'2014-09-10 06:59:32'),(1017,51,55,NULL,NULL,'2014-09-11 02:21:35'),(1018,51,54,NULL,NULL,'2014-09-11 04:45:51'),(1019,51,54,NULL,NULL,'2014-09-11 04:45:55'),(1020,51,52,NULL,NULL,'2014-09-11 04:52:05'),(1021,51,55,NULL,NULL,'2014-09-11 06:40:35'),(1022,51,55,NULL,NULL,'2014-09-11 06:40:43'),(1023,51,55,NULL,NULL,'2014-09-11 07:05:03'),(1024,51,55,NULL,NULL,'2014-09-11 07:05:10'),(1025,51,55,NULL,NULL,'2014-09-11 07:05:30'),(1026,51,52,NULL,NULL,'2014-09-11 07:05:34'),(1027,51,52,NULL,NULL,'2014-09-11 07:17:26'),(1028,51,55,NULL,NULL,'2014-09-11 07:38:29'),(1029,51,55,NULL,NULL,'2014-09-11 07:38:35'),(1030,51,55,NULL,NULL,'2014-09-11 08:18:44'),(1031,51,54,NULL,NULL,'2014-09-11 08:39:59'),(1032,51,56,NULL,NULL,'2014-09-11 09:07:58'),(1033,51,54,NULL,NULL,'2014-09-11 09:09:51'),(1034,51,54,NULL,NULL,'2014-09-11 09:09:55'),(1035,51,54,NULL,NULL,'2014-09-11 09:12:26'),(1036,51,54,NULL,NULL,'2014-09-11 09:15:01'),(1037,51,55,NULL,NULL,'2014-09-11 09:17:48'),(1038,51,53,NULL,NULL,'2014-09-11 09:34:42'),(1039,51,61,NULL,NULL,'2014-09-15 11:16:57'),(1040,51,61,NULL,NULL,'2014-09-15 11:17:14'),(1041,51,61,NULL,NULL,'2014-09-15 11:19:52'),(1042,51,61,NULL,NULL,'2014-09-15 11:30:34'),(1043,51,61,NULL,NULL,'2014-09-15 11:31:07'),(1044,51,61,NULL,NULL,'2014-09-15 11:31:23'),(1045,51,61,NULL,NULL,'2014-09-15 11:32:10'),(1046,51,61,NULL,NULL,'2014-09-15 11:32:18'),(1047,51,61,NULL,NULL,'2014-09-15 11:32:20'),(1048,51,61,NULL,NULL,'2014-09-16 04:00:56'),(1049,51,61,NULL,NULL,'2014-09-16 06:21:51'),(1050,51,63,NULL,NULL,'2014-09-16 07:28:44'),(1051,51,2,NULL,NULL,'2014-09-16 08:36:06'),(1052,51,2,NULL,NULL,'2014-09-16 08:36:52'),(1053,51,2,NULL,NULL,'2014-09-16 08:37:17'),(1054,51,52,NULL,NULL,'2014-09-16 08:39:05'),(1055,51,61,NULL,NULL,'2014-09-16 09:15:50'),(1056,51,63,NULL,NULL,'2014-09-16 09:15:54'),(1057,51,57,NULL,NULL,'2014-09-16 09:16:01'),(1058,51,60,NULL,NULL,'2014-09-16 09:18:12'),(1059,51,59,NULL,NULL,'2014-09-16 09:19:18'),(1060,51,59,NULL,NULL,'2014-09-16 09:20:09'),(1061,51,59,NULL,NULL,'2014-09-16 09:20:33'),(1062,51,59,NULL,NULL,'2014-09-16 09:53:22'),(1063,51,59,NULL,NULL,'2014-09-16 09:54:33'),(1064,51,57,NULL,NULL,'2014-09-16 10:34:53'),(1065,59,NULL,NULL,3,'2014-09-16 10:35:19'),(1066,59,NULL,NULL,3,'2014-09-16 10:40:13'),(1067,59,NULL,NULL,3,'2014-09-16 10:40:39'),(1068,59,NULL,NULL,3,'2014-09-16 10:41:44'),(1069,59,NULL,NULL,3,'2014-09-16 10:41:47'),(1070,59,NULL,NULL,3,'2014-09-16 10:41:53'),(1071,51,59,NULL,NULL,'2014-09-16 10:42:07'),(1072,59,51,NULL,NULL,'2014-09-16 10:42:35'),(1073,59,NULL,NULL,3,'2014-09-16 10:42:53'),(1074,59,NULL,NULL,3,'2014-09-16 10:43:07'),(1075,59,NULL,NULL,3,'2014-09-16 10:43:12'),(1076,59,NULL,NULL,3,'2014-09-17 02:57:54'),(1077,59,NULL,NULL,3,'2014-09-17 02:57:58'),(1078,59,NULL,NULL,3,'2014-09-17 03:06:30'),(1079,59,NULL,NULL,3,'2014-09-17 03:07:09'),(1080,59,NULL,NULL,3,'2014-09-17 03:07:11'),(1081,59,NULL,NULL,3,'2014-09-17 03:07:13'),(1082,59,NULL,NULL,3,'2014-09-17 03:07:28'),(1083,59,NULL,NULL,3,'2014-09-17 03:08:57'),(1084,59,NULL,NULL,3,'2014-09-17 03:13:47'),(1085,59,NULL,NULL,3,'2014-09-17 03:15:38'),(1086,59,NULL,NULL,3,'2014-09-17 03:15:41'),(1087,59,NULL,NULL,3,'2014-09-17 03:15:44'),(1088,59,NULL,NULL,3,'2014-09-17 03:15:55'),(1089,59,NULL,NULL,3,'2014-09-17 03:16:00'),(1090,59,NULL,NULL,3,'2014-09-17 03:16:17'),(1091,59,NULL,NULL,3,'2014-09-17 03:16:22'),(1092,59,NULL,NULL,3,'2014-09-17 03:16:37'),(1093,59,NULL,NULL,3,'2014-09-17 03:17:45'),(1094,59,NULL,NULL,3,'2014-09-17 03:17:47'),(1095,59,NULL,NULL,3,'2014-09-17 03:17:49'),(1096,59,NULL,NULL,3,'2014-09-17 03:17:53'),(1097,59,NULL,NULL,3,'2014-09-17 03:17:55'),(1098,59,NULL,NULL,3,'2014-09-17 03:17:57'),(1099,59,NULL,NULL,3,'2014-09-17 03:18:52'),(1100,59,NULL,NULL,3,'2014-09-17 03:19:52'),(1101,59,NULL,NULL,3,'2014-09-17 03:19:55'),(1102,59,NULL,NULL,3,'2014-09-17 03:19:58'),(1103,59,NULL,NULL,3,'2014-09-17 03:20:00'),(1104,59,NULL,NULL,3,'2014-09-17 03:20:02'),(1105,59,NULL,NULL,3,'2014-09-17 03:20:16'),(1106,59,NULL,NULL,3,'2014-09-17 03:20:18'),(1107,59,NULL,NULL,3,'2014-09-17 03:25:02'),(1108,59,NULL,NULL,3,'2014-09-17 03:25:05'),(1109,59,NULL,NULL,3,'2014-09-17 03:25:07'),(1110,59,NULL,NULL,3,'2014-09-17 03:25:08'),(1111,59,NULL,NULL,3,'2014-09-17 03:25:21'),(1112,59,NULL,NULL,3,'2014-09-17 03:26:05'),(1113,59,NULL,NULL,3,'2014-09-17 03:26:08'),(1114,59,NULL,NULL,3,'2014-09-17 03:26:10'),(1115,59,51,NULL,NULL,'2014-09-17 03:29:38'),(1116,59,51,NULL,NULL,'2014-09-17 03:30:06'),(1117,59,51,NULL,NULL,'2014-09-17 08:24:00'),(1118,59,51,NULL,NULL,'2014-09-17 08:25:03'),(1119,59,52,NULL,NULL,'2014-09-17 09:15:10'),(1120,59,52,NULL,NULL,'2014-09-17 09:15:12'),(1121,59,53,NULL,NULL,'2014-09-17 09:15:22'),(1122,59,53,NULL,NULL,'2014-09-17 09:15:24'),(1123,59,53,NULL,NULL,'2014-09-17 09:22:27'),(1124,59,53,NULL,NULL,'2014-09-17 09:22:29'),(1125,59,53,NULL,NULL,'2014-09-17 09:22:33'),(1126,59,53,NULL,NULL,'2014-09-17 09:23:40'),(1127,59,53,NULL,NULL,'2014-09-17 09:24:19'),(1128,59,53,NULL,NULL,'2014-09-17 09:24:21'),(1129,59,53,NULL,NULL,'2014-09-17 09:25:20'),(1130,59,53,NULL,NULL,'2014-09-17 09:26:24'),(1131,59,53,NULL,NULL,'2014-09-17 09:29:20'),(1132,59,53,NULL,NULL,'2014-09-17 09:29:48'),(1133,59,53,NULL,NULL,'2014-09-17 09:30:05'),(1134,59,53,NULL,NULL,'2014-09-17 09:30:08'),(1135,59,53,NULL,NULL,'2014-09-17 09:30:09'),(1136,59,53,NULL,NULL,'2014-09-17 09:31:12'),(1137,59,53,NULL,NULL,'2014-09-17 09:31:44'),(1138,59,52,NULL,NULL,'2014-09-17 09:31:48'),(1139,59,53,NULL,NULL,'2014-09-17 09:31:51'),(1140,59,53,NULL,NULL,'2014-09-17 09:32:07'),(1141,59,53,NULL,NULL,'2014-09-17 09:32:11'),(1142,59,52,NULL,NULL,'2014-09-17 09:32:18'),(1143,59,52,NULL,NULL,'2014-09-17 09:32:20'),(1144,59,61,NULL,NULL,'2014-09-17 09:32:30'),(1145,59,52,NULL,NULL,'2014-09-17 09:32:35'),(1146,59,51,NULL,NULL,'2014-09-17 09:32:47'),(1147,59,52,NULL,NULL,'2014-09-17 09:32:53'),(1148,59,53,NULL,NULL,'2014-09-17 09:33:44'),(1149,59,53,NULL,NULL,'2014-09-17 09:33:47'),(1150,59,53,NULL,NULL,'2014-09-17 09:33:56'),(1151,59,52,NULL,NULL,'2014-09-17 09:33:59'),(1152,59,52,NULL,NULL,'2014-09-17 09:34:01'),(1153,51,59,NULL,NULL,'2014-09-17 09:51:09'),(1154,59,52,NULL,NULL,'2014-09-18 02:17:15'),(1155,59,51,NULL,NULL,'2014-09-18 02:17:26'),(1156,59,51,NULL,NULL,'2014-09-18 02:17:34'),(1157,59,51,NULL,NULL,'2014-09-18 02:18:25'),(1158,59,51,NULL,NULL,'2014-09-18 02:18:30'),(1159,59,51,NULL,NULL,'2014-09-18 02:20:40'),(1160,59,51,NULL,NULL,'2014-09-18 02:20:47'),(1161,59,51,NULL,NULL,'2014-09-18 02:21:14'),(1162,59,51,NULL,NULL,'2014-09-18 02:21:19'),(1163,59,51,NULL,NULL,'2014-09-18 02:21:52'),(1164,59,51,NULL,NULL,'2014-09-18 02:22:01'),(1165,59,51,NULL,NULL,'2014-09-18 02:22:44'),(1166,59,51,NULL,NULL,'2014-09-18 02:22:48'),(1167,59,51,NULL,NULL,'2014-09-18 02:30:24'),(1168,59,51,NULL,NULL,'2014-09-18 02:30:28'),(1169,59,51,NULL,NULL,'2014-09-18 02:34:31'),(1170,59,51,NULL,NULL,'2014-09-18 02:34:34'),(1171,51,59,NULL,NULL,'2014-09-18 03:42:12'),(1172,61,52,NULL,NULL,'2014-09-18 04:13:21'),(1173,61,52,NULL,NULL,'2014-09-18 04:13:23'),(1174,61,52,NULL,NULL,'2014-09-18 04:19:29'),(1175,61,52,NULL,NULL,'2014-09-18 04:19:31'),(1176,61,51,NULL,NULL,'2014-09-18 04:19:33'),(1177,61,52,NULL,NULL,'2014-09-18 04:19:42'),(1178,59,51,NULL,NULL,'2014-09-18 04:19:56'),(1179,61,52,NULL,NULL,'2014-09-18 04:24:03'),(1180,61,51,NULL,NULL,'2014-09-18 04:24:06'),(1181,61,52,NULL,NULL,'2014-09-18 04:25:04'),(1182,61,52,NULL,NULL,'2014-09-18 04:25:06'),(1183,61,52,NULL,NULL,'2014-09-18 04:25:28'),(1184,61,52,NULL,NULL,'2014-09-18 04:25:38'),(1185,61,52,NULL,NULL,'2014-09-18 04:25:45'),(1186,59,51,NULL,NULL,'2014-09-18 04:33:27'),(1187,59,51,NULL,NULL,'2014-09-18 04:33:32'),(1188,61,52,NULL,NULL,'2014-09-18 04:33:38'),(1189,61,52,NULL,NULL,'2014-09-18 04:34:12'),(1190,61,52,NULL,NULL,'2014-09-18 04:34:32'),(1191,51,58,NULL,NULL,'2014-09-18 04:37:27'),(1192,51,60,NULL,NULL,'2014-09-18 04:37:30'),(1193,51,52,NULL,NULL,'2014-09-18 04:47:40'),(1194,51,52,NULL,NULL,'2014-09-18 04:48:38'),(1195,51,53,NULL,NULL,'2014-09-18 04:49:39'),(1196,59,51,NULL,NULL,'2014-09-18 08:32:32'),(1197,59,51,NULL,NULL,'2014-09-18 08:32:47'),(1198,59,51,NULL,NULL,'2014-09-18 08:32:55'),(1199,59,51,NULL,NULL,'2014-09-18 08:33:16'),(1200,59,51,NULL,NULL,'2014-09-18 08:33:18'),(1201,59,51,NULL,NULL,'2014-09-18 08:33:35'),(1202,61,52,NULL,NULL,'2014-09-18 08:33:47'),(1203,61,54,NULL,NULL,'2014-09-18 08:34:31'),(1204,61,53,NULL,NULL,'2014-09-18 08:34:33'),(1205,61,51,NULL,NULL,'2014-09-18 08:34:39'),(1206,61,51,NULL,NULL,'2014-09-18 08:35:06'),(1207,61,51,NULL,NULL,'2014-09-18 08:35:29'),(1208,61,51,NULL,NULL,'2014-09-18 08:35:50'),(1209,61,51,NULL,NULL,'2014-09-18 08:35:53'),(1210,61,51,NULL,NULL,'2014-09-18 08:35:58'),(1211,61,51,NULL,NULL,'2014-09-18 08:36:27'),(1212,61,51,NULL,NULL,'2014-09-18 08:36:51'),(1213,61,51,NULL,NULL,'2014-09-18 08:36:58'),(1214,61,51,NULL,NULL,'2014-09-18 08:37:06'),(1215,61,52,NULL,NULL,'2014-09-18 08:40:12'),(1216,61,52,NULL,NULL,'2014-09-18 08:40:16'),(1217,61,52,NULL,NULL,'2014-09-18 08:43:01'),(1218,61,52,NULL,NULL,'2014-09-18 08:43:05'),(1219,61,52,NULL,NULL,'2014-09-18 08:44:21'),(1220,61,52,NULL,NULL,'2014-09-18 08:44:36'),(1221,61,52,NULL,NULL,'2014-09-18 08:44:49'),(1222,61,51,NULL,NULL,'2014-09-18 08:45:04'),(1223,61,51,NULL,NULL,'2014-09-18 08:45:17'),(1224,61,52,NULL,NULL,'2014-09-18 08:45:26'),(1225,61,52,NULL,NULL,'2014-09-18 08:45:29'),(1226,61,51,NULL,NULL,'2014-09-18 08:45:46'),(1227,61,51,NULL,NULL,'2014-09-18 08:46:02'),(1228,61,51,NULL,NULL,'2014-09-18 08:49:25'),(1229,61,51,NULL,NULL,'2014-09-18 08:50:18'),(1230,61,51,NULL,NULL,'2014-09-18 08:50:28'),(1231,61,51,NULL,NULL,'2014-09-18 08:53:54'),(1232,61,51,NULL,NULL,'2014-09-18 08:55:31'),(1233,61,51,NULL,NULL,'2014-09-18 08:56:45'),(1234,61,51,NULL,NULL,'2014-09-18 08:57:00'),(1235,61,51,NULL,NULL,'2014-09-18 08:57:11'),(1236,61,51,NULL,NULL,'2014-09-18 08:57:33'),(1237,61,51,NULL,NULL,'2014-09-18 08:58:41'),(1238,61,51,NULL,NULL,'2014-09-18 09:01:05'),(1239,61,51,NULL,NULL,'2014-09-18 09:01:18'),(1240,61,60,NULL,NULL,'2014-09-18 09:01:50'),(1241,61,60,NULL,NULL,'2014-09-18 09:01:56'),(1242,61,60,NULL,NULL,'2014-09-18 09:02:39'),(1243,61,60,NULL,NULL,'2014-09-18 09:04:41'),(1244,61,60,NULL,NULL,'2014-09-18 09:07:30'),(1245,61,53,NULL,NULL,'2014-09-18 09:07:35'),(1246,61,51,NULL,NULL,'2014-09-18 09:07:39'),(1247,61,51,NULL,NULL,'2014-09-18 09:07:47'),(1248,61,60,NULL,NULL,'2014-09-18 09:08:00'),(1249,61,60,NULL,NULL,'2014-09-18 09:09:40'),(1250,61,60,NULL,NULL,'2014-09-18 09:09:51'),(1251,61,51,NULL,NULL,'2014-09-18 09:10:10'),(1252,61,51,NULL,NULL,'2014-09-18 09:10:55'),(1253,61,51,NULL,NULL,'2014-09-18 09:11:08'),(1254,61,51,NULL,NULL,'2014-09-18 09:11:22'),(1255,61,51,NULL,NULL,'2014-09-18 09:11:55'),(1256,61,51,NULL,NULL,'2014-09-18 09:14:36'),(1257,61,51,NULL,NULL,'2014-09-18 09:14:52'),(1258,61,51,NULL,NULL,'2014-09-18 09:15:02'),(1259,61,60,NULL,NULL,'2014-09-18 09:15:21'),(1260,61,53,NULL,NULL,'2014-09-18 09:15:23'),(1261,61,53,NULL,NULL,'2014-09-18 09:15:27'),(1262,59,51,NULL,NULL,'2014-09-18 09:15:54'),(1263,61,53,NULL,NULL,'2014-09-18 09:18:10'),(1264,61,53,NULL,NULL,'2014-09-18 09:18:21'),(1265,61,51,NULL,NULL,'2014-09-18 09:18:25'),(1266,61,51,NULL,NULL,'2014-09-18 09:18:41'),(1267,61,53,NULL,NULL,'2014-09-18 09:18:54'),(1268,61,53,NULL,NULL,'2014-09-18 09:19:07'),(1269,61,51,NULL,NULL,'2014-09-18 09:19:09'),(1270,61,51,NULL,NULL,'2014-09-18 09:20:08'),(1271,61,51,NULL,NULL,'2014-09-18 09:20:32'),(1272,61,51,NULL,NULL,'2014-09-18 09:22:08'),(1273,61,51,NULL,NULL,'2014-09-18 09:23:53'),(1274,61,51,NULL,NULL,'2014-09-18 09:24:29'),(1275,61,51,NULL,NULL,'2014-09-18 09:24:52'),(1276,61,51,NULL,NULL,'2014-09-18 09:25:49'),(1277,61,51,NULL,NULL,'2014-09-18 09:26:14'),(1278,61,51,NULL,NULL,'2014-09-18 09:41:08'),(1279,51,59,NULL,NULL,'2014-09-24 04:37:37'),(1280,51,59,NULL,NULL,'2014-09-24 04:38:12'),(1281,51,NULL,NULL,6,'2014-09-24 04:39:01'),(1282,51,53,NULL,NULL,'2014-09-24 04:39:06'),(1283,51,57,NULL,NULL,'2014-09-24 05:16:31'),(1284,51,54,NULL,NULL,'2014-09-24 05:16:35'),(1285,3,70,NULL,NULL,'2014-09-29 02:46:29'),(1286,51,55,NULL,NULL,'2014-09-29 04:37:55'),(1287,51,54,NULL,NULL,'2014-09-29 04:37:59'),(1288,51,55,NULL,NULL,'2014-09-29 04:38:02'),(1289,51,56,NULL,NULL,'2014-09-29 04:38:05'),(1290,51,55,NULL,NULL,'2014-09-29 04:38:08'),(1291,51,61,NULL,NULL,'2014-09-29 04:38:21'),(1292,51,57,NULL,NULL,'2014-09-29 04:38:29'),(1293,51,53,NULL,NULL,'2014-09-29 04:38:32'),(1294,51,57,NULL,NULL,'2014-09-29 04:38:39'),(1295,51,54,NULL,NULL,'2014-09-29 04:38:45'),(1296,51,61,NULL,NULL,'2014-09-29 07:54:03'),(1297,51,64,NULL,NULL,'2014-09-29 07:55:31'),(1298,51,63,NULL,NULL,'2014-09-29 07:55:54'),(1299,51,61,NULL,NULL,'2014-09-29 07:56:02'),(1300,51,60,NULL,NULL,'2014-09-29 07:56:10'),(1301,51,59,NULL,NULL,'2014-09-29 07:56:14'),(1302,51,58,NULL,NULL,'2014-09-29 07:56:18'),(1303,51,58,NULL,NULL,'2014-09-29 07:56:22'),(1304,51,52,NULL,NULL,'2014-09-30 05:04:44'),(1305,51,52,NULL,NULL,'2014-09-30 05:05:50'),(1306,51,52,NULL,NULL,'2014-09-30 05:05:52'),(1307,51,52,NULL,NULL,'2014-09-30 05:05:53'),(1308,51,52,NULL,NULL,'2014-09-30 05:05:55'),(1309,51,52,NULL,NULL,'2014-09-30 05:06:35'),(1310,51,63,NULL,NULL,'2014-09-30 05:06:36'),(1311,51,63,NULL,NULL,'2014-09-30 05:06:39'),(1312,51,63,NULL,NULL,'2014-09-30 05:06:42'),(1313,51,63,NULL,NULL,'2014-09-30 05:06:45'),(1314,51,52,NULL,NULL,'2014-09-30 05:06:48'),(1315,51,59,NULL,NULL,'2014-09-30 07:10:16'),(1316,51,92,NULL,NULL,'2014-10-01 09:54:15'),(1317,51,NULL,29,NULL,'2014-10-06 03:21:41'),(1318,51,NULL,28,NULL,'2014-10-06 03:21:45'),(1319,51,NULL,27,NULL,'2014-10-06 03:21:48'),(1320,51,59,NULL,NULL,'2014-10-06 06:45:33'),(1321,53,NULL,NULL,3,'2014-10-06 06:57:15'),(1322,53,NULL,NULL,3,'2014-10-06 06:57:23'),(1323,53,NULL,NULL,3,'2014-10-06 07:08:50'),(1324,53,NULL,NULL,3,'2014-10-06 07:13:02'),(1325,53,NULL,NULL,3,'2014-10-06 07:13:39'),(1326,51,52,NULL,NULL,'2014-10-09 03:46:43'),(1327,51,52,NULL,NULL,'2014-10-09 04:12:42'),(1328,52,NULL,NULL,3,'2014-10-09 04:28:55'),(1329,52,NULL,NULL,3,'2014-10-09 05:07:11'),(1330,52,NULL,NULL,3,'2014-10-09 05:07:14'),(1331,52,NULL,NULL,3,'2014-10-09 05:08:57'),(1332,51,92,NULL,NULL,'2014-10-10 02:33:36'),(1333,51,63,NULL,NULL,'2014-10-10 02:33:50'),(1334,51,63,NULL,NULL,'2014-10-10 02:33:55'),(1335,51,63,NULL,NULL,'2014-10-10 02:33:58'),(1336,51,63,NULL,NULL,'2014-10-10 09:34:27'),(1337,51,52,NULL,NULL,'2014-10-10 09:35:37'),(1338,51,2,NULL,NULL,'2014-10-10 09:37:59'),(1339,51,2,NULL,NULL,'2014-10-10 09:38:09'),(1340,51,2,NULL,NULL,'2014-10-10 09:38:23'),(1341,51,61,NULL,NULL,'2014-10-10 09:39:48'),(1342,51,60,NULL,NULL,'2014-10-10 09:39:50'),(1343,51,65,NULL,NULL,'2014-10-10 09:39:52'),(1344,51,56,NULL,NULL,'2014-10-10 09:39:53'),(1345,51,2,NULL,NULL,'2014-10-10 09:39:55'),(1346,51,63,NULL,NULL,'2014-10-10 09:39:56'),(1347,51,53,NULL,NULL,'2014-10-10 09:40:04'),(1348,51,53,NULL,NULL,'2014-10-13 01:17:23'),(1349,51,2,NULL,NULL,'2014-10-13 01:17:26'),(1350,52,51,NULL,NULL,'2014-10-15 03:09:38'),(1351,51,52,NULL,NULL,'2014-10-15 03:46:51'),(1352,51,52,NULL,NULL,'2014-10-15 03:56:46'),(1353,51,53,NULL,NULL,'2014-10-15 03:57:47'),(1354,51,NULL,11,NULL,'2014-10-15 03:58:59'),(1355,52,NULL,NULL,3,'2014-10-15 04:06:26'),(1356,52,NULL,NULL,3,'2014-10-15 04:06:39'),(1357,51,52,NULL,NULL,'2014-10-15 04:07:43'),(1358,52,NULL,NULL,3,'2014-10-15 04:07:54'),(1359,51,52,NULL,NULL,'2014-10-15 04:08:11'),(1360,52,51,NULL,NULL,'2014-10-15 04:10:42'),(1361,52,NULL,NULL,3,'2014-10-15 04:11:28'),(1362,52,NULL,NULL,3,'2014-10-15 04:18:23'),(1363,52,51,NULL,NULL,'2014-10-15 04:18:28'),(1364,52,NULL,NULL,3,'2014-10-15 04:18:37'),(1365,52,NULL,NULL,3,'2014-10-15 04:25:24'),(1366,52,NULL,NULL,3,'2014-10-15 04:26:25'),(1367,52,51,NULL,NULL,'2014-10-15 04:26:30'),(1368,52,NULL,NULL,3,'2014-10-15 04:26:32'),(1369,52,NULL,NULL,3,'2014-10-15 04:30:27'),(1370,52,NULL,NULL,3,'2014-10-15 04:52:12'),(1371,52,NULL,NULL,3,'2014-10-15 04:52:49'),(1372,51,54,NULL,NULL,'2014-10-15 05:04:03'),(1373,51,53,NULL,NULL,'2014-10-15 05:04:13'),(1374,52,51,NULL,NULL,'2014-10-15 09:00:24'),(1375,52,51,NULL,NULL,'2014-10-15 09:00:31'),(1376,52,51,NULL,NULL,'2014-10-15 09:00:59'),(1377,52,51,NULL,NULL,'2014-10-15 09:02:46'),(1378,52,51,NULL,NULL,'2014-10-15 09:03:08'),(1379,52,51,NULL,NULL,'2014-10-15 09:03:35'),(1380,52,51,NULL,NULL,'2014-10-15 09:03:43'),(1381,52,51,NULL,NULL,'2014-10-15 09:03:58'),(1382,52,51,NULL,NULL,'2014-10-15 09:04:14'),(1383,52,51,NULL,NULL,'2014-10-15 09:04:23'),(1384,52,51,NULL,NULL,'2014-10-15 09:04:35'),(1385,52,51,NULL,NULL,'2014-10-15 09:04:37'),(1386,52,51,NULL,NULL,'2014-10-15 09:04:38'),(1387,52,51,NULL,NULL,'2014-10-15 09:13:02'),(1388,52,51,NULL,NULL,'2014-10-15 09:13:45'),(1389,52,51,NULL,NULL,'2014-10-15 09:14:42'),(1390,52,51,NULL,NULL,'2014-10-15 09:15:01'),(1391,52,51,NULL,NULL,'2014-10-15 09:15:09'),(1392,52,51,NULL,NULL,'2014-10-15 09:15:17'),(1393,51,53,NULL,NULL,'2014-10-15 09:23:44'),(1394,52,NULL,38,NULL,'2014-10-16 09:32:34'),(1395,52,NULL,38,NULL,'2014-10-16 09:34:50'),(1396,52,NULL,38,NULL,'2014-10-16 09:42:20');

/*!40101 SET SQL_MODE=@OLD_SQL_MODE */;
/*!40014 SET FOREIGN_KEY_CHECKS=@OLD_FOREIGN_KEY_CHECKS */;
/*!40014 SET UNIQUE_CHECKS=@OLD_UNIQUE_CHECKS */;
/*!40111 SET SQL_NOTES=@OLD_SQL_NOTES */;
